timestamp,pc_id,state,user_id,session_ttl_remaining
2026-04-01 00:00:00,Lab_202_PC001,Idle,AnonUser_0156,45
2026-04-01 00:00:00,Lab_202_PC002,Offline,N/A,N/A
2026-04-01 00:00:00,Lab_202_PC003,Offline,N/A,N/A
2026-04-01 00:00:00,Lab_202_PC004,Offline,N/A,N/A
2026-04-01 00:00:00,Lab_202_PC005,Offline,N/A,N/A
2026-04-01 00:00:00,Lab_202_PC006,Offline,N/A,N/A
2026-04-01 00:00:00,Lab_202_PC007,Offline,N/A,N/A
2026-04-01 00:00:00,Lab_202_PC008,Offline,N/A,N/A
2026-04-01 00:00:00,Lab_202_PC009,Offline,N/A,N/A
2026-04-01 00:00:00,Lab_202_PC010,Offline,N/A,N/A
2026-04-01 00:00:00,Lab_202_PC011,Offline,N/A,N/A
2026-04-01 00:00:00,Lab_202_PC012,Offline,N/A,N/A
2026-04-01 00:00:00,Lab_202_PC013,Offline,N/A,N/A
2026-04-01 00:00:00,Lab_202_PC014,Offline,N/A,N/A
2026-04-01 00:00:00,Lab_202_PC015,Offline,N/A,N/A
2026-04-01 00:00:00,Lab_202_PC016,Offline,N/A,N/A
2026-04-01 00:00:00,Lab_202_PC017,Offline,N/A,N/A
2026-04-01 00:00:00,Lab_202_PC018,Offline,N/A,N/A
2026-04-01 00:00:00,Lab_202_PC019,Offline,N/A,N/A
2026-04-01 00:00:00,Lab_202_PC020,Offline,N/A,N/A
2026-04-01 00:00:00,Lab_202_PC021,Offline,N/A,N/A
2026-04-01 00:00:00,Lab_202_PC022,Offline,N/A,N/A
2026-04-01 00:00:00,Lab_202_PC023,Offline,N/A,N/A
2026-04-01 00:00:00,Lab_202_PC024,Offline,N/A,N/A
2026-04-01 00:00:00,Lab_202_PC025,Offline,N/A,N/A
2026-04-01 00:00:00,Lab_202_PC026,Offline,N/A,N/A
2026-04-01 00:00:00,Lab_202_PC027,In Use,AnonUser_0057,75
2026-04-01 00:00:00,Lab_202_PC028,Offline,N/A,N/A
2026-04-01 00:00:00,Lab_202_PC029,Offline,N/A,N/A
2026-04-01 00:00:00,Lab_202_PC030,Offline,N/A,N/A
2026-04-01 00:00:00,Lab_206_PC031,Offline,N/A,N/A
2026-04-01 00:00:00,Lab_206_PC032,Offline,N/A,N/A
2026-04-01 00:00:00,Lab_206_PC033,Offline,N/A,N/A
2026-04-01 00:00:00,Lab_206_PC034,Offline,N/A,N/A
2026-04-01 00:00:00,Lab_206_PC035,Offline,N/A,N/A
2026-04-01 00:00:00,Lab_206_PC036,Offline,N/A,N/A
2026-04-01 00:00:00,Lab_206_PC037,Offline,N/A,N/A
2026-04-01 00:00:00,Lab_206_PC038,Idle,AnonUser_0155,60
2026-04-01 00:00:00,Lab_206_PC039,Offline,N/A,N/A
2026-04-01 00:00:00,Lab_206_PC040,Offline,N/A,N/A
2026-04-01 00:00:00,Lab_206_PC041,Offline,N/A,N/A
2026-04-01 00:00:00,Lab_206_PC042,Offline,N/A,N/A
2026-04-01 00:00:00,Lab_206_PC043,Offline,N/A,N/A
2026-04-01 00:00:00,Lab_206_PC044,Offline,N/A,N/A
2026-04-01 00:00:00,Lab_206_PC045,Offline,N/A,N/A
2026-04-01 00:00:00,Lab_206_PC046,In Use,AnonUser_0170,15
2026-04-01 00:00:00,Lab_206_PC047,Offline,N/A,N/A
2026-04-01 00:00:00,Lab_206_PC048,Offline,N/A,N/A
2026-04-01 00:00:00,Lab_206_PC049,Offline,N/A,N/A
2026-04-01 00:00:00,Lab_206_PC050,Offline,N/A,N/A
2026-04-01 00:00:00,Lab_206_PC051,Offline,N/A,N/A
2026-04-01 00:00:00,Lab_206_PC052,Offline,N/A,N/A
2026-04-01 00:00:00,Lab_206_PC053,Offline,N/A,N/A
2026-04-01 00:00:00,Lab_206_PC054,Offline,N/A,N/A
2026-04-01 00:00:00,Lab_206_PC055,Offline,N/A,N/A
2026-04-01 00:00:00,Lab_206_PC056,Offline,N/A,N/A
2026-04-01 00:00:00,Lab_206_PC057,Offline,N/A,N/A
2026-04-01 00:00:00,Lab_206_PC058,Offline,N/A,N/A
2026-04-01 00:00:00,Lab_206_PC059,In Use,AnonUser_0127,105
2026-04-01 00:00:00,Lab_206_PC060,Idle,AnonUser_0134,45
2026-04-01 00:00:00,Lab_210_PC061,Offline,N/A,N/A
2026-04-01 00:00:00,Lab_210_PC062,Offline,N/A,N/A
2026-04-01 00:00:00,Lab_210_PC063,Offline,N/A,N/A
2026-04-01 00:00:00,Lab_210_PC064,Offline,N/A,N/A
2026-04-01 00:00:00,Lab_210_PC065,Offline,N/A,N/A
2026-04-01 00:00:00,Lab_210_PC066,Offline,N/A,N/A
2026-04-01 00:00:00,Lab_210_PC067,Offline,N/A,N/A
2026-04-01 00:00:00,Lab_210_PC068,Offline,N/A,N/A
2026-04-01 00:00:00,Lab_210_PC069,Offline,N/A,N/A
2026-04-01 00:00:00,Lab_210_PC070,Offline,N/A,N/A
2026-04-01 00:00:00,Lab_210_PC071,Offline,N/A,N/A
2026-04-01 00:00:00,Lab_210_PC072,Offline,N/A,N/A
2026-04-01 00:00:00,Lab_210_PC073,Offline,N/A,N/A
2026-04-01 00:00:00,Lab_210_PC074,Offline,N/A,N/A
2026-04-01 00:00:00,Lab_210_PC075,Offline,N/A,N/A
2026-04-01 00:00:00,Lab_210_PC076,Offline,N/A,N/A
2026-04-01 00:00:00,Lab_210_PC077,Offline,N/A,N/A
2026-04-01 00:00:00,Lab_210_PC078,Offline,N/A,N/A
2026-04-01 00:00:00,Lab_210_PC079,Offline,N/A,N/A
2026-04-01 00:00:00,Lab_210_PC080,Offline,N/A,N/A
2026-04-01 00:00:00,Lab_210_PC081,Offline,N/A,N/A
2026-04-01 00:00:00,Lab_219_PC082,Offline,N/A,N/A
2026-04-01 00:00:00,Lab_219_PC083,Offline,N/A,N/A
2026-04-01 00:00:00,Lab_219_PC084,Offline,N/A,N/A
2026-04-01 00:00:00,Lab_219_PC085,Offline,N/A,N/A
2026-04-01 00:00:00,Lab_219_PC086,Offline,N/A,N/A
2026-04-01 00:00:00,Lab_219_PC087,Offline,N/A,N/A
2026-04-01 00:00:00,Lab_219_PC088,Offline,N/A,N/A
2026-04-01 00:00:00,Lab_219_PC089,Offline,N/A,N/A
2026-04-01 00:00:00,Lab_219_PC090,Offline,N/A,N/A
2026-04-01 00:00:00,Lab_219_PC091,Offline,N/A,N/A
2026-04-01 00:00:00,Lab_219_PC092,Offline,N/A,N/A
2026-04-01 00:00:00,Lab_219_PC093,Offline,N/A,N/A
2026-04-01 00:00:00,Lab_219_PC094,Offline,N/A,N/A
2026-04-01 00:00:00,Lab_219_PC095,Offline,N/A,N/A
2026-04-01 00:00:00,Lab_219_PC096,Offline,N/A,N/A
2026-04-01 00:00:00,Lab_219_PC097,Offline,N/A,N/A
2026-04-01 00:00:00,Lab_219_PC098,Offline,N/A,N/A
2026-04-01 00:00:00,Lab_219_PC099,Offline,N/A,N/A
2026-04-01 00:00:00,Lab_219_PC100,Offline,N/A,N/A
2026-04-01 00:00:00,Lab_219_PC101,Offline,N/A,N/A
2026-04-01 00:00:00,Lab_219_PC102,Offline,N/A,N/A
2026-04-01 00:00:00,Lab_219_PC103,Offline,N/A,N/A
2026-04-01 00:00:00,Lab_219_PC104,Offline,N/A,N/A
2026-04-01 00:00:00,Lab_219_PC105,Idle,AnonUser_0066,105
2026-04-01 00:00:00,Lab_219_PC106,Offline,N/A,N/A
2026-04-01 00:00:00,Lab_219_PC107,Offline,N/A,N/A
2026-04-01 00:00:00,Lab_219_PC108,Offline,N/A,N/A
2026-04-01 00:00:00,Lab_219_PC109,Offline,N/A,N/A
2026-04-01 00:00:00,Lab_219_PC110,Offline,N/A,N/A
2026-04-01 00:00:00,Lab_219_PC111,Offline,N/A,N/A
2026-04-01 00:00:00,Lab_219_PC112,Offline,N/A,N/A
2026-04-01 00:00:00,Lab_219_PC113,Offline,N/A,N/A
2026-04-01 00:00:00,Lab_219_PC114,Offline,N/A,N/A
2026-04-01 00:00:00,Lab_219_PC115,Offline,N/A,N/A
2026-04-01 00:00:00,Lab_219_PC116,Offline,N/A,N/A
2026-04-01 00:00:00,Lab_219_PC117,Offline,N/A,N/A
2026-04-01 00:00:00,Lab_219_PC118,Offline,N/A,N/A
2026-04-01 00:00:00,Lab_219_PC119,Offline,N/A,N/A
2026-04-01 00:00:00,Lab_219_PC120,Offline,N/A,N/A
2026-04-01 00:00:00,Lab_219_PC121,Offline,N/A,N/A
2026-04-01 00:00:00,Lab_219_PC122,Offline,N/A,N/A
2026-04-01 00:00:00,Lab_219_PC123,Offline,N/A,N/A
2026-04-01 00:00:00,Lab_219_PC124,Offline,N/A,N/A
2026-04-01 00:00:00,Lab_219_PC125,Offline,N/A,N/A
2026-04-01 00:00:00,Lab_219_PC126,Idle,AnonUser_0177,105
2026-04-01 00:00:00,Lab_219_PC127,Offline,N/A,N/A
2026-04-01 00:00:00,Lab_219_PC128,Offline,N/A,N/A
2026-04-01 00:00:00,Lab_219_PC129,Offline,N/A,N/A
2026-04-01 00:00:00,Lab_219_PC130,Offline,N/A,N/A
2026-04-01 00:00:00,Lab_219_PC131,Offline,N/A,N/A
2026-04-01 00:00:00,Lab_219_PC132,Offline,N/A,N/A
2026-04-01 00:00:00,Lab_219_PC133,Offline,N/A,N/A
2026-04-01 00:00:00,Lab_219_PC134,Offline,N/A,N/A
2026-04-01 00:00:00,Lab_219_PC135,Offline,N/A,N/A
2026-04-01 00:00:00,Lab_219_PC136,Offline,N/A,N/A
2026-04-01 00:00:00,Lab_219_PC137,Offline,N/A,N/A
2026-04-01 00:00:00,Lab_219_PC138,Offline,N/A,N/A
2026-04-01 00:00:00,Lab_219_PC139,Offline,N/A,N/A
2026-04-01 00:00:00,Lab_219_PC140,Offline,N/A,N/A
2026-04-01 00:00:00,Lab_219_PC141,Offline,N/A,N/A
2026-04-01 00:00:00,Lab_219_PC142,Offline,N/A,N/A
2026-04-01 00:00:00,Lab_219_PC143,In Use,AnonUser_0007,15
2026-04-01 00:00:00,Lab_219_PC144,Offline,N/A,N/A
2026-04-01 00:00:00,Lab_219_PC145,Offline,N/A,N/A
2026-04-01 00:00:00,Lab_219_PC146,Offline,N/A,N/A
2026-04-01 00:00:00,Lab_219_PC147,Offline,N/A,N/A
2026-04-01 00:00:00,Lab_219_PC148,Offline,N/A,N/A
2026-04-01 00:00:00,Lab_219_PC149,Offline,N/A,N/A
2026-04-01 00:00:00,Lab_219_PC150,Offline,N/A,N/A
2026-04-01 00:00:00,Lab_219_PC151,Offline,N/A,N/A
2026-04-01 00:00:00,Lab_219_PC152,Offline,N/A,N/A
2026-04-01 00:00:00,Lab_219_PC153,Offline,N/A,N/A
2026-04-01 00:00:00,Lab_219_PC154,Offline,N/A,N/A
2026-04-01 00:00:00,Lab_219_PC155,Offline,N/A,N/A
2026-04-01 00:00:00,Lab_219_PC156,Offline,N/A,N/A
2026-04-01 00:00:00,Lab_219_PC157,Offline,N/A,N/A
2026-04-01 00:00:00,Lab_219_PC158,Offline,N/A,N/A
2026-04-01 00:00:00,Lab_219_PC159,Offline,N/A,N/A
2026-04-01 00:00:00,Lab_219_PC160,Offline,N/A,N/A
2026-04-01 00:00:00,Lab_219_PC161,Offline,N/A,N/A
2026-04-01 00:00:00,Lab_219_PC162,Offline,N/A,N/A
2026-04-01 00:00:00,Lab_219_PC163,Offline,N/A,N/A
2026-04-01 00:00:00,Lab_219_PC164,Offline,N/A,N/A
2026-04-01 00:00:00,Lab_219_PC165,Offline,N/A,N/A
2026-04-01 00:00:00,Lab_219_PC166,Offline,N/A,N/A
2026-04-01 00:00:00,Lab_219_PC167,Offline,N/A,N/A
2026-04-01 00:00:00,Lab_219_PC168,Offline,N/A,N/A
2026-04-01 00:00:00,Lab_219_PC169,Offline,N/A,N/A
2026-04-01 00:00:00,Lab_219_PC170,Offline,N/A,N/A
2026-04-01 00:00:00,Lab_219_PC171,Offline,N/A,N/A
2026-04-01 00:00:00,Lab_219_PC172,Offline,N/A,N/A
2026-04-01 00:00:00,Lab_219_PC173,Offline,N/A,N/A
2026-04-01 00:00:00,Lab_219_PC174,Offline,N/A,N/A
2026-04-01 00:00:00,Lab_219_PC175,Offline,N/A,N/A
2026-04-01 00:00:00,Lab_219_PC176,Offline,N/A,N/A
2026-04-01 00:00:00,Lab_219_PC177,Offline,N/A,N/A
2026-04-01 00:00:00,Lab_219_PC178,Offline,N/A,N/A
2026-04-01 00:00:00,Lab_219_PC179,Offline,N/A,N/A
2026-04-01 00:15:00,Lab_202_PC001,In Use,AnonUser_0156,30
2026-04-01 00:15:00,Lab_202_PC002,Offline,N/A,N/A
2026-04-01 00:15:00,Lab_202_PC003,Offline,N/A,N/A
2026-04-01 00:15:00,Lab_202_PC004,Offline,N/A,N/A
2026-04-01 00:15:00,Lab_202_PC005,Offline,N/A,N/A
2026-04-01 00:15:00,Lab_202_PC006,Offline,N/A,N/A
2026-04-01 00:15:00,Lab_202_PC007,Offline,N/A,N/A
2026-04-01 00:15:00,Lab_202_PC008,Offline,N/A,N/A
2026-04-01 00:15:00,Lab_202_PC009,Offline,N/A,N/A
2026-04-01 00:15:00,Lab_202_PC010,Offline,N/A,N/A
2026-04-01 00:15:00,Lab_202_PC011,Offline,N/A,N/A
2026-04-01 00:15:00,Lab_202_PC012,Offline,N/A,N/A
2026-04-01 00:15:00,Lab_202_PC013,Offline,N/A,N/A
2026-04-01 00:15:00,Lab_202_PC014,Offline,N/A,N/A
2026-04-01 00:15:00,Lab_202_PC015,Offline,N/A,N/A
2026-04-01 00:15:00,Lab_202_PC016,Offline,N/A,N/A
2026-04-01 00:15:00,Lab_202_PC017,Offline,N/A,N/A
2026-04-01 00:15:00,Lab_202_PC018,Offline,N/A,N/A
2026-04-01 00:15:00,Lab_202_PC019,Offline,N/A,N/A
2026-04-01 00:15:00,Lab_202_PC020,Offline,N/A,N/A
2026-04-01 00:15:00,Lab_202_PC021,Offline,N/A,N/A
2026-04-01 00:15:00,Lab_202_PC022,Offline,N/A,N/A
2026-04-01 00:15:00,Lab_202_PC023,Idle,AnonUser_0002,210
2026-04-01 00:15:00,Lab_202_PC024,Offline,N/A,N/A
2026-04-01 00:15:00,Lab_202_PC025,Offline,N/A,N/A
2026-04-01 00:15:00,Lab_202_PC026,Offline,N/A,N/A
2026-04-01 00:15:00,Lab_202_PC027,In Use,AnonUser_0057,60
2026-04-01 00:15:00,Lab_202_PC028,Offline,N/A,N/A
2026-04-01 00:15:00,Lab_202_PC029,Offline,N/A,N/A
2026-04-01 00:15:00,Lab_202_PC030,Offline,N/A,N/A
2026-04-01 00:15:00,Lab_206_PC031,Offline,N/A,N/A
2026-04-01 00:15:00,Lab_206_PC032,Offline,N/A,N/A
2026-04-01 00:15:00,Lab_206_PC033,Offline,N/A,N/A
2026-04-01 00:15:00,Lab_206_PC034,Offline,N/A,N/A
2026-04-01 00:15:00,Lab_206_PC035,Offline,N/A,N/A
2026-04-01 00:15:00,Lab_206_PC036,Offline,N/A,N/A
2026-04-01 00:15:00,Lab_206_PC037,Offline,N/A,N/A
2026-04-01 00:15:00,Lab_206_PC038,In Use,AnonUser_0155,45
2026-04-01 00:15:00,Lab_206_PC039,Offline,N/A,N/A
2026-04-01 00:15:00,Lab_206_PC040,Offline,N/A,N/A
2026-04-01 00:15:00,Lab_206_PC041,Offline,N/A,N/A
2026-04-01 00:15:00,Lab_206_PC042,Offline,N/A,N/A
2026-04-01 00:15:00,Lab_206_PC043,Offline,N/A,N/A
2026-04-01 00:15:00,Lab_206_PC044,Offline,N/A,N/A
2026-04-01 00:15:00,Lab_206_PC045,Offline,N/A,N/A
2026-04-01 00:15:00,Lab_206_PC046,In Use,AnonUser_0170,0
2026-04-01 00:15:00,Lab_206_PC047,Offline,N/A,N/A
2026-04-01 00:15:00,Lab_206_PC048,Offline,N/A,N/A
2026-04-01 00:15:00,Lab_206_PC049,Offline,N/A,N/A
2026-04-01 00:15:00,Lab_206_PC050,Offline,N/A,N/A
2026-04-01 00:15:00,Lab_206_PC051,Offline,N/A,N/A
2026-04-01 00:15:00,Lab_206_PC052,Offline,N/A,N/A
2026-04-01 00:15:00,Lab_206_PC053,Offline,N/A,N/A
2026-04-01 00:15:00,Lab_206_PC054,Offline,N/A,N/A
2026-04-01 00:15:00,Lab_206_PC055,Offline,N/A,N/A
2026-04-01 00:15:00,Lab_206_PC056,Offline,N/A,N/A
2026-04-01 00:15:00,Lab_206_PC057,Offline,N/A,N/A
2026-04-01 00:15:00,Lab_206_PC058,In Use,AnonUser_0132,195
2026-04-01 00:15:00,Lab_206_PC059,In Use,AnonUser_0127,90
2026-04-01 00:15:00,Lab_206_PC060,In Use,AnonUser_0134,30
2026-04-01 00:15:00,Lab_210_PC061,Offline,N/A,N/A
2026-04-01 00:15:00,Lab_210_PC062,Offline,N/A,N/A
2026-04-01 00:15:00,Lab_210_PC063,Offline,N/A,N/A
2026-04-01 00:15:00,Lab_210_PC064,Offline,N/A,N/A
2026-04-01 00:15:00,Lab_210_PC065,Offline,N/A,N/A
2026-04-01 00:15:00,Lab_210_PC066,Offline,N/A,N/A
2026-04-01 00:15:00,Lab_210_PC067,Offline,N/A,N/A
2026-04-01 00:15:00,Lab_210_PC068,Idle,AnonUser_0084,120
2026-04-01 00:15:00,Lab_210_PC069,Offline,N/A,N/A
2026-04-01 00:15:00,Lab_210_PC070,Offline,N/A,N/A
2026-04-01 00:15:00,Lab_210_PC071,Offline,N/A,N/A
2026-04-01 00:15:00,Lab_210_PC072,Offline,N/A,N/A
2026-04-01 00:15:00,Lab_210_PC073,Offline,N/A,N/A
2026-04-01 00:15:00,Lab_210_PC074,Idle,AnonUser_0058,45
2026-04-01 00:15:00,Lab_210_PC075,Offline,N/A,N/A
2026-04-01 00:15:00,Lab_210_PC076,Offline,N/A,N/A
2026-04-01 00:15:00,Lab_210_PC077,Offline,N/A,N/A
2026-04-01 00:15:00,Lab_210_PC078,Offline,N/A,N/A
2026-04-01 00:15:00,Lab_210_PC079,Offline,N/A,N/A
2026-04-01 00:15:00,Lab_210_PC080,Offline,N/A,N/A
2026-04-01 00:15:00,Lab_210_PC081,Offline,N/A,N/A
2026-04-01 00:15:00,Lab_219_PC082,Offline,N/A,N/A
2026-04-01 00:15:00,Lab_219_PC083,Offline,N/A,N/A
2026-04-01 00:15:00,Lab_219_PC084,Offline,N/A,N/A
2026-04-01 00:15:00,Lab_219_PC085,Offline,N/A,N/A
2026-04-01 00:15:00,Lab_219_PC086,Offline,N/A,N/A
2026-04-01 00:15:00,Lab_219_PC087,Offline,N/A,N/A
2026-04-01 00:15:00,Lab_219_PC088,Offline,N/A,N/A
2026-04-01 00:15:00,Lab_219_PC089,Offline,N/A,N/A
2026-04-01 00:15:00,Lab_219_PC090,Offline,N/A,N/A
2026-04-01 00:15:00,Lab_219_PC091,Offline,N/A,N/A
2026-04-01 00:15:00,Lab_219_PC092,Offline,N/A,N/A
2026-04-01 00:15:00,Lab_219_PC093,Offline,N/A,N/A
2026-04-01 00:15:00,Lab_219_PC094,Offline,N/A,N/A
2026-04-01 00:15:00,Lab_219_PC095,Offline,N/A,N/A
2026-04-01 00:15:00,Lab_219_PC096,Idle,AnonUser_0016,45
2026-04-01 00:15:00,Lab_219_PC097,Offline,N/A,N/A
2026-04-01 00:15:00,Lab_219_PC098,Offline,N/A,N/A
2026-04-01 00:15:00,Lab_219_PC099,Offline,N/A,N/A
2026-04-01 00:15:00,Lab_219_PC100,Offline,N/A,N/A
2026-04-01 00:15:00,Lab_219_PC101,Offline,N/A,N/A
2026-04-01 00:15:00,Lab_219_PC102,Offline,N/A,N/A
2026-04-01 00:15:00,Lab_219_PC103,Offline,N/A,N/A
2026-04-01 00:15:00,Lab_219_PC104,Offline,N/A,N/A
2026-04-01 00:15:00,Lab_219_PC105,In Use,AnonUser_0066,90
2026-04-01 00:15:00,Lab_219_PC106,Offline,N/A,N/A
2026-04-01 00:15:00,Lab_219_PC107,Offline,N/A,N/A
2026-04-01 00:15:00,Lab_219_PC108,Offline,N/A,N/A
2026-04-01 00:15:00,Lab_219_PC109,Offline,N/A,N/A
2026-04-01 00:15:00,Lab_219_PC110,Offline,N/A,N/A
2026-04-01 00:15:00,Lab_219_PC111,Offline,N/A,N/A
2026-04-01 00:15:00,Lab_219_PC112,Offline,N/A,N/A
2026-04-01 00:15:00,Lab_219_PC113,Offline,N/A,N/A
2026-04-01 00:15:00,Lab_219_PC114,Offline,N/A,N/A
2026-04-01 00:15:00,Lab_219_PC115,Offline,N/A,N/A
2026-04-01 00:15:00,Lab_219_PC116,Offline,N/A,N/A
2026-04-01 00:15:00,Lab_219_PC117,Offline,N/A,N/A
2026-04-01 00:15:00,Lab_219_PC118,Offline,N/A,N/A
2026-04-01 00:15:00,Lab_219_PC119,Idle,AnonUser_0043,150
2026-04-01 00:15:00,Lab_219_PC120,Offline,N/A,N/A
2026-04-01 00:15:00,Lab_219_PC121,Offline,N/A,N/A
2026-04-01 00:15:00,Lab_219_PC122,Offline,N/A,N/A
2026-04-01 00:15:00,Lab_219_PC123,In Use,AnonUser_0026,135
2026-04-01 00:15:00,Lab_219_PC124,Offline,N/A,N/A
2026-04-01 00:15:00,Lab_219_PC125,Offline,N/A,N/A
2026-04-01 00:15:00,Lab_219_PC126,Idle,AnonUser_0177,90
2026-04-01 00:15:00,Lab_219_PC127,Offline,N/A,N/A
2026-04-01 00:15:00,Lab_219_PC128,Offline,N/A,N/A
2026-04-01 00:15:00,Lab_219_PC129,Offline,N/A,N/A
2026-04-01 00:15:00,Lab_219_PC130,Idle,AnonUser_0104,15
2026-04-01 00:15:00,Lab_219_PC131,Offline,N/A,N/A
2026-04-01 00:15:00,Lab_219_PC132,Offline,N/A,N/A
2026-04-01 00:15:00,Lab_219_PC133,Offline,N/A,N/A
2026-04-01 00:15:00,Lab_219_PC134,Offline,N/A,N/A
2026-04-01 00:15:00,Lab_219_PC135,Offline,N/A,N/A
2026-04-01 00:15:00,Lab_219_PC136,Offline,N/A,N/A
2026-04-01 00:15:00,Lab_219_PC137,Offline,N/A,N/A
2026-04-01 00:15:00,Lab_219_PC138,Offline,N/A,N/A
2026-04-01 00:15:00,Lab_219_PC139,Offline,N/A,N/A
2026-04-01 00:15:00,Lab_219_PC140,Offline,N/A,N/A
2026-04-01 00:15:00,Lab_219_PC141,Offline,N/A,N/A
2026-04-01 00:15:00,Lab_219_PC142,Offline,N/A,N/A
2026-04-01 00:15:00,Lab_219_PC143,Idle,AnonUser_0007,0
2026-04-01 00:15:00,Lab_219_PC144,Offline,N/A,N/A
2026-04-01 00:15:00,Lab_219_PC145,Offline,N/A,N/A
2026-04-01 00:15:00,Lab_219_PC146,Offline,N/A,N/A
2026-04-01 00:15:00,Lab_219_PC147,Offline,N/A,N/A
2026-04-01 00:15:00,Lab_219_PC148,Offline,N/A,N/A
2026-04-01 00:15:00,Lab_219_PC149,Idle,AnonUser_0150,120
2026-04-01 00:15:00,Lab_219_PC150,Offline,N/A,N/A
2026-04-01 00:15:00,Lab_219_PC151,Offline,N/A,N/A
2026-04-01 00:15:00,Lab_219_PC152,Offline,N/A,N/A
2026-04-01 00:15:00,Lab_219_PC153,Offline,N/A,N/A
2026-04-01 00:15:00,Lab_219_PC154,Offline,N/A,N/A
2026-04-01 00:15:00,Lab_219_PC155,Offline,N/A,N/A
2026-04-01 00:15:00,Lab_219_PC156,Offline,N/A,N/A
2026-04-01 00:15:00,Lab_219_PC157,Offline,N/A,N/A
2026-04-01 00:15:00,Lab_219_PC158,Offline,N/A,N/A
2026-04-01 00:15:00,Lab_219_PC159,Idle,AnonUser_0135,225
2026-04-01 00:15:00,Lab_219_PC160,Offline,N/A,N/A
2026-04-01 00:15:00,Lab_219_PC161,Idle,AnonUser_0100,105
2026-04-01 00:15:00,Lab_219_PC162,Offline,N/A,N/A
2026-04-01 00:15:00,Lab_219_PC163,Offline,N/A,N/A
2026-04-01 00:15:00,Lab_219_PC164,Offline,N/A,N/A
2026-04-01 00:15:00,Lab_219_PC165,Offline,N/A,N/A
2026-04-01 00:15:00,Lab_219_PC166,Offline,N/A,N/A
2026-04-01 00:15:00,Lab_219_PC167,Offline,N/A,N/A
2026-04-01 00:15:00,Lab_219_PC168,Offline,N/A,N/A
2026-04-01 00:15:00,Lab_219_PC169,Offline,N/A,N/A
2026-04-01 00:15:00,Lab_219_PC170,Offline,N/A,N/A
2026-04-01 00:15:00,Lab_219_PC171,Idle,AnonUser_0129,45
2026-04-01 00:15:00,Lab_219_PC172,Offline,N/A,N/A
2026-04-01 00:15:00,Lab_219_PC173,Offline,N/A,N/A
2026-04-01 00:15:00,Lab_219_PC174,Offline,N/A,N/A
2026-04-01 00:15:00,Lab_219_PC175,Offline,N/A,N/A
2026-04-01 00:15:00,Lab_219_PC176,Offline,N/A,N/A
2026-04-01 00:15:00,Lab_219_PC177,Offline,N/A,N/A
2026-04-01 00:15:00,Lab_219_PC178,Offline,N/A,N/A
2026-04-01 00:15:00,Lab_219_PC179,Offline,N/A,N/A
2026-04-01 00:30:00,Lab_202_PC001,In Use,AnonUser_0156,15
2026-04-01 00:30:00,Lab_202_PC002,Offline,N/A,N/A
2026-04-01 00:30:00,Lab_202_PC003,Offline,N/A,N/A
2026-04-01 00:30:00,Lab_202_PC004,Offline,N/A,N/A
2026-04-01 00:30:00,Lab_202_PC005,Offline,N/A,N/A
2026-04-01 00:30:00,Lab_202_PC006,Offline,N/A,N/A
2026-04-01 00:30:00,Lab_202_PC007,Offline,N/A,N/A
2026-04-01 00:30:00,Lab_202_PC008,Offline,N/A,N/A
2026-04-01 00:30:00,Lab_202_PC009,Offline,N/A,N/A
2026-04-01 00:30:00,Lab_202_PC010,Offline,N/A,N/A
2026-04-01 00:30:00,Lab_202_PC011,Offline,N/A,N/A
2026-04-01 00:30:00,Lab_202_PC012,Offline,N/A,N/A
2026-04-01 00:30:00,Lab_202_PC013,Offline,N/A,N/A
2026-04-01 00:30:00,Lab_202_PC014,In Use,AnonUser_0068,150
2026-04-01 00:30:00,Lab_202_PC015,Offline,N/A,N/A
2026-04-01 00:30:00,Lab_202_PC016,Offline,N/A,N/A
2026-04-01 00:30:00,Lab_202_PC017,Offline,N/A,N/A
2026-04-01 00:30:00,Lab_202_PC018,Offline,N/A,N/A
2026-04-01 00:30:00,Lab_202_PC019,Offline,N/A,N/A
2026-04-01 00:30:00,Lab_202_PC020,Offline,N/A,N/A
2026-04-01 00:30:00,Lab_202_PC021,Offline,N/A,N/A
2026-04-01 00:30:00,Lab_202_PC022,Offline,N/A,N/A
2026-04-01 00:30:00,Lab_202_PC023,Idle,AnonUser_0002,195
2026-04-01 00:30:00,Lab_202_PC024,Offline,N/A,N/A
2026-04-01 00:30:00,Lab_202_PC025,Offline,N/A,N/A
2026-04-01 00:30:00,Lab_202_PC026,Idle,AnonUser_0145,210
2026-04-01 00:30:00,Lab_202_PC027,Idle,AnonUser_0057,45
2026-04-01 00:30:00,Lab_202_PC028,Offline,N/A,N/A
2026-04-01 00:30:00,Lab_202_PC029,Offline,N/A,N/A
2026-04-01 00:30:00,Lab_202_PC030,Offline,N/A,N/A
2026-04-01 00:30:00,Lab_206_PC031,Offline,N/A,N/A
2026-04-01 00:30:00,Lab_206_PC032,Offline,N/A,N/A
2026-04-01 00:30:00,Lab_206_PC033,Offline,N/A,N/A
2026-04-01 00:30:00,Lab_206_PC034,Offline,N/A,N/A
2026-04-01 00:30:00,Lab_206_PC035,Offline,N/A,N/A
2026-04-01 00:30:00,Lab_206_PC036,Offline,N/A,N/A
2026-04-01 00:30:00,Lab_206_PC037,Offline,N/A,N/A
2026-04-01 00:30:00,Lab_206_PC038,In Use,AnonUser_0155,30
2026-04-01 00:30:00,Lab_206_PC039,Idle,AnonUser_0111,210
2026-04-01 00:30:00,Lab_206_PC040,Offline,N/A,N/A
2026-04-01 00:30:00,Lab_206_PC041,Offline,N/A,N/A
2026-04-01 00:30:00,Lab_206_PC042,Offline,N/A,N/A
2026-04-01 00:30:00,Lab_206_PC043,Offline,N/A,N/A
2026-04-01 00:30:00,Lab_206_PC044,Offline,N/A,N/A
2026-04-01 00:30:00,Lab_206_PC045,Offline,N/A,N/A
2026-04-01 00:30:00,Lab_206_PC046,Offline,N/A,N/A
2026-04-01 00:30:00,Lab_206_PC047,Offline,N/A,N/A
2026-04-01 00:30:00,Lab_206_PC048,Offline,N/A,N/A
2026-04-01 00:30:00,Lab_206_PC049,Offline,N/A,N/A
2026-04-01 00:30:00,Lab_206_PC050,Offline,N/A,N/A
2026-04-01 00:30:00,Lab_206_PC051,Offline,N/A,N/A
2026-04-01 00:30:00,Lab_206_PC052,Offline,N/A,N/A
2026-04-01 00:30:00,Lab_206_PC053,Offline,N/A,N/A
2026-04-01 00:30:00,Lab_206_PC054,Offline,N/A,N/A
2026-04-01 00:30:00,Lab_206_PC055,Offline,N/A,N/A
2026-04-01 00:30:00,Lab_206_PC056,Offline,N/A,N/A
2026-04-01 00:30:00,Lab_206_PC057,Idle,AnonUser_0038,165
2026-04-01 00:30:00,Lab_206_PC058,In Use,AnonUser_0132,180
2026-04-01 00:30:00,Lab_206_PC059,In Use,AnonUser_0127,75
2026-04-01 00:30:00,Lab_206_PC060,In Use,AnonUser_0134,15
2026-04-01 00:30:00,Lab_210_PC061,Offline,N/A,N/A
2026-04-01 00:30:00,Lab_210_PC062,Offline,N/A,N/A
2026-04-01 00:30:00,Lab_210_PC063,Offline,N/A,N/A
2026-04-01 00:30:00,Lab_210_PC064,Offline,N/A,N/A
2026-04-01 00:30:00,Lab_210_PC065,Idle,AnonUser_0159,120
2026-04-01 00:30:00,Lab_210_PC066,Offline,N/A,N/A
2026-04-01 00:30:00,Lab_210_PC067,In Use,AnonUser_0072,15
2026-04-01 00:30:00,Lab_210_PC068,In Use,AnonUser_0084,105
2026-04-01 00:30:00,Lab_210_PC069,Offline,N/A,N/A
2026-04-01 00:30:00,Lab_210_PC070,Idle,AnonUser_0124,30
2026-04-01 00:30:00,Lab_210_PC071,Offline,N/A,N/A
2026-04-01 00:30:00,Lab_210_PC072,Offline,N/A,N/A
2026-04-01 00:30:00,Lab_210_PC073,Offline,N/A,N/A
2026-04-01 00:30:00,Lab_210_PC074,In Use,AnonUser_0058,30
2026-04-01 00:30:00,Lab_210_PC075,Offline,N/A,N/A
2026-04-01 00:30:00,Lab_210_PC076,Offline,N/A,N/A
2026-04-01 00:30:00,Lab_210_PC077,Offline,N/A,N/A
2026-04-01 00:30:00,Lab_210_PC078,Offline,N/A,N/A
2026-04-01 00:30:00,Lab_210_PC079,Offline,N/A,N/A
2026-04-01 00:30:00,Lab_210_PC080,Offline,N/A,N/A
2026-04-01 00:30:00,Lab_210_PC081,Offline,N/A,N/A
2026-04-01 00:30:00,Lab_219_PC082,Offline,N/A,N/A
2026-04-01 00:30:00,Lab_219_PC083,Offline,N/A,N/A
2026-04-01 00:30:00,Lab_219_PC084,Offline,N/A,N/A
2026-04-01 00:30:00,Lab_219_PC085,Offline,N/A,N/A
2026-04-01 00:30:00,Lab_219_PC086,Offline,N/A,N/A
2026-04-01 00:30:00,Lab_219_PC087,Offline,N/A,N/A
2026-04-01 00:30:00,Lab_219_PC088,Offline,N/A,N/A
2026-04-01 00:30:00,Lab_219_PC089,Offline,N/A,N/A
2026-04-01 00:30:00,Lab_219_PC090,Offline,N/A,N/A
2026-04-01 00:30:00,Lab_219_PC091,Offline,N/A,N/A
2026-04-01 00:30:00,Lab_219_PC092,Offline,N/A,N/A
2026-04-01 00:30:00,Lab_219_PC093,Offline,N/A,N/A
2026-04-01 00:30:00,Lab_219_PC094,Offline,N/A,N/A
2026-04-01 00:30:00,Lab_219_PC095,Offline,N/A,N/A
2026-04-01 00:30:00,Lab_219_PC096,In Use,AnonUser_0016,30
2026-04-01 00:30:00,Lab_219_PC097,Offline,N/A,N/A
2026-04-01 00:30:00,Lab_219_PC098,Offline,N/A,N/A
2026-04-01 00:30:00,Lab_219_PC099,Offline,N/A,N/A
2026-04-01 00:30:00,Lab_219_PC100,Offline,N/A,N/A
2026-04-01 00:30:00,Lab_219_PC101,Offline,N/A,N/A
2026-04-01 00:30:00,Lab_219_PC102,Offline,N/A,N/A
2026-04-01 00:30:00,Lab_219_PC103,Offline,N/A,N/A
2026-04-01 00:30:00,Lab_219_PC104,Offline,N/A,N/A
2026-04-01 00:30:00,Lab_219_PC105,In Use,AnonUser_0066,75
2026-04-01 00:30:00,Lab_219_PC106,Offline,N/A,N/A
2026-04-01 00:30:00,Lab_219_PC107,Offline,N/A,N/A
2026-04-01 00:30:00,Lab_219_PC108,Offline,N/A,N/A
2026-04-01 00:30:00,Lab_219_PC109,Offline,N/A,N/A
2026-04-01 00:30:00,Lab_219_PC110,Offline,N/A,N/A
2026-04-01 00:30:00,Lab_219_PC111,Offline,N/A,N/A
2026-04-01 00:30:00,Lab_219_PC112,Offline,N/A,N/A
2026-04-01 00:30:00,Lab_219_PC113,Offline,N/A,N/A
2026-04-01 00:30:00,Lab_219_PC114,Offline,N/A,N/A
2026-04-01 00:30:00,Lab_219_PC115,In Use,AnonUser_0088,15
2026-04-01 00:30:00,Lab_219_PC116,Idle,AnonUser_0143,90
2026-04-01 00:30:00,Lab_219_PC117,Offline,N/A,N/A
2026-04-01 00:30:00,Lab_219_PC118,Offline,N/A,N/A
2026-04-01 00:30:00,Lab_219_PC119,In Use,AnonUser_0043,135
2026-04-01 00:30:00,Lab_219_PC120,Offline,N/A,N/A
2026-04-01 00:30:00,Lab_219_PC121,Offline,N/A,N/A
2026-04-01 00:30:00,Lab_219_PC122,Offline,N/A,N/A
2026-04-01 00:30:00,Lab_219_PC123,In Use,AnonUser_0026,120
2026-04-01 00:30:00,Lab_219_PC124,Offline,N/A,N/A
2026-04-01 00:30:00,Lab_219_PC125,Offline,N/A,N/A
2026-04-01 00:30:00,Lab_219_PC126,In Use,AnonUser_0177,75
2026-04-01 00:30:00,Lab_219_PC127,Offline,N/A,N/A
2026-04-01 00:30:00,Lab_219_PC128,Offline,N/A,N/A
2026-04-01 00:30:00,Lab_219_PC129,Offline,N/A,N/A
2026-04-01 00:30:00,Lab_219_PC130,In Use,AnonUser_0104,0
2026-04-01 00:30:00,Lab_219_PC131,Offline,N/A,N/A
2026-04-01 00:30:00,Lab_219_PC132,Offline,N/A,N/A
2026-04-01 00:30:00,Lab_219_PC133,Offline,N/A,N/A
2026-04-01 00:30:00,Lab_219_PC134,Offline,N/A,N/A
2026-04-01 00:30:00,Lab_219_PC135,Offline,N/A,N/A
2026-04-01 00:30:00,Lab_219_PC136,Offline,N/A,N/A
2026-04-01 00:30:00,Lab_219_PC137,Offline,N/A,N/A
2026-04-01 00:30:00,Lab_219_PC138,Offline,N/A,N/A
2026-04-01 00:30:00,Lab_219_PC139,Offline,N/A,N/A
2026-04-01 00:30:00,Lab_219_PC140,Offline,N/A,N/A
2026-04-01 00:30:00,Lab_219_PC141,Offline,N/A,N/A
2026-04-01 00:30:00,Lab_219_PC142,Offline,N/A,N/A
2026-04-01 00:30:00,Lab_219_PC143,Offline,N/A,N/A
2026-04-01 00:30:00,Lab_219_PC144,Offline,N/A,N/A
2026-04-01 00:30:00,Lab_219_PC145,Offline,N/A,N/A
2026-04-01 00:30:00,Lab_219_PC146,Offline,N/A,N/A
2026-04-01 00:30:00,Lab_219_PC147,Offline,N/A,N/A
2026-04-01 00:30:00,Lab_219_PC148,Offline,N/A,N/A
2026-04-01 00:30:00,Lab_219_PC149,In Use,AnonUser_0150,105
2026-04-01 00:30:00,Lab_219_PC150,Offline,N/A,N/A
2026-04-01 00:30:00,Lab_219_PC151,Offline,N/A,N/A
2026-04-01 00:30:00,Lab_219_PC152,Offline,N/A,N/A
2026-04-01 00:30:00,Lab_219_PC153,Offline,N/A,N/A
2026-04-01 00:30:00,Lab_219_PC154,Offline,N/A,N/A
2026-04-01 00:30:00,Lab_219_PC155,Offline,N/A,N/A
2026-04-01 00:30:00,Lab_219_PC156,Offline,N/A,N/A
2026-04-01 00:30:00,Lab_219_PC157,Offline,N/A,N/A
2026-04-01 00:30:00,Lab_219_PC158,Offline,N/A,N/A
2026-04-01 00:30:00,Lab_219_PC159,In Use,AnonUser_0135,210
2026-04-01 00:30:00,Lab_219_PC160,Offline,N/A,N/A
2026-04-01 00:30:00,Lab_219_PC161,In Use,AnonUser_0100,90
2026-04-01 00:30:00,Lab_219_PC162,Offline,N/A,N/A
2026-04-01 00:30:00,Lab_219_PC163,Offline,N/A,N/A
2026-04-01 00:30:00,Lab_219_PC164,Offline,N/A,N/A
2026-04-01 00:30:00,Lab_219_PC165,Offline,N/A,N/A
2026-04-01 00:30:00,Lab_219_PC166,Offline,N/A,N/A
2026-04-01 00:30:00,Lab_219_PC167,Offline,N/A,N/A
2026-04-01 00:30:00,Lab_219_PC168,Offline,N/A,N/A
2026-04-01 00:30:00,Lab_219_PC169,Offline,N/A,N/A
2026-04-01 00:30:00,Lab_219_PC170,Idle,AnonUser_0117,225
2026-04-01 00:30:00,Lab_219_PC171,In Use,AnonUser_0129,30
2026-04-01 00:30:00,Lab_219_PC172,Offline,N/A,N/A
2026-04-01 00:30:00,Lab_219_PC173,Offline,N/A,N/A
2026-04-01 00:30:00,Lab_219_PC174,Offline,N/A,N/A
2026-04-01 00:30:00,Lab_219_PC175,Offline,N/A,N/A
2026-04-01 00:30:00,Lab_219_PC176,Offline,N/A,N/A
2026-04-01 00:30:00,Lab_219_PC177,Offline,N/A,N/A
2026-04-01 00:30:00,Lab_219_PC178,Offline,N/A,N/A
2026-04-01 00:30:00,Lab_219_PC179,Offline,N/A,N/A
2026-04-01 00:45:00,Lab_202_PC001,In Use,AnonUser_0156,0
2026-04-01 00:45:00,Lab_202_PC002,Offline,N/A,N/A
2026-04-01 00:45:00,Lab_202_PC003,Offline,N/A,N/A
2026-04-01 00:45:00,Lab_202_PC004,Offline,N/A,N/A
2026-04-01 00:45:00,Lab_202_PC005,Offline,N/A,N/A
2026-04-01 00:45:00,Lab_202_PC006,Offline,N/A,N/A
2026-04-01 00:45:00,Lab_202_PC007,Offline,N/A,N/A
2026-04-01 00:45:00,Lab_202_PC008,Offline,N/A,N/A
2026-04-01 00:45:00,Lab_202_PC009,Offline,N/A,N/A
2026-04-01 00:45:00,Lab_202_PC010,Offline,N/A,N/A
2026-04-01 00:45:00,Lab_202_PC011,Offline,N/A,N/A
2026-04-01 00:45:00,Lab_202_PC012,Offline,N/A,N/A
2026-04-01 00:45:00,Lab_202_PC013,Offline,N/A,N/A
2026-04-01 00:45:00,Lab_202_PC014,In Use,AnonUser_0068,135
2026-04-01 00:45:00,Lab_202_PC015,Offline,N/A,N/A
2026-04-01 00:45:00,Lab_202_PC016,Offline,N/A,N/A
2026-04-01 00:45:00,Lab_202_PC017,Offline,N/A,N/A
2026-04-01 00:45:00,Lab_202_PC018,Offline,N/A,N/A
2026-04-01 00:45:00,Lab_202_PC019,Offline,N/A,N/A
2026-04-01 00:45:00,Lab_202_PC020,Offline,N/A,N/A
2026-04-01 00:45:00,Lab_202_PC021,Offline,N/A,N/A
2026-04-01 00:45:00,Lab_202_PC022,Idle,AnonUser_0126,45
2026-04-01 00:45:00,Lab_202_PC023,In Use,AnonUser_0002,180
2026-04-01 00:45:00,Lab_202_PC024,Offline,N/A,N/A
2026-04-01 00:45:00,Lab_202_PC025,In Use,AnonUser_0138,150
2026-04-01 00:45:00,Lab_202_PC026,In Use,AnonUser_0145,195
2026-04-01 00:45:00,Lab_202_PC027,In Use,AnonUser_0057,30
2026-04-01 00:45:00,Lab_202_PC028,Offline,N/A,N/A
2026-04-01 00:45:00,Lab_202_PC029,Offline,N/A,N/A
2026-04-01 00:45:00,Lab_202_PC030,Offline,N/A,N/A
2026-04-01 00:45:00,Lab_206_PC031,Offline,N/A,N/A
2026-04-01 00:45:00,Lab_206_PC032,Offline,N/A,N/A
2026-04-01 00:45:00,Lab_206_PC033,Idle,AnonUser_0054,75
2026-04-01 00:45:00,Lab_206_PC034,Offline,N/A,N/A
2026-04-01 00:45:00,Lab_206_PC035,Offline,N/A,N/A
2026-04-01 00:45:00,Lab_206_PC036,Offline,N/A,N/A
2026-04-01 00:45:00,Lab_206_PC037,Offline,N/A,N/A
2026-04-01 00:45:00,Lab_206_PC038,Idle,AnonUser_0155,15
2026-04-01 00:45:00,Lab_206_PC039,In Use,AnonUser_0111,195
2026-04-01 00:45:00,Lab_206_PC040,Offline,N/A,N/A
2026-04-01 00:45:00,Lab_206_PC041,Offline,N/A,N/A
2026-04-01 00:45:00,Lab_206_PC042,Offline,N/A,N/A
2026-04-01 00:45:00,Lab_206_PC043,Offline,N/A,N/A
2026-04-01 00:45:00,Lab_206_PC044,Offline,N/A,N/A
2026-04-01 00:45:00,Lab_206_PC045,Offline,N/A,N/A
2026-04-01 00:45:00,Lab_206_PC046,Offline,N/A,N/A
2026-04-01 00:45:00,Lab_206_PC047,Offline,N/A,N/A
2026-04-01 00:45:00,Lab_206_PC048,Offline,N/A,N/A
2026-04-01 00:45:00,Lab_206_PC049,Offline,N/A,N/A
2026-04-01 00:45:00,Lab_206_PC050,Offline,N/A,N/A
2026-04-01 00:45:00,Lab_206_PC051,Offline,N/A,N/A
2026-04-01 00:45:00,Lab_206_PC052,Idle,AnonUser_0125,165
2026-04-01 00:45:00,Lab_206_PC053,Offline,N/A,N/A
2026-04-01 00:45:00,Lab_206_PC054,Offline,N/A,N/A
2026-04-01 00:45:00,Lab_206_PC055,Offline,N/A,N/A
2026-04-01 00:45:00,Lab_206_PC056,Offline,N/A,N/A
2026-04-01 00:45:00,Lab_206_PC057,In Use,AnonUser_0038,150
2026-04-01 00:45:00,Lab_206_PC058,Idle,AnonUser_0132,165
2026-04-01 00:45:00,Lab_206_PC059,In Use,AnonUser_0127,60
2026-04-01 00:45:00,Lab_206_PC060,In Use,AnonUser_0134,0
2026-04-01 00:45:00,Lab_210_PC061,Offline,N/A,N/A
2026-04-01 00:45:00,Lab_210_PC062,Offline,N/A,N/A
2026-04-01 00:45:00,Lab_210_PC063,Offline,N/A,N/A
2026-04-01 00:45:00,Lab_210_PC064,Offline,N/A,N/A
2026-04-01 00:45:00,Lab_210_PC065,Idle,AnonUser_0159,105
2026-04-01 00:45:00,Lab_210_PC066,Offline,N/A,N/A
2026-04-01 00:45:00,Lab_210_PC067,In Use,AnonUser_0072,0
2026-04-01 00:45:00,Lab_210_PC068,In Use,AnonUser_0084,90
2026-04-01 00:45:00,Lab_210_PC069,Offline,N/A,N/A
2026-04-01 00:45:00,Lab_210_PC070,In Use,AnonUser_0124,15
2026-04-01 00:45:00,Lab_210_PC071,Offline,N/A,N/A
2026-04-01 00:45:00,Lab_210_PC072,Offline,N/A,N/A
2026-04-01 00:45:00,Lab_210_PC073,Offline,N/A,N/A
2026-04-01 00:45:00,Lab_210_PC074,In Use,AnonUser_0058,15
2026-04-01 00:45:00,Lab_210_PC075,Offline,N/A,N/A
2026-04-01 00:45:00,Lab_210_PC076,Offline,N/A,N/A
2026-04-01 00:45:00,Lab_210_PC077,Offline,N/A,N/A
2026-04-01 00:45:00,Lab_210_PC078,Offline,N/A,N/A
2026-04-01 00:45:00,Lab_210_PC079,Offline,N/A,N/A
2026-04-01 00:45:00,Lab_210_PC080,Offline,N/A,N/A
2026-04-01 00:45:00,Lab_210_PC081,Offline,N/A,N/A
2026-04-01 00:45:00,Lab_219_PC082,Offline,N/A,N/A
2026-04-01 00:45:00,Lab_219_PC083,Offline,N/A,N/A
2026-04-01 00:45:00,Lab_219_PC084,Offline,N/A,N/A
2026-04-01 00:45:00,Lab_219_PC085,Offline,N/A,N/A
2026-04-01 00:45:00,Lab_219_PC086,Offline,N/A,N/A
2026-04-01 00:45:00,Lab_219_PC087,Offline,N/A,N/A
2026-04-01 00:45:00,Lab_219_PC088,Offline,N/A,N/A
2026-04-01 00:45:00,Lab_219_PC089,Offline,N/A,N/A
2026-04-01 00:45:00,Lab_219_PC090,Offline,N/A,N/A
2026-04-01 00:45:00,Lab_219_PC091,Offline,N/A,N/A
2026-04-01 00:45:00,Lab_219_PC092,Offline,N/A,N/A
2026-04-01 00:45:00,Lab_219_PC093,Offline,N/A,N/A
2026-04-01 00:45:00,Lab_219_PC094,Offline,N/A,N/A
2026-04-01 00:45:00,Lab_219_PC095,Offline,N/A,N/A
2026-04-01 00:45:00,Lab_219_PC096,In Use,AnonUser_0016,15
2026-04-01 00:45:00,Lab_219_PC097,Offline,N/A,N/A
2026-04-01 00:45:00,Lab_219_PC098,Offline,N/A,N/A
2026-04-01 00:45:00,Lab_219_PC099,Offline,N/A,N/A
2026-04-01 00:45:00,Lab_219_PC100,Offline,N/A,N/A
2026-04-01 00:45:00,Lab_219_PC101,Offline,N/A,N/A
2026-04-01 00:45:00,Lab_219_PC102,Offline,N/A,N/A
2026-04-01 00:45:00,Lab_219_PC103,Offline,N/A,N/A
2026-04-01 00:45:00,Lab_219_PC104,Offline,N/A,N/A
2026-04-01 00:45:00,Lab_219_PC105,In Use,AnonUser_0066,60
2026-04-01 00:45:00,Lab_219_PC106,Offline,N/A,N/A
2026-04-01 00:45:00,Lab_219_PC107,Offline,N/A,N/A
2026-04-01 00:45:00,Lab_219_PC108,Offline,N/A,N/A
2026-04-01 00:45:00,Lab_219_PC109,Offline,N/A,N/A
2026-04-01 00:45:00,Lab_219_PC110,Offline,N/A,N/A
2026-04-01 00:45:00,Lab_219_PC111,Idle,AnonUser_0161,120
2026-04-01 00:45:00,Lab_219_PC112,Offline,N/A,N/A
2026-04-01 00:45:00,Lab_219_PC113,Offline,N/A,N/A
2026-04-01 00:45:00,Lab_219_PC114,Offline,N/A,N/A
2026-04-01 00:45:00,Lab_219_PC115,In Use,AnonUser_0088,0
2026-04-01 00:45:00,Lab_219_PC116,In Use,AnonUser_0143,75
2026-04-01 00:45:00,Lab_219_PC117,Offline,N/A,N/A
2026-04-01 00:45:00,Lab_219_PC118,Offline,N/A,N/A
2026-04-01 00:45:00,Lab_219_PC119,In Use,AnonUser_0043,120
2026-04-01 00:45:00,Lab_219_PC120,Offline,N/A,N/A
2026-04-01 00:45:00,Lab_219_PC121,Offline,N/A,N/A
2026-04-01 00:45:00,Lab_219_PC122,Offline,N/A,N/A
2026-04-01 00:45:00,Lab_219_PC123,In Use,AnonUser_0026,105
2026-04-01 00:45:00,Lab_219_PC124,Offline,N/A,N/A
2026-04-01 00:45:00,Lab_219_PC125,Offline,N/A,N/A
2026-04-01 00:45:00,Lab_219_PC126,Idle,AnonUser_0177,60
2026-04-01 00:45:00,Lab_219_PC127,Offline,N/A,N/A
2026-04-01 00:45:00,Lab_219_PC128,Offline,N/A,N/A
2026-04-01 00:45:00,Lab_219_PC129,Offline,N/A,N/A
2026-04-01 00:45:00,Lab_219_PC130,Offline,N/A,N/A
2026-04-01 00:45:00,Lab_219_PC131,Offline,N/A,N/A
2026-04-01 00:45:00,Lab_219_PC132,Offline,N/A,N/A
2026-04-01 00:45:00,Lab_219_PC133,Offline,N/A,N/A
2026-04-01 00:45:00,Lab_219_PC134,Offline,N/A,N/A
2026-04-01 00:45:00,Lab_219_PC135,Offline,N/A,N/A
2026-04-01 00:45:00,Lab_219_PC136,Offline,N/A,N/A
2026-04-01 00:45:00,Lab_219_PC137,Offline,N/A,N/A
2026-04-01 00:45:00,Lab_219_PC138,Offline,N/A,N/A
2026-04-01 00:45:00,Lab_219_PC139,Offline,N/A,N/A
2026-04-01 00:45:00,Lab_219_PC140,Offline,N/A,N/A
2026-04-01 00:45:00,Lab_219_PC141,Offline,N/A,N/A
2026-04-01 00:45:00,Lab_219_PC142,Offline,N/A,N/A
2026-04-01 00:45:00,Lab_219_PC143,Offline,N/A,N/A
2026-04-01 00:45:00,Lab_219_PC144,Offline,N/A,N/A
2026-04-01 00:45:00,Lab_219_PC145,Offline,N/A,N/A
2026-04-01 00:45:00,Lab_219_PC146,Offline,N/A,N/A
2026-04-01 00:45:00,Lab_219_PC147,Offline,N/A,N/A
2026-04-01 00:45:00,Lab_219_PC148,Offline,N/A,N/A
2026-04-01 00:45:00,Lab_219_PC149,In Use,AnonUser_0150,90
2026-04-01 00:45:00,Lab_219_PC150,Offline,N/A,N/A
2026-04-01 00:45:00,Lab_219_PC151,Offline,N/A,N/A
2026-04-01 00:45:00,Lab_219_PC152,Offline,N/A,N/A
2026-04-01 00:45:00,Lab_219_PC153,Offline,N/A,N/A
2026-04-01 00:45:00,Lab_219_PC154,Offline,N/A,N/A
2026-04-01 00:45:00,Lab_219_PC155,Offline,N/A,N/A
2026-04-01 00:45:00,Lab_219_PC156,Offline,N/A,N/A
2026-04-01 00:45:00,Lab_219_PC157,Offline,N/A,N/A
2026-04-01 00:45:00,Lab_219_PC158,Offline,N/A,N/A
2026-04-01 00:45:00,Lab_219_PC159,Idle,AnonUser_0135,195
2026-04-01 00:45:00,Lab_219_PC160,Offline,N/A,N/A
2026-04-01 00:45:00,Lab_219_PC161,In Use,AnonUser_0100,75
2026-04-01 00:45:00,Lab_219_PC162,Offline,N/A,N/A
2026-04-01 00:45:00,Lab_219_PC163,Offline,N/A,N/A
2026-04-01 00:45:00,Lab_219_PC164,Offline,N/A,N/A
2026-04-01 00:45:00,Lab_219_PC165,Offline,N/A,N/A
2026-04-01 00:45:00,Lab_219_PC166,Offline,N/A,N/A
2026-04-01 00:45:00,Lab_219_PC167,Offline,N/A,N/A
2026-04-01 00:45:00,Lab_219_PC168,Offline,N/A,N/A
2026-04-01 00:45:00,Lab_219_PC169,Offline,N/A,N/A
2026-04-01 00:45:00,Lab_219_PC170,In Use,AnonUser_0117,210
2026-04-01 00:45:00,Lab_219_PC171,In Use,AnonUser_0129,15
2026-04-01 00:45:00,Lab_219_PC172,Offline,N/A,N/A
2026-04-01 00:45:00,Lab_219_PC173,Offline,N/A,N/A
2026-04-01 00:45:00,Lab_219_PC174,Offline,N/A,N/A
2026-04-01 00:45:00,Lab_219_PC175,Offline,N/A,N/A
2026-04-01 00:45:00,Lab_219_PC176,Offline,N/A,N/A
2026-04-01 00:45:00,Lab_219_PC177,Offline,N/A,N/A
2026-04-01 00:45:00,Lab_219_PC178,Offline,N/A,N/A
2026-04-01 00:45:00,Lab_219_PC179,Offline,N/A,N/A
2026-04-01 01:00:00,Lab_202_PC001,Offline,N/A,N/A
2026-04-01 01:00:00,Lab_202_PC002,Offline,N/A,N/A
2026-04-01 01:00:00,Lab_202_PC003,Offline,N/A,N/A
2026-04-01 01:00:00,Lab_202_PC004,Offline,N/A,N/A
2026-04-01 01:00:00,Lab_202_PC005,Idle,AnonUser_0001,105
2026-04-01 01:00:00,Lab_202_PC006,Offline,N/A,N/A
2026-04-01 01:00:00,Lab_202_PC007,Offline,N/A,N/A
2026-04-01 01:00:00,Lab_202_PC008,In Use,AnonUser_0053,75
2026-04-01 01:00:00,Lab_202_PC009,Offline,N/A,N/A
2026-04-01 01:00:00,Lab_202_PC010,Offline,N/A,N/A
2026-04-01 01:00:00,Lab_202_PC011,Offline,N/A,N/A
2026-04-01 01:00:00,Lab_202_PC012,Offline,N/A,N/A
2026-04-01 01:00:00,Lab_202_PC013,Offline,N/A,N/A
2026-04-01 01:00:00,Lab_202_PC014,In Use,AnonUser_0068,120
2026-04-01 01:00:00,Lab_202_PC015,Offline,N/A,N/A
2026-04-01 01:00:00,Lab_202_PC016,Offline,N/A,N/A
2026-04-01 01:00:00,Lab_202_PC017,Offline,N/A,N/A
2026-04-01 01:00:00,Lab_202_PC018,Offline,N/A,N/A
2026-04-01 01:00:00,Lab_202_PC019,Offline,N/A,N/A
2026-04-01 01:00:00,Lab_202_PC020,Offline,N/A,N/A
2026-04-01 01:00:00,Lab_202_PC021,Offline,N/A,N/A
2026-04-01 01:00:00,Lab_202_PC022,In Use,AnonUser_0126,30
2026-04-01 01:00:00,Lab_202_PC023,Idle,AnonUser_0002,165
2026-04-01 01:00:00,Lab_202_PC024,Offline,N/A,N/A
2026-04-01 01:00:00,Lab_202_PC025,In Use,AnonUser_0138,135
2026-04-01 01:00:00,Lab_202_PC026,In Use,AnonUser_0145,180
2026-04-01 01:00:00,Lab_202_PC027,In Use,AnonUser_0057,15
2026-04-01 01:00:00,Lab_202_PC028,Offline,N/A,N/A
2026-04-01 01:00:00,Lab_202_PC029,Offline,N/A,N/A
2026-04-01 01:00:00,Lab_202_PC030,Offline,N/A,N/A
2026-04-01 01:00:00,Lab_206_PC031,Offline,N/A,N/A
2026-04-01 01:00:00,Lab_206_PC032,Offline,N/A,N/A
2026-04-01 01:00:00,Lab_206_PC033,In Use,AnonUser_0054,60
2026-04-01 01:00:00,Lab_206_PC034,Offline,N/A,N/A
2026-04-01 01:00:00,Lab_206_PC035,Offline,N/A,N/A
2026-04-01 01:00:00,Lab_206_PC036,Offline,N/A,N/A
2026-04-01 01:00:00,Lab_206_PC037,Offline,N/A,N/A
2026-04-01 01:00:00,Lab_206_PC038,In Use,AnonUser_0155,0
2026-04-01 01:00:00,Lab_206_PC039,In Use,AnonUser_0111,180
2026-04-01 01:00:00,Lab_206_PC040,Offline,N/A,N/A
2026-04-01 01:00:00,Lab_206_PC041,Idle,AnonUser_0113,165
2026-04-01 01:00:00,Lab_206_PC042,Offline,N/A,N/A
2026-04-01 01:00:00,Lab_206_PC043,Offline,N/A,N/A
2026-04-01 01:00:00,Lab_206_PC044,Offline,N/A,N/A
2026-04-01 01:00:00,Lab_206_PC045,Offline,N/A,N/A
2026-04-01 01:00:00,Lab_206_PC046,Idle,AnonUser_0157,60
2026-04-01 01:00:00,Lab_206_PC047,Offline,N/A,N/A
2026-04-01 01:00:00,Lab_206_PC048,Offline,N/A,N/A
2026-04-01 01:00:00,Lab_206_PC049,Offline,N/A,N/A
2026-04-01 01:00:00,Lab_206_PC050,Offline,N/A,N/A
2026-04-01 01:00:00,Lab_206_PC051,Offline,N/A,N/A
2026-04-01 01:00:00,Lab_206_PC052,In Use,AnonUser_0125,150
2026-04-01 01:00:00,Lab_206_PC053,Offline,N/A,N/A
2026-04-01 01:00:00,Lab_206_PC054,Offline,N/A,N/A
2026-04-01 01:00:00,Lab_206_PC055,Offline,N/A,N/A
2026-04-01 01:00:00,Lab_206_PC056,Offline,N/A,N/A
2026-04-01 01:00:00,Lab_206_PC057,In Use,AnonUser_0038,135
2026-04-01 01:00:00,Lab_206_PC058,In Use,AnonUser_0132,150
2026-04-01 01:00:00,Lab_206_PC059,Idle,AnonUser_0127,45
2026-04-01 01:00:00,Lab_206_PC060,Offline,N/A,N/A
2026-04-01 01:00:00,Lab_210_PC061,Offline,N/A,N/A
2026-04-01 01:00:00,Lab_210_PC062,Offline,N/A,N/A
2026-04-01 01:00:00,Lab_210_PC063,Offline,N/A,N/A
2026-04-01 01:00:00,Lab_210_PC064,Offline,N/A,N/A
2026-04-01 01:00:00,Lab_210_PC065,In Use,AnonUser_0159,90
2026-04-01 01:00:00,Lab_210_PC066,Offline,N/A,N/A
2026-04-01 01:00:00,Lab_210_PC067,Offline,N/A,N/A
2026-04-01 01:00:00,Lab_210_PC068,In Use,AnonUser_0084,75
2026-04-01 01:00:00,Lab_210_PC069,Offline,N/A,N/A
2026-04-01 01:00:00,Lab_210_PC070,Idle,AnonUser_0124,0
2026-04-01 01:00:00,Lab_210_PC071,Offline,N/A,N/A
2026-04-01 01:00:00,Lab_210_PC072,Offline,N/A,N/A
2026-04-01 01:00:00,Lab_210_PC073,Offline,N/A,N/A
2026-04-01 01:00:00,Lab_210_PC074,In Use,AnonUser_0058,0
2026-04-01 01:00:00,Lab_210_PC075,Offline,N/A,N/A
2026-04-01 01:00:00,Lab_210_PC076,Offline,N/A,N/A
2026-04-01 01:00:00,Lab_210_PC077,Offline,N/A,N/A
2026-04-01 01:00:00,Lab_210_PC078,Offline,N/A,N/A
2026-04-01 01:00:00,Lab_210_PC079,Offline,N/A,N/A
2026-04-01 01:00:00,Lab_210_PC080,Offline,N/A,N/A
2026-04-01 01:00:00,Lab_210_PC081,Offline,N/A,N/A
2026-04-01 01:00:00,Lab_219_PC082,Offline,N/A,N/A
2026-04-01 01:00:00,Lab_219_PC083,Offline,N/A,N/A
2026-04-01 01:00:00,Lab_219_PC084,Offline,N/A,N/A
2026-04-01 01:00:00,Lab_219_PC085,Offline,N/A,N/A
2026-04-01 01:00:00,Lab_219_PC086,Offline,N/A,N/A
2026-04-01 01:00:00,Lab_219_PC087,Offline,N/A,N/A
2026-04-01 01:00:00,Lab_219_PC088,Offline,N/A,N/A
2026-04-01 01:00:00,Lab_219_PC089,Offline,N/A,N/A
2026-04-01 01:00:00,Lab_219_PC090,Offline,N/A,N/A
2026-04-01 01:00:00,Lab_219_PC091,Offline,N/A,N/A
2026-04-01 01:00:00,Lab_219_PC092,Offline,N/A,N/A
2026-04-01 01:00:00,Lab_219_PC093,Offline,N/A,N/A
2026-04-01 01:00:00,Lab_219_PC094,Offline,N/A,N/A
2026-04-01 01:00:00,Lab_219_PC095,Offline,N/A,N/A
2026-04-01 01:00:00,Lab_219_PC096,In Use,AnonUser_0016,0
2026-04-01 01:00:00,Lab_219_PC097,Offline,N/A,N/A
2026-04-01 01:00:00,Lab_219_PC098,Offline,N/A,N/A
2026-04-01 01:00:00,Lab_219_PC099,Offline,N/A,N/A
2026-04-01 01:00:00,Lab_219_PC100,Offline,N/A,N/A
2026-04-01 01:00:00,Lab_219_PC101,Offline,N/A,N/A
2026-04-01 01:00:00,Lab_219_PC102,Offline,N/A,N/A
2026-04-01 01:00:00,Lab_219_PC103,Offline,N/A,N/A
2026-04-01 01:00:00,Lab_219_PC104,Offline,N/A,N/A
2026-04-01 01:00:00,Lab_219_PC105,In Use,AnonUser_0066,45
2026-04-01 01:00:00,Lab_219_PC106,Offline,N/A,N/A
2026-04-01 01:00:00,Lab_219_PC107,Offline,N/A,N/A
2026-04-01 01:00:00,Lab_219_PC108,Offline,N/A,N/A
2026-04-01 01:00:00,Lab_219_PC109,Offline,N/A,N/A
2026-04-01 01:00:00,Lab_219_PC110,Offline,N/A,N/A
2026-04-01 01:00:00,Lab_219_PC111,In Use,AnonUser_0161,105
2026-04-01 01:00:00,Lab_219_PC112,Offline,N/A,N/A
2026-04-01 01:00:00,Lab_219_PC113,Offline,N/A,N/A
2026-04-01 01:00:00,Lab_219_PC114,Offline,N/A,N/A
2026-04-01 01:00:00,Lab_219_PC115,Offline,N/A,N/A
2026-04-01 01:00:00,Lab_219_PC116,In Use,AnonUser_0143,60
2026-04-01 01:00:00,Lab_219_PC117,Offline,N/A,N/A
2026-04-01 01:00:00,Lab_219_PC118,Offline,N/A,N/A
2026-04-01 01:00:00,Lab_219_PC119,Idle,AnonUser_0043,105
2026-04-01 01:00:00,Lab_219_PC120,Offline,N/A,N/A
2026-04-01 01:00:00,Lab_219_PC121,Offline,N/A,N/A
2026-04-01 01:00:00,Lab_219_PC122,Offline,N/A,N/A
2026-04-01 01:00:00,Lab_219_PC123,In Use,AnonUser_0026,90
2026-04-01 01:00:00,Lab_219_PC124,Offline,N/A,N/A
2026-04-01 01:00:00,Lab_219_PC125,Offline,N/A,N/A
2026-04-01 01:00:00,Lab_219_PC126,In Use,AnonUser_0177,45
2026-04-01 01:00:00,Lab_219_PC127,Offline,N/A,N/A
2026-04-01 01:00:00,Lab_219_PC128,Offline,N/A,N/A
2026-04-01 01:00:00,Lab_219_PC129,Offline,N/A,N/A
2026-04-01 01:00:00,Lab_219_PC130,Offline,N/A,N/A
2026-04-01 01:00:00,Lab_219_PC131,Offline,N/A,N/A
2026-04-01 01:00:00,Lab_219_PC132,Offline,N/A,N/A
2026-04-01 01:00:00,Lab_219_PC133,Offline,N/A,N/A
2026-04-01 01:00:00,Lab_219_PC134,Offline,N/A,N/A
2026-04-01 01:00:00,Lab_219_PC135,Offline,N/A,N/A
2026-04-01 01:00:00,Lab_219_PC136,Idle,AnonUser_0021,0
2026-04-01 01:00:00,Lab_219_PC137,Offline,N/A,N/A
2026-04-01 01:00:00,Lab_219_PC138,Offline,N/A,N/A
2026-04-01 01:00:00,Lab_219_PC139,Offline,N/A,N/A
2026-04-01 01:00:00,Lab_219_PC140,Offline,N/A,N/A
2026-04-01 01:00:00,Lab_219_PC141,Offline,N/A,N/A
2026-04-01 01:00:00,Lab_219_PC142,Offline,N/A,N/A
2026-04-01 01:00:00,Lab_219_PC143,Offline,N/A,N/A
2026-04-01 01:00:00,Lab_219_PC144,Offline,N/A,N/A
2026-04-01 01:00:00,Lab_219_PC145,Offline,N/A,N/A
2026-04-01 01:00:00,Lab_219_PC146,Offline,N/A,N/A
2026-04-01 01:00:00,Lab_219_PC147,Offline,N/A,N/A
2026-04-01 01:00:00,Lab_219_PC148,Offline,N/A,N/A
2026-04-01 01:00:00,Lab_219_PC149,In Use,AnonUser_0150,75
2026-04-01 01:00:00,Lab_219_PC150,Offline,N/A,N/A
2026-04-01 01:00:00,Lab_219_PC151,Offline,N/A,N/A
2026-04-01 01:00:00,Lab_219_PC152,Offline,N/A,N/A
2026-04-01 01:00:00,Lab_219_PC153,Offline,N/A,N/A
2026-04-01 01:00:00,Lab_219_PC154,Offline,N/A,N/A
2026-04-01 01:00:00,Lab_219_PC155,Offline,N/A,N/A
2026-04-01 01:00:00,Lab_219_PC156,Offline,N/A,N/A
2026-04-01 01:00:00,Lab_219_PC157,Offline,N/A,N/A
2026-04-01 01:00:00,Lab_219_PC158,Offline,N/A,N/A
2026-04-01 01:00:00,Lab_219_PC159,Idle,AnonUser_0135,180
2026-04-01 01:00:00,Lab_219_PC160,Offline,N/A,N/A
2026-04-01 01:00:00,Lab_219_PC161,In Use,AnonUser_0100,60
2026-04-01 01:00:00,Lab_219_PC162,Offline,N/A,N/A
2026-04-01 01:00:00,Lab_219_PC163,Offline,N/A,N/A
2026-04-01 01:00:00,Lab_219_PC164,Offline,N/A,N/A
2026-04-01 01:00:00,Lab_219_PC165,Offline,N/A,N/A
2026-04-01 01:00:00,Lab_219_PC166,Offline,N/A,N/A
2026-04-01 01:00:00,Lab_219_PC167,Offline,N/A,N/A
2026-04-01 01:00:00,Lab_219_PC168,Offline,N/A,N/A
2026-04-01 01:00:00,Lab_219_PC169,Offline,N/A,N/A
2026-04-01 01:00:00,Lab_219_PC170,In Use,AnonUser_0117,195
2026-04-01 01:00:00,Lab_219_PC171,In Use,AnonUser_0129,0
2026-04-01 01:00:00,Lab_219_PC172,Offline,N/A,N/A
2026-04-01 01:00:00,Lab_219_PC173,Offline,N/A,N/A
2026-04-01 01:00:00,Lab_219_PC174,Offline,N/A,N/A
2026-04-01 01:00:00,Lab_219_PC175,Offline,N/A,N/A
2026-04-01 01:00:00,Lab_219_PC176,Offline,N/A,N/A
2026-04-01 01:00:00,Lab_219_PC177,Offline,N/A,N/A
2026-04-01 01:00:00,Lab_219_PC178,Offline,N/A,N/A
2026-04-01 01:00:00,Lab_219_PC179,Offline,N/A,N/A
2026-04-01 01:15:00,Lab_202_PC001,Offline,N/A,N/A
2026-04-01 01:15:00,Lab_202_PC002,Offline,N/A,N/A
2026-04-01 01:15:00,Lab_202_PC003,Offline,N/A,N/A
2026-04-01 01:15:00,Lab_202_PC004,Offline,N/A,N/A
2026-04-01 01:15:00,Lab_202_PC005,In Use,AnonUser_0001,90
2026-04-01 01:15:00,Lab_202_PC006,Offline,N/A,N/A
2026-04-01 01:15:00,Lab_202_PC007,Offline,N/A,N/A
2026-04-01 01:15:00,Lab_202_PC008,Idle,AnonUser_0053,60
2026-04-01 01:15:00,Lab_202_PC009,Offline,N/A,N/A
2026-04-01 01:15:00,Lab_202_PC010,Offline,N/A,N/A
2026-04-01 01:15:00,Lab_202_PC011,Offline,N/A,N/A
2026-04-01 01:15:00,Lab_202_PC012,Offline,N/A,N/A
2026-04-01 01:15:00,Lab_202_PC013,Offline,N/A,N/A
2026-04-01 01:15:00,Lab_202_PC014,In Use,AnonUser_0068,105
2026-04-01 01:15:00,Lab_202_PC015,Offline,N/A,N/A
2026-04-01 01:15:00,Lab_202_PC016,Idle,AnonUser_0158,225
2026-04-01 01:15:00,Lab_202_PC017,Offline,N/A,N/A
2026-04-01 01:15:00,Lab_202_PC018,Offline,N/A,N/A
2026-04-01 01:15:00,Lab_202_PC019,Offline,N/A,N/A
2026-04-01 01:15:00,Lab_202_PC020,Offline,N/A,N/A
2026-04-01 01:15:00,Lab_202_PC021,Offline,N/A,N/A
2026-04-01 01:15:00,Lab_202_PC022,In Use,AnonUser_0126,15
2026-04-01 01:15:00,Lab_202_PC023,In Use,AnonUser_0002,150
2026-04-01 01:15:00,Lab_202_PC024,Offline,N/A,N/A
2026-04-01 01:15:00,Lab_202_PC025,In Use,AnonUser_0138,120
2026-04-01 01:15:00,Lab_202_PC026,In Use,AnonUser_0145,165
2026-04-01 01:15:00,Lab_202_PC027,In Use,AnonUser_0057,0
2026-04-01 01:15:00,Lab_202_PC028,Offline,N/A,N/A
2026-04-01 01:15:00,Lab_202_PC029,Offline,N/A,N/A
2026-04-01 01:15:00,Lab_202_PC030,Offline,N/A,N/A
2026-04-01 01:15:00,Lab_206_PC031,Offline,N/A,N/A
2026-04-01 01:15:00,Lab_206_PC032,Offline,N/A,N/A
2026-04-01 01:15:00,Lab_206_PC033,In Use,AnonUser_0054,45
2026-04-01 01:15:00,Lab_206_PC034,Offline,N/A,N/A
2026-04-01 01:15:00,Lab_206_PC035,Offline,N/A,N/A
2026-04-01 01:15:00,Lab_206_PC036,Offline,N/A,N/A
2026-04-01 01:15:00,Lab_206_PC037,Offline,N/A,N/A
2026-04-01 01:15:00,Lab_206_PC038,Offline,N/A,N/A
2026-04-01 01:15:00,Lab_206_PC039,In Use,AnonUser_0111,165
2026-04-01 01:15:00,Lab_206_PC040,Offline,N/A,N/A
2026-04-01 01:15:00,Lab_206_PC041,In Use,AnonUser_0113,150
2026-04-01 01:15:00,Lab_206_PC042,In Use,AnonUser_0048,0
2026-04-01 01:15:00,Lab_206_PC043,Offline,N/A,N/A
2026-04-01 01:15:00,Lab_206_PC044,Offline,N/A,N/A
2026-04-01 01:15:00,Lab_206_PC045,Offline,N/A,N/A
2026-04-01 01:15:00,Lab_206_PC046,In Use,AnonUser_0157,45
2026-04-01 01:15:00,Lab_206_PC047,Idle,AnonUser_0023,150
2026-04-01 01:15:00,Lab_206_PC048,Offline,N/A,N/A
2026-04-01 01:15:00,Lab_206_PC049,Offline,N/A,N/A
2026-04-01 01:15:00,Lab_206_PC050,Offline,N/A,N/A
2026-04-01 01:15:00,Lab_206_PC051,Offline,N/A,N/A
2026-04-01 01:15:00,Lab_206_PC052,In Use,AnonUser_0125,135
2026-04-01 01:15:00,Lab_206_PC053,Offline,N/A,N/A
2026-04-01 01:15:00,Lab_206_PC054,Offline,N/A,N/A
2026-04-01 01:15:00,Lab_206_PC055,Idle,AnonUser_0041,60
2026-04-01 01:15:00,Lab_206_PC056,Offline,N/A,N/A
2026-04-01 01:15:00,Lab_206_PC057,In Use,AnonUser_0038,120
2026-04-01 01:15:00,Lab_206_PC058,In Use,AnonUser_0132,135
2026-04-01 01:15:00,Lab_206_PC059,In Use,AnonUser_0127,30
2026-04-01 01:15:00,Lab_206_PC060,Offline,N/A,N/A
2026-04-01 01:15:00,Lab_210_PC061,Offline,N/A,N/A
2026-04-01 01:15:00,Lab_210_PC062,Offline,N/A,N/A
2026-04-01 01:15:00,Lab_210_PC063,Offline,N/A,N/A
2026-04-01 01:15:00,Lab_210_PC064,Offline,N/A,N/A
2026-04-01 01:15:00,Lab_210_PC065,In Use,AnonUser_0159,75
2026-04-01 01:15:00,Lab_210_PC066,Offline,N/A,N/A
2026-04-01 01:15:00,Lab_210_PC067,Idle,AnonUser_0174,180
2026-04-01 01:15:00,Lab_210_PC068,In Use,AnonUser_0084,60
2026-04-01 01:15:00,Lab_210_PC069,In Use,AnonUser_0137,195
2026-04-01 01:15:00,Lab_210_PC070,Offline,N/A,N/A
2026-04-01 01:15:00,Lab_210_PC071,Offline,N/A,N/A
2026-04-01 01:15:00,Lab_210_PC072,Offline,N/A,N/A
2026-04-01 01:15:00,Lab_210_PC073,Offline,N/A,N/A
2026-04-01 01:15:00,Lab_210_PC074,Offline,N/A,N/A
2026-04-01 01:15:00,Lab_210_PC075,Offline,N/A,N/A
2026-04-01 01:15:00,Lab_210_PC076,Offline,N/A,N/A
2026-04-01 01:15:00,Lab_210_PC077,Offline,N/A,N/A
2026-04-01 01:15:00,Lab_210_PC078,Offline,N/A,N/A
2026-04-01 01:15:00,Lab_210_PC079,Offline,N/A,N/A
2026-04-01 01:15:00,Lab_210_PC080,Offline,N/A,N/A
2026-04-01 01:15:00,Lab_210_PC081,Offline,N/A,N/A
2026-04-01 01:15:00,Lab_219_PC082,In Use,AnonUser_0171,225
2026-04-01 01:15:00,Lab_219_PC083,Offline,N/A,N/A
2026-04-01 01:15:00,Lab_219_PC084,Offline,N/A,N/A
2026-04-01 01:15:00,Lab_219_PC085,Offline,N/A,N/A
2026-04-01 01:15:00,Lab_219_PC086,Offline,N/A,N/A
2026-04-01 01:15:00,Lab_219_PC087,Offline,N/A,N/A
2026-04-01 01:15:00,Lab_219_PC088,Offline,N/A,N/A
2026-04-01 01:15:00,Lab_219_PC089,Offline,N/A,N/A
2026-04-01 01:15:00,Lab_219_PC090,Offline,N/A,N/A
2026-04-01 01:15:00,Lab_219_PC091,Offline,N/A,N/A
2026-04-01 01:15:00,Lab_219_PC092,Offline,N/A,N/A
2026-04-01 01:15:00,Lab_219_PC093,Offline,N/A,N/A
2026-04-01 01:15:00,Lab_219_PC094,Offline,N/A,N/A
2026-04-01 01:15:00,Lab_219_PC095,Offline,N/A,N/A
2026-04-01 01:15:00,Lab_219_PC096,Offline,N/A,N/A
2026-04-01 01:15:00,Lab_219_PC097,Offline,N/A,N/A
2026-04-01 01:15:00,Lab_219_PC098,Offline,N/A,N/A
2026-04-01 01:15:00,Lab_219_PC099,Offline,N/A,N/A
2026-04-01 01:15:00,Lab_219_PC100,Offline,N/A,N/A
2026-04-01 01:15:00,Lab_219_PC101,Offline,N/A,N/A
2026-04-01 01:15:00,Lab_219_PC102,Offline,N/A,N/A
2026-04-01 01:15:00,Lab_219_PC103,Offline,N/A,N/A
2026-04-01 01:15:00,Lab_219_PC104,Offline,N/A,N/A
2026-04-01 01:15:00,Lab_219_PC105,In Use,AnonUser_0066,30
2026-04-01 01:15:00,Lab_219_PC106,Offline,N/A,N/A
2026-04-01 01:15:00,Lab_219_PC107,Idle,AnonUser_0010,90
2026-04-01 01:15:00,Lab_219_PC108,Offline,N/A,N/A
2026-04-01 01:15:00,Lab_219_PC109,Offline,N/A,N/A
2026-04-01 01:15:00,Lab_219_PC110,Idle,AnonUser_0105,165
2026-04-01 01:15:00,Lab_219_PC111,In Use,AnonUser_0161,90
2026-04-01 01:15:00,Lab_219_PC112,Offline,N/A,N/A
2026-04-01 01:15:00,Lab_219_PC113,Offline,N/A,N/A
2026-04-01 01:15:00,Lab_219_PC114,Offline,N/A,N/A
2026-04-01 01:15:00,Lab_219_PC115,Offline,N/A,N/A
2026-04-01 01:15:00,Lab_219_PC116,In Use,AnonUser_0143,45
2026-04-01 01:15:00,Lab_219_PC117,Offline,N/A,N/A
2026-04-01 01:15:00,Lab_219_PC118,Idle,AnonUser_0051,225
2026-04-01 01:15:00,Lab_219_PC119,In Use,AnonUser_0043,90
2026-04-01 01:15:00,Lab_219_PC120,In Use,AnonUser_0103,30
2026-04-01 01:15:00,Lab_219_PC121,Offline,N/A,N/A
2026-04-01 01:15:00,Lab_219_PC122,Offline,N/A,N/A
2026-04-01 01:15:00,Lab_219_PC123,In Use,AnonUser_0026,75
2026-04-01 01:15:00,Lab_219_PC124,Offline,N/A,N/A
2026-04-01 01:15:00,Lab_219_PC125,Offline,N/A,N/A
2026-04-01 01:15:00,Lab_219_PC126,In Use,AnonUser_0177,30
2026-04-01 01:15:00,Lab_219_PC127,Offline,N/A,N/A
2026-04-01 01:15:00,Lab_219_PC128,Offline,N/A,N/A
2026-04-01 01:15:00,Lab_219_PC129,Offline,N/A,N/A
2026-04-01 01:15:00,Lab_219_PC130,Offline,N/A,N/A
2026-04-01 01:15:00,Lab_219_PC131,Offline,N/A,N/A
2026-04-01 01:15:00,Lab_219_PC132,Offline,N/A,N/A
2026-04-01 01:15:00,Lab_219_PC133,Offline,N/A,N/A
2026-04-01 01:15:00,Lab_219_PC134,Offline,N/A,N/A
2026-04-01 01:15:00,Lab_219_PC135,Offline,N/A,N/A
2026-04-01 01:15:00,Lab_219_PC136,Offline,N/A,N/A
2026-04-01 01:15:00,Lab_219_PC137,Offline,N/A,N/A
2026-04-01 01:15:00,Lab_219_PC138,Offline,N/A,N/A
2026-04-01 01:15:00,Lab_219_PC139,Offline,N/A,N/A
2026-04-01 01:15:00,Lab_219_PC140,Offline,N/A,N/A
2026-04-01 01:15:00,Lab_219_PC141,Offline,N/A,N/A
2026-04-01 01:15:00,Lab_219_PC142,Offline,N/A,N/A
2026-04-01 01:15:00,Lab_219_PC143,Offline,N/A,N/A
2026-04-01 01:15:00,Lab_219_PC144,Offline,N/A,N/A
2026-04-01 01:15:00,Lab_219_PC145,Offline,N/A,N/A
2026-04-01 01:15:00,Lab_219_PC146,Offline,N/A,N/A
2026-04-01 01:15:00,Lab_219_PC147,Offline,N/A,N/A
2026-04-01 01:15:00,Lab_219_PC148,Offline,N/A,N/A
2026-04-01 01:15:00,Lab_219_PC149,In Use,AnonUser_0150,60
2026-04-01 01:15:00,Lab_219_PC150,Offline,N/A,N/A
2026-04-01 01:15:00,Lab_219_PC151,Offline,N/A,N/A
2026-04-01 01:15:00,Lab_219_PC152,Offline,N/A,N/A
2026-04-01 01:15:00,Lab_219_PC153,Offline,N/A,N/A
2026-04-01 01:15:00,Lab_219_PC154,Offline,N/A,N/A
2026-04-01 01:15:00,Lab_219_PC155,Offline,N/A,N/A
2026-04-01 01:15:00,Lab_219_PC156,Offline,N/A,N/A
2026-04-01 01:15:00,Lab_219_PC157,Offline,N/A,N/A
2026-04-01 01:15:00,Lab_219_PC158,Offline,N/A,N/A
2026-04-01 01:15:00,Lab_219_PC159,In Use,AnonUser_0135,165
2026-04-01 01:15:00,Lab_219_PC160,Offline,N/A,N/A
2026-04-01 01:15:00,Lab_219_PC161,In Use,AnonUser_0100,45
2026-04-01 01:15:00,Lab_219_PC162,Offline,N/A,N/A
2026-04-01 01:15:00,Lab_219_PC163,Offline,N/A,N/A
2026-04-01 01:15:00,Lab_219_PC164,Offline,N/A,N/A
2026-04-01 01:15:00,Lab_219_PC165,Offline,N/A,N/A
2026-04-01 01:15:00,Lab_219_PC166,Offline,N/A,N/A
2026-04-01 01:15:00,Lab_219_PC167,Offline,N/A,N/A
2026-04-01 01:15:00,Lab_219_PC168,Offline,N/A,N/A
2026-04-01 01:15:00,Lab_219_PC169,Offline,N/A,N/A
2026-04-01 01:15:00,Lab_219_PC170,In Use,AnonUser_0117,180
2026-04-01 01:15:00,Lab_219_PC171,Offline,N/A,N/A
2026-04-01 01:15:00,Lab_219_PC172,Offline,N/A,N/A
2026-04-01 01:15:00,Lab_219_PC173,Idle,AnonUser_0167,210
2026-04-01 01:15:00,Lab_219_PC174,Offline,N/A,N/A
2026-04-01 01:15:00,Lab_219_PC175,Offline,N/A,N/A
2026-04-01 01:15:00,Lab_219_PC176,Offline,N/A,N/A
2026-04-01 01:15:00,Lab_219_PC177,Offline,N/A,N/A
2026-04-01 01:15:00,Lab_219_PC178,Offline,N/A,N/A
2026-04-01 01:15:00,Lab_219_PC179,Offline,N/A,N/A
2026-04-01 01:30:00,Lab_202_PC001,Offline,N/A,N/A
2026-04-01 01:30:00,Lab_202_PC002,Offline,N/A,N/A
2026-04-01 01:30:00,Lab_202_PC003,Offline,N/A,N/A
2026-04-01 01:30:00,Lab_202_PC004,Offline,N/A,N/A
2026-04-01 01:30:00,Lab_202_PC005,In Use,AnonUser_0001,75
2026-04-01 01:30:00,Lab_202_PC006,Offline,N/A,N/A
2026-04-01 01:30:00,Lab_202_PC007,Offline,N/A,N/A
2026-04-01 01:30:00,Lab_202_PC008,In Use,AnonUser_0053,45
2026-04-01 01:30:00,Lab_202_PC009,Offline,N/A,N/A
2026-04-01 01:30:00,Lab_202_PC010,Offline,N/A,N/A
2026-04-01 01:30:00,Lab_202_PC011,Offline,N/A,N/A
2026-04-01 01:30:00,Lab_202_PC012,Offline,N/A,N/A
2026-04-01 01:30:00,Lab_202_PC013,Offline,N/A,N/A
2026-04-01 01:30:00,Lab_202_PC014,In Use,AnonUser_0068,90
2026-04-01 01:30:00,Lab_202_PC015,Offline,N/A,N/A
2026-04-01 01:30:00,Lab_202_PC016,In Use,AnonUser_0158,210
2026-04-01 01:30:00,Lab_202_PC017,Offline,N/A,N/A
2026-04-01 01:30:00,Lab_202_PC018,Offline,N/A,N/A
2026-04-01 01:30:00,Lab_202_PC019,Offline,N/A,N/A
2026-04-01 01:30:00,Lab_202_PC020,Offline,N/A,N/A
2026-04-01 01:30:00,Lab_202_PC021,Offline,N/A,N/A
2026-04-01 01:30:00,Lab_202_PC022,Idle,AnonUser_0126,0
2026-04-01 01:30:00,Lab_202_PC023,In Use,AnonUser_0002,135
2026-04-01 01:30:00,Lab_202_PC024,Offline,N/A,N/A
2026-04-01 01:30:00,Lab_202_PC025,In Use,AnonUser_0138,105
2026-04-01 01:30:00,Lab_202_PC026,In Use,AnonUser_0145,150
2026-04-01 01:30:00,Lab_202_PC027,Offline,N/A,N/A
2026-04-01 01:30:00,Lab_202_PC028,Offline,N/A,N/A
2026-04-01 01:30:00,Lab_202_PC029,Offline,N/A,N/A
2026-04-01 01:30:00,Lab_202_PC030,Offline,N/A,N/A
2026-04-01 01:30:00,Lab_206_PC031,Offline,N/A,N/A
2026-04-01 01:30:00,Lab_206_PC032,Offline,N/A,N/A
2026-04-01 01:30:00,Lab_206_PC033,In Use,AnonUser_0054,30
2026-04-01 01:30:00,Lab_206_PC034,Offline,N/A,N/A
2026-04-01 01:30:00,Lab_206_PC035,Offline,N/A,N/A
2026-04-01 01:30:00,Lab_206_PC036,Offline,N/A,N/A
2026-04-01 01:30:00,Lab_206_PC037,Offline,N/A,N/A
2026-04-01 01:30:00,Lab_206_PC038,Offline,N/A,N/A
2026-04-01 01:30:00,Lab_206_PC039,In Use,AnonUser_0111,150
2026-04-01 01:30:00,Lab_206_PC040,Offline,N/A,N/A
2026-04-01 01:30:00,Lab_206_PC041,In Use,AnonUser_0113,135
2026-04-01 01:30:00,Lab_206_PC042,Offline,N/A,N/A
2026-04-01 01:30:00,Lab_206_PC043,In Use,AnonUser_0173,150
2026-04-01 01:30:00,Lab_206_PC044,Offline,N/A,N/A
2026-04-01 01:30:00,Lab_206_PC045,Idle,AnonUser_0067,120
2026-04-01 01:30:00,Lab_206_PC046,Idle,AnonUser_0157,30
2026-04-01 01:30:00,Lab_206_PC047,Idle,AnonUser_0023,135
2026-04-01 01:30:00,Lab_206_PC048,Offline,N/A,N/A
2026-04-01 01:30:00,Lab_206_PC049,Offline,N/A,N/A
2026-04-01 01:30:00,Lab_206_PC050,Offline,N/A,N/A
2026-04-01 01:30:00,Lab_206_PC051,Offline,N/A,N/A
2026-04-01 01:30:00,Lab_206_PC052,In Use,AnonUser_0125,120
2026-04-01 01:30:00,Lab_206_PC053,Offline,N/A,N/A
2026-04-01 01:30:00,Lab_206_PC054,Offline,N/A,N/A
2026-04-01 01:30:00,Lab_206_PC055,Idle,AnonUser_0041,45
2026-04-01 01:30:00,Lab_206_PC056,Offline,N/A,N/A
2026-04-01 01:30:00,Lab_206_PC057,In Use,AnonUser_0038,105
2026-04-01 01:30:00,Lab_206_PC058,In Use,AnonUser_0132,120
2026-04-01 01:30:00,Lab_206_PC059,In Use,AnonUser_0127,15
2026-04-01 01:30:00,Lab_206_PC060,Offline,N/A,N/A
2026-04-01 01:30:00,Lab_210_PC061,Offline,N/A,N/A
2026-04-01 01:30:00,Lab_210_PC062,Offline,N/A,N/A
2026-04-01 01:30:00,Lab_210_PC063,Idle,AnonUser_0047,15
2026-04-01 01:30:00,Lab_210_PC064,Offline,N/A,N/A
2026-04-01 01:30:00,Lab_210_PC065,Idle,AnonUser_0159,60
2026-04-01 01:30:00,Lab_210_PC066,Offline,N/A,N/A
2026-04-01 01:30:00,Lab_210_PC067,In Use,AnonUser_0174,165
2026-04-01 01:30:00,Lab_210_PC068,Idle,AnonUser_0084,45
2026-04-01 01:30:00,Lab_210_PC069,In Use,AnonUser_0137,180
2026-04-01 01:30:00,Lab_210_PC070,Offline,N/A,N/A
2026-04-01 01:30:00,Lab_210_PC071,Idle,AnonUser_0168,45
2026-04-01 01:30:00,Lab_210_PC072,Offline,N/A,N/A
2026-04-01 01:30:00,Lab_210_PC073,Offline,N/A,N/A
2026-04-01 01:30:00,Lab_210_PC074,Offline,N/A,N/A
2026-04-01 01:30:00,Lab_210_PC075,Offline,N/A,N/A
2026-04-01 01:30:00,Lab_210_PC076,Offline,N/A,N/A
2026-04-01 01:30:00,Lab_210_PC077,Offline,N/A,N/A
2026-04-01 01:30:00,Lab_210_PC078,Offline,N/A,N/A
2026-04-01 01:30:00,Lab_210_PC079,Offline,N/A,N/A
2026-04-01 01:30:00,Lab_210_PC080,Offline,N/A,N/A
2026-04-01 01:30:00,Lab_210_PC081,Offline,N/A,N/A
2026-04-01 01:30:00,Lab_219_PC082,In Use,AnonUser_0171,210
2026-04-01 01:30:00,Lab_219_PC083,Offline,N/A,N/A
2026-04-01 01:30:00,Lab_219_PC084,Offline,N/A,N/A
2026-04-01 01:30:00,Lab_219_PC085,Offline,N/A,N/A
2026-04-01 01:30:00,Lab_219_PC086,Offline,N/A,N/A
2026-04-01 01:30:00,Lab_219_PC087,Offline,N/A,N/A
2026-04-01 01:30:00,Lab_219_PC088,Offline,N/A,N/A
2026-04-01 01:30:00,Lab_219_PC089,Offline,N/A,N/A
2026-04-01 01:30:00,Lab_219_PC090,Offline,N/A,N/A
2026-04-01 01:30:00,Lab_219_PC091,Idle,AnonUser_0050,30
2026-04-01 01:30:00,Lab_219_PC092,Offline,N/A,N/A
2026-04-01 01:30:00,Lab_219_PC093,Offline,N/A,N/A
2026-04-01 01:30:00,Lab_219_PC094,Offline,N/A,N/A
2026-04-01 01:30:00,Lab_219_PC095,Offline,N/A,N/A
2026-04-01 01:30:00,Lab_219_PC096,Offline,N/A,N/A
2026-04-01 01:30:00,Lab_219_PC097,Offline,N/A,N/A
2026-04-01 01:30:00,Lab_219_PC098,Offline,N/A,N/A
2026-04-01 01:30:00,Lab_219_PC099,Offline,N/A,N/A
2026-04-01 01:30:00,Lab_219_PC100,Offline,N/A,N/A
2026-04-01 01:30:00,Lab_219_PC101,Offline,N/A,N/A
2026-04-01 01:30:00,Lab_219_PC102,Offline,N/A,N/A
2026-04-01 01:30:00,Lab_219_PC103,Offline,N/A,N/A
2026-04-01 01:30:00,Lab_219_PC104,Offline,N/A,N/A
2026-04-01 01:30:00,Lab_219_PC105,In Use,AnonUser_0066,15
2026-04-01 01:30:00,Lab_219_PC106,Offline,N/A,N/A
2026-04-01 01:30:00,Lab_219_PC107,In Use,AnonUser_0010,75
2026-04-01 01:30:00,Lab_219_PC108,Offline,N/A,N/A
2026-04-01 01:30:00,Lab_219_PC109,Offline,N/A,N/A
2026-04-01 01:30:00,Lab_219_PC110,In Use,AnonUser_0105,150
2026-04-01 01:30:00,Lab_219_PC111,In Use,AnonUser_0161,75
2026-04-01 01:30:00,Lab_219_PC112,Offline,N/A,N/A
2026-04-01 01:30:00,Lab_219_PC113,Offline,N/A,N/A
2026-04-01 01:30:00,Lab_219_PC114,Offline,N/A,N/A
2026-04-01 01:30:00,Lab_219_PC115,Offline,N/A,N/A
2026-04-01 01:30:00,Lab_219_PC116,In Use,AnonUser_0143,30
2026-04-01 01:30:00,Lab_219_PC117,Offline,N/A,N/A
2026-04-01 01:30:00,Lab_219_PC118,In Use,AnonUser_0051,210
2026-04-01 01:30:00,Lab_219_PC119,In Use,AnonUser_0043,75
2026-04-01 01:30:00,Lab_219_PC120,In Use,AnonUser_0103,15
2026-04-01 01:30:00,Lab_219_PC121,Offline,N/A,N/A
2026-04-01 01:30:00,Lab_219_PC122,Offline,N/A,N/A
2026-04-01 01:30:00,Lab_219_PC123,In Use,AnonUser_0026,60
2026-04-01 01:30:00,Lab_219_PC124,Offline,N/A,N/A
2026-04-01 01:30:00,Lab_219_PC125,Offline,N/A,N/A
2026-04-01 01:30:00,Lab_219_PC126,In Use,AnonUser_0177,15
2026-04-01 01:30:00,Lab_219_PC127,Offline,N/A,N/A
2026-04-01 01:30:00,Lab_219_PC128,Offline,N/A,N/A
2026-04-01 01:30:00,Lab_219_PC129,Offline,N/A,N/A
2026-04-01 01:30:00,Lab_219_PC130,Offline,N/A,N/A
2026-04-01 01:30:00,Lab_219_PC131,Offline,N/A,N/A
2026-04-01 01:30:00,Lab_219_PC132,Idle,AnonUser_0033,135
2026-04-01 01:30:00,Lab_219_PC133,Offline,N/A,N/A
2026-04-01 01:30:00,Lab_219_PC134,Offline,N/A,N/A
2026-04-01 01:30:00,Lab_219_PC135,Offline,N/A,N/A
2026-04-01 01:30:00,Lab_219_PC136,Offline,N/A,N/A
2026-04-01 01:30:00,Lab_219_PC137,Offline,N/A,N/A
2026-04-01 01:30:00,Lab_219_PC138,Offline,N/A,N/A
2026-04-01 01:30:00,Lab_219_PC139,Offline,N/A,N/A
2026-04-01 01:30:00,Lab_219_PC140,Idle,AnonUser_0154,210
2026-04-01 01:30:00,Lab_219_PC141,Offline,N/A,N/A
2026-04-01 01:30:00,Lab_219_PC142,Offline,N/A,N/A
2026-04-01 01:30:00,Lab_219_PC143,Idle,AnonUser_0085,165
2026-04-01 01:30:00,Lab_219_PC144,Offline,N/A,N/A
2026-04-01 01:30:00,Lab_219_PC145,Offline,N/A,N/A
2026-04-01 01:30:00,Lab_219_PC146,Offline,N/A,N/A
2026-04-01 01:30:00,Lab_219_PC147,Offline,N/A,N/A
2026-04-01 01:30:00,Lab_219_PC148,Offline,N/A,N/A
2026-04-01 01:30:00,Lab_219_PC149,In Use,AnonUser_0150,45
2026-04-01 01:30:00,Lab_219_PC150,Offline,N/A,N/A
2026-04-01 01:30:00,Lab_219_PC151,Offline,N/A,N/A
2026-04-01 01:30:00,Lab_219_PC152,Offline,N/A,N/A
2026-04-01 01:30:00,Lab_219_PC153,Offline,N/A,N/A
2026-04-01 01:30:00,Lab_219_PC154,Offline,N/A,N/A
2026-04-01 01:30:00,Lab_219_PC155,In Use,AnonUser_0142,30
2026-04-01 01:30:00,Lab_219_PC156,Offline,N/A,N/A
2026-04-01 01:30:00,Lab_219_PC157,Offline,N/A,N/A
2026-04-01 01:30:00,Lab_219_PC158,Offline,N/A,N/A
2026-04-01 01:30:00,Lab_219_PC159,In Use,AnonUser_0135,150
2026-04-01 01:30:00,Lab_219_PC160,Offline,N/A,N/A
2026-04-01 01:30:00,Lab_219_PC161,In Use,AnonUser_0100,30
2026-04-01 01:30:00,Lab_219_PC162,Offline,N/A,N/A
2026-04-01 01:30:00,Lab_219_PC163,Idle,AnonUser_0101,195
2026-04-01 01:30:00,Lab_219_PC164,Offline,N/A,N/A
2026-04-01 01:30:00,Lab_219_PC165,Offline,N/A,N/A
2026-04-01 01:30:00,Lab_219_PC166,Offline,N/A,N/A
2026-04-01 01:30:00,Lab_219_PC167,Offline,N/A,N/A
2026-04-01 01:30:00,Lab_219_PC168,Offline,N/A,N/A
2026-04-01 01:30:00,Lab_219_PC169,Offline,N/A,N/A
2026-04-01 01:30:00,Lab_219_PC170,In Use,AnonUser_0117,165
2026-04-01 01:30:00,Lab_219_PC171,Offline,N/A,N/A
2026-04-01 01:30:00,Lab_219_PC172,Offline,N/A,N/A
2026-04-01 01:30:00,Lab_219_PC173,In Use,AnonUser_0167,195
2026-04-01 01:30:00,Lab_219_PC174,Offline,N/A,N/A
2026-04-01 01:30:00,Lab_219_PC175,Offline,N/A,N/A
2026-04-01 01:30:00,Lab_219_PC176,Offline,N/A,N/A
2026-04-01 01:30:00,Lab_219_PC177,Offline,N/A,N/A
2026-04-01 01:30:00,Lab_219_PC178,Offline,N/A,N/A
2026-04-01 01:30:00,Lab_219_PC179,Offline,N/A,N/A
2026-04-01 01:45:00,Lab_202_PC001,Offline,N/A,N/A
2026-04-01 01:45:00,Lab_202_PC002,Offline,N/A,N/A
2026-04-01 01:45:00,Lab_202_PC003,Offline,N/A,N/A
2026-04-01 01:45:00,Lab_202_PC004,Offline,N/A,N/A
2026-04-01 01:45:00,Lab_202_PC005,In Use,AnonUser_0001,60
2026-04-01 01:45:00,Lab_202_PC006,Offline,N/A,N/A
2026-04-01 01:45:00,Lab_202_PC007,Offline,N/A,N/A
2026-04-01 01:45:00,Lab_202_PC008,In Use,AnonUser_0053,30
2026-04-01 01:45:00,Lab_202_PC009,Offline,N/A,N/A
2026-04-01 01:45:00,Lab_202_PC010,Offline,N/A,N/A
2026-04-01 01:45:00,Lab_202_PC011,Offline,N/A,N/A
2026-04-01 01:45:00,Lab_202_PC012,Offline,N/A,N/A
2026-04-01 01:45:00,Lab_202_PC013,Offline,N/A,N/A
2026-04-01 01:45:00,Lab_202_PC014,Idle,AnonUser_0068,75
2026-04-01 01:45:00,Lab_202_PC015,Offline,N/A,N/A
2026-04-01 01:45:00,Lab_202_PC016,In Use,AnonUser_0158,195
2026-04-01 01:45:00,Lab_202_PC017,Offline,N/A,N/A
2026-04-01 01:45:00,Lab_202_PC018,Offline,N/A,N/A
2026-04-01 01:45:00,Lab_202_PC019,Offline,N/A,N/A
2026-04-01 01:45:00,Lab_202_PC020,Offline,N/A,N/A
2026-04-01 01:45:00,Lab_202_PC021,Offline,N/A,N/A
2026-04-01 01:45:00,Lab_202_PC022,Offline,N/A,N/A
2026-04-01 01:45:00,Lab_202_PC023,In Use,AnonUser_0002,120
2026-04-01 01:45:00,Lab_202_PC024,Offline,N/A,N/A
2026-04-01 01:45:00,Lab_202_PC025,In Use,AnonUser_0138,90
2026-04-01 01:45:00,Lab_202_PC026,Idle,AnonUser_0145,135
2026-04-01 01:45:00,Lab_202_PC027,Offline,N/A,N/A
2026-04-01 01:45:00,Lab_202_PC028,Offline,N/A,N/A
2026-04-01 01:45:00,Lab_202_PC029,Idle,AnonUser_0139,180
2026-04-01 01:45:00,Lab_202_PC030,Offline,N/A,N/A
2026-04-01 01:45:00,Lab_206_PC031,Offline,N/A,N/A
2026-04-01 01:45:00,Lab_206_PC032,Offline,N/A,N/A
2026-04-01 01:45:00,Lab_206_PC033,In Use,AnonUser_0054,15
2026-04-01 01:45:00,Lab_206_PC034,Offline,N/A,N/A
2026-04-01 01:45:00,Lab_206_PC035,Offline,N/A,N/A
2026-04-01 01:45:00,Lab_206_PC036,Offline,N/A,N/A
2026-04-01 01:45:00,Lab_206_PC037,Offline,N/A,N/A
2026-04-01 01:45:00,Lab_206_PC038,Offline,N/A,N/A
2026-04-01 01:45:00,Lab_206_PC039,In Use,AnonUser_0111,135
2026-04-01 01:45:00,Lab_206_PC040,Offline,N/A,N/A
2026-04-01 01:45:00,Lab_206_PC041,In Use,AnonUser_0113,120
2026-04-01 01:45:00,Lab_206_PC042,Offline,N/A,N/A
2026-04-01 01:45:00,Lab_206_PC043,In Use,AnonUser_0173,135
2026-04-01 01:45:00,Lab_206_PC044,Offline,N/A,N/A
2026-04-01 01:45:00,Lab_206_PC045,In Use,AnonUser_0067,105
2026-04-01 01:45:00,Lab_206_PC046,In Use,AnonUser_0157,15
2026-04-01 01:45:00,Lab_206_PC047,In Use,AnonUser_0023,120
2026-04-01 01:45:00,Lab_206_PC048,Offline,N/A,N/A
2026-04-01 01:45:00,Lab_206_PC049,Offline,N/A,N/A
2026-04-01 01:45:00,Lab_206_PC050,Offline,N/A,N/A
2026-04-01 01:45:00,Lab_206_PC051,Offline,N/A,N/A
2026-04-01 01:45:00,Lab_206_PC052,In Use,AnonUser_0125,105
2026-04-01 01:45:00,Lab_206_PC053,Offline,N/A,N/A
2026-04-01 01:45:00,Lab_206_PC054,Offline,N/A,N/A
2026-04-01 01:45:00,Lab_206_PC055,In Use,AnonUser_0041,30
2026-04-01 01:45:00,Lab_206_PC056,Offline,N/A,N/A
2026-04-01 01:45:00,Lab_206_PC057,Idle,AnonUser_0038,90
2026-04-01 01:45:00,Lab_206_PC058,In Use,AnonUser_0132,105
2026-04-01 01:45:00,Lab_206_PC059,In Use,AnonUser_0127,0
2026-04-01 01:45:00,Lab_206_PC060,Offline,N/A,N/A
2026-04-01 01:45:00,Lab_210_PC061,Offline,N/A,N/A
2026-04-01 01:45:00,Lab_210_PC062,Offline,N/A,N/A
2026-04-01 01:45:00,Lab_210_PC063,In Use,AnonUser_0047,0
2026-04-01 01:45:00,Lab_210_PC064,Offline,N/A,N/A
2026-04-01 01:45:00,Lab_210_PC065,Idle,AnonUser_0159,45
2026-04-01 01:45:00,Lab_210_PC066,Offline,N/A,N/A
2026-04-01 01:45:00,Lab_210_PC067,Idle,AnonUser_0174,150
2026-04-01 01:45:00,Lab_210_PC068,Idle,AnonUser_0084,30
2026-04-01 01:45:00,Lab_210_PC069,In Use,AnonUser_0137,165
2026-04-01 01:45:00,Lab_210_PC070,In Use,AnonUser_0166,60
2026-04-01 01:45:00,Lab_210_PC071,In Use,AnonUser_0168,30
2026-04-01 01:45:00,Lab_210_PC072,Offline,N/A,N/A
2026-04-01 01:45:00,Lab_210_PC073,Offline,N/A,N/A
2026-04-01 01:45:00,Lab_210_PC074,Offline,N/A,N/A
2026-04-01 01:45:00,Lab_210_PC075,Offline,N/A,N/A
2026-04-01 01:45:00,Lab_210_PC076,Offline,N/A,N/A
2026-04-01 01:45:00,Lab_210_PC077,Offline,N/A,N/A
2026-04-01 01:45:00,Lab_210_PC078,Offline,N/A,N/A
2026-04-01 01:45:00,Lab_210_PC079,Offline,N/A,N/A
2026-04-01 01:45:00,Lab_210_PC080,Offline,N/A,N/A
2026-04-01 01:45:00,Lab_210_PC081,Offline,N/A,N/A
2026-04-01 01:45:00,Lab_219_PC082,In Use,AnonUser_0171,195
2026-04-01 01:45:00,Lab_219_PC083,Offline,N/A,N/A
2026-04-01 01:45:00,Lab_219_PC084,Offline,N/A,N/A
2026-04-01 01:45:00,Lab_219_PC085,Offline,N/A,N/A
2026-04-01 01:45:00,Lab_219_PC086,Offline,N/A,N/A
2026-04-01 01:45:00,Lab_219_PC087,Offline,N/A,N/A
2026-04-01 01:45:00,Lab_219_PC088,Offline,N/A,N/A
2026-04-01 01:45:00,Lab_219_PC089,Offline,N/A,N/A
2026-04-01 01:45:00,Lab_219_PC090,Offline,N/A,N/A
2026-04-01 01:45:00,Lab_219_PC091,In Use,AnonUser_0050,15
2026-04-01 01:45:00,Lab_219_PC092,Offline,N/A,N/A
2026-04-01 01:45:00,Lab_219_PC093,Offline,N/A,N/A
2026-04-01 01:45:00,Lab_219_PC094,Offline,N/A,N/A
2026-04-01 01:45:00,Lab_219_PC095,Offline,N/A,N/A
2026-04-01 01:45:00,Lab_219_PC096,Offline,N/A,N/A
2026-04-01 01:45:00,Lab_219_PC097,Offline,N/A,N/A
2026-04-01 01:45:00,Lab_219_PC098,Offline,N/A,N/A
2026-04-01 01:45:00,Lab_219_PC099,Offline,N/A,N/A
2026-04-01 01:45:00,Lab_219_PC100,Offline,N/A,N/A
2026-04-01 01:45:00,Lab_219_PC101,Offline,N/A,N/A
2026-04-01 01:45:00,Lab_219_PC102,Offline,N/A,N/A
2026-04-01 01:45:00,Lab_219_PC103,Offline,N/A,N/A
2026-04-01 01:45:00,Lab_219_PC104,Offline,N/A,N/A
2026-04-01 01:45:00,Lab_219_PC105,Idle,AnonUser_0066,0
2026-04-01 01:45:00,Lab_219_PC106,Offline,N/A,N/A
2026-04-01 01:45:00,Lab_219_PC107,In Use,AnonUser_0010,60
2026-04-01 01:45:00,Lab_219_PC108,Offline,N/A,N/A
2026-04-01 01:45:00,Lab_219_PC109,Offline,N/A,N/A
2026-04-01 01:45:00,Lab_219_PC110,Idle,AnonUser_0105,135
2026-04-01 01:45:00,Lab_219_PC111,In Use,AnonUser_0161,60
2026-04-01 01:45:00,Lab_219_PC112,Offline,N/A,N/A
2026-04-01 01:45:00,Lab_219_PC113,Offline,N/A,N/A
2026-04-01 01:45:00,Lab_219_PC114,Offline,N/A,N/A
2026-04-01 01:45:00,Lab_219_PC115,In Use,AnonUser_0110,195
2026-04-01 01:45:00,Lab_219_PC116,In Use,AnonUser_0143,15
2026-04-01 01:45:00,Lab_219_PC117,Offline,N/A,N/A
2026-04-01 01:45:00,Lab_219_PC118,In Use,AnonUser_0051,195
2026-04-01 01:45:00,Lab_219_PC119,In Use,AnonUser_0043,60
2026-04-01 01:45:00,Lab_219_PC120,In Use,AnonUser_0103,0
2026-04-01 01:45:00,Lab_219_PC121,Offline,N/A,N/A
2026-04-01 01:45:00,Lab_219_PC122,Idle,AnonUser_0151,225
2026-04-01 01:45:00,Lab_219_PC123,In Use,AnonUser_0026,45
2026-04-01 01:45:00,Lab_219_PC124,Offline,N/A,N/A
2026-04-01 01:45:00,Lab_219_PC125,Offline,N/A,N/A
2026-04-01 01:45:00,Lab_219_PC126,In Use,AnonUser_0177,0
2026-04-01 01:45:00,Lab_219_PC127,Offline,N/A,N/A
2026-04-01 01:45:00,Lab_219_PC128,Offline,N/A,N/A
2026-04-01 01:45:00,Lab_219_PC129,Offline,N/A,N/A
2026-04-01 01:45:00,Lab_219_PC130,Offline,N/A,N/A
2026-04-01 01:45:00,Lab_219_PC131,Offline,N/A,N/A
2026-04-01 01:45:00,Lab_219_PC132,In Use,AnonUser_0033,120
2026-04-01 01:45:00,Lab_219_PC133,Offline,N/A,N/A
2026-04-01 01:45:00,Lab_219_PC134,Offline,N/A,N/A
2026-04-01 01:45:00,Lab_219_PC135,Offline,N/A,N/A
2026-04-01 01:45:00,Lab_219_PC136,Offline,N/A,N/A
2026-04-01 01:45:00,Lab_219_PC137,Offline,N/A,N/A
2026-04-01 01:45:00,Lab_219_PC138,Offline,N/A,N/A
2026-04-01 01:45:00,Lab_219_PC139,Offline,N/A,N/A
2026-04-01 01:45:00,Lab_219_PC140,In Use,AnonUser_0154,195
2026-04-01 01:45:00,Lab_219_PC141,Offline,N/A,N/A
2026-04-01 01:45:00,Lab_219_PC142,Offline,N/A,N/A
2026-04-01 01:45:00,Lab_219_PC143,Idle,AnonUser_0085,150
2026-04-01 01:45:00,Lab_219_PC144,Idle,AnonUser_0169,30
2026-04-01 01:45:00,Lab_219_PC145,Offline,N/A,N/A
2026-04-01 01:45:00,Lab_219_PC146,Offline,N/A,N/A
2026-04-01 01:45:00,Lab_219_PC147,Offline,N/A,N/A
2026-04-01 01:45:00,Lab_219_PC148,Offline,N/A,N/A
2026-04-01 01:45:00,Lab_219_PC149,In Use,AnonUser_0150,30
2026-04-01 01:45:00,Lab_219_PC150,Offline,N/A,N/A
2026-04-01 01:45:00,Lab_219_PC151,Offline,N/A,N/A
2026-04-01 01:45:00,Lab_219_PC152,Offline,N/A,N/A
2026-04-01 01:45:00,Lab_219_PC153,Offline,N/A,N/A
2026-04-01 01:45:00,Lab_219_PC154,Offline,N/A,N/A
2026-04-01 01:45:00,Lab_219_PC155,In Use,AnonUser_0142,15
2026-04-01 01:45:00,Lab_219_PC156,Offline,N/A,N/A
2026-04-01 01:45:00,Lab_219_PC157,Offline,N/A,N/A
2026-04-01 01:45:00,Lab_219_PC158,Offline,N/A,N/A
2026-04-01 01:45:00,Lab_219_PC159,In Use,AnonUser_0135,135
2026-04-01 01:45:00,Lab_219_PC160,Offline,N/A,N/A
2026-04-01 01:45:00,Lab_219_PC161,In Use,AnonUser_0100,15
2026-04-01 01:45:00,Lab_219_PC162,In Use,AnonUser_0063,180
2026-04-01 01:45:00,Lab_219_PC163,In Use,AnonUser_0101,180
2026-04-01 01:45:00,Lab_219_PC164,Offline,N/A,N/A
2026-04-01 01:45:00,Lab_219_PC165,Idle,AnonUser_0097,195
2026-04-01 01:45:00,Lab_219_PC166,Offline,N/A,N/A
2026-04-01 01:45:00,Lab_219_PC167,Offline,N/A,N/A
2026-04-01 01:45:00,Lab_219_PC168,Offline,N/A,N/A
2026-04-01 01:45:00,Lab_219_PC169,Offline,N/A,N/A
2026-04-01 01:45:00,Lab_219_PC170,In Use,AnonUser_0117,150
2026-04-01 01:45:00,Lab_219_PC171,Idle,AnonUser_0170,165
2026-04-01 01:45:00,Lab_219_PC172,Offline,N/A,N/A
2026-04-01 01:45:00,Lab_219_PC173,In Use,AnonUser_0167,180
2026-04-01 01:45:00,Lab_219_PC174,Offline,N/A,N/A
2026-04-01 01:45:00,Lab_219_PC175,Offline,N/A,N/A
2026-04-01 01:45:00,Lab_219_PC176,Offline,N/A,N/A
2026-04-01 01:45:00,Lab_219_PC177,Offline,N/A,N/A
2026-04-01 01:45:00,Lab_219_PC178,Offline,N/A,N/A
2026-04-01 01:45:00,Lab_219_PC179,Offline,N/A,N/A
2026-04-01 02:00:00,Lab_202_PC001,Offline,N/A,N/A
2026-04-01 02:00:00,Lab_202_PC002,Offline,N/A,N/A
2026-04-01 02:00:00,Lab_202_PC003,Offline,N/A,N/A
2026-04-01 02:00:00,Lab_202_PC004,Offline,N/A,N/A
2026-04-01 02:00:00,Lab_202_PC005,In Use,AnonUser_0001,45
2026-04-01 02:00:00,Lab_202_PC006,Offline,N/A,N/A
2026-04-01 02:00:00,Lab_202_PC007,Offline,N/A,N/A
2026-04-01 02:00:00,Lab_202_PC008,In Use,AnonUser_0053,15
2026-04-01 02:00:00,Lab_202_PC009,Offline,N/A,N/A
2026-04-01 02:00:00,Lab_202_PC010,Offline,N/A,N/A
2026-04-01 02:00:00,Lab_202_PC011,Offline,N/A,N/A
2026-04-01 02:00:00,Lab_202_PC012,Offline,N/A,N/A
2026-04-01 02:00:00,Lab_202_PC013,Offline,N/A,N/A
2026-04-01 02:00:00,Lab_202_PC014,In Use,AnonUser_0068,60
2026-04-01 02:00:00,Lab_202_PC015,Offline,N/A,N/A
2026-04-01 02:00:00,Lab_202_PC016,In Use,AnonUser_0158,180
2026-04-01 02:00:00,Lab_202_PC017,Offline,N/A,N/A
2026-04-01 02:00:00,Lab_202_PC018,Offline,N/A,N/A
2026-04-01 02:00:00,Lab_202_PC019,Offline,N/A,N/A
2026-04-01 02:00:00,Lab_202_PC020,Offline,N/A,N/A
2026-04-01 02:00:00,Lab_202_PC021,Offline,N/A,N/A
2026-04-01 02:00:00,Lab_202_PC022,Offline,N/A,N/A
2026-04-01 02:00:00,Lab_202_PC023,In Use,AnonUser_0002,105
2026-04-01 02:00:00,Lab_202_PC024,Offline,N/A,N/A
2026-04-01 02:00:00,Lab_202_PC025,In Use,AnonUser_0138,75
2026-04-01 02:00:00,Lab_202_PC026,In Use,AnonUser_0145,120
2026-04-01 02:00:00,Lab_202_PC027,Offline,N/A,N/A
2026-04-01 02:00:00,Lab_202_PC028,Idle,AnonUser_0009,165
2026-04-01 02:00:00,Lab_202_PC029,In Use,AnonUser_0139,165
2026-04-01 02:00:00,Lab_202_PC030,In Use,AnonUser_0029,210
2026-04-01 02:00:00,Lab_206_PC031,Offline,N/A,N/A
2026-04-01 02:00:00,Lab_206_PC032,Offline,N/A,N/A
2026-04-01 02:00:00,Lab_206_PC033,Idle,AnonUser_0054,0
2026-04-01 02:00:00,Lab_206_PC034,Idle,AnonUser_0018,195
2026-04-01 02:00:00,Lab_206_PC035,Offline,N/A,N/A
2026-04-01 02:00:00,Lab_206_PC036,Offline,N/A,N/A
2026-04-01 02:00:00,Lab_206_PC037,Offline,N/A,N/A
2026-04-01 02:00:00,Lab_206_PC038,Offline,N/A,N/A
2026-04-01 02:00:00,Lab_206_PC039,In Use,AnonUser_0111,120
2026-04-01 02:00:00,Lab_206_PC040,Offline,N/A,N/A
2026-04-01 02:00:00,Lab_206_PC041,In Use,AnonUser_0113,105
2026-04-01 02:00:00,Lab_206_PC042,Offline,N/A,N/A
2026-04-01 02:00:00,Lab_206_PC043,In Use,AnonUser_0173,120
2026-04-01 02:00:00,Lab_206_PC044,Offline,N/A,N/A
2026-04-01 02:00:00,Lab_206_PC045,Idle,AnonUser_0067,90
2026-04-01 02:00:00,Lab_206_PC046,In Use,AnonUser_0157,0
2026-04-01 02:00:00,Lab_206_PC047,Idle,AnonUser_0023,105
2026-04-01 02:00:00,Lab_206_PC048,Offline,N/A,N/A
2026-04-01 02:00:00,Lab_206_PC049,Offline,N/A,N/A
2026-04-01 02:00:00,Lab_206_PC050,Offline,N/A,N/A
2026-04-01 02:00:00,Lab_206_PC051,Offline,N/A,N/A
2026-04-01 02:00:00,Lab_206_PC052,In Use,AnonUser_0125,90
2026-04-01 02:00:00,Lab_206_PC053,Offline,N/A,N/A
2026-04-01 02:00:00,Lab_206_PC054,Offline,N/A,N/A
2026-04-01 02:00:00,Lab_206_PC055,In Use,AnonUser_0041,15
2026-04-01 02:00:00,Lab_206_PC056,Offline,N/A,N/A
2026-04-01 02:00:00,Lab_206_PC057,In Use,AnonUser_0038,75
2026-04-01 02:00:00,Lab_206_PC058,Idle,AnonUser_0132,90
2026-04-01 02:00:00,Lab_206_PC059,Offline,N/A,N/A
2026-04-01 02:00:00,Lab_206_PC060,Offline,N/A,N/A
2026-04-01 02:00:00,Lab_210_PC061,Offline,N/A,N/A
2026-04-01 02:00:00,Lab_210_PC062,Offline,N/A,N/A
2026-04-01 02:00:00,Lab_210_PC063,Offline,N/A,N/A
2026-04-01 02:00:00,Lab_210_PC064,Offline,N/A,N/A
2026-04-01 02:00:00,Lab_210_PC065,In Use,AnonUser_0159,30
2026-04-01 02:00:00,Lab_210_PC066,Offline,N/A,N/A
2026-04-01 02:00:00,Lab_210_PC067,In Use,AnonUser_0174,135
2026-04-01 02:00:00,Lab_210_PC068,Idle,AnonUser_0084,15
2026-04-01 02:00:00,Lab_210_PC069,Idle,AnonUser_0137,150
2026-04-01 02:00:00,Lab_210_PC070,Idle,AnonUser_0166,45
2026-04-01 02:00:00,Lab_210_PC071,In Use,AnonUser_0168,15
2026-04-01 02:00:00,Lab_210_PC072,Offline,N/A,N/A
2026-04-01 02:00:00,Lab_210_PC073,Offline,N/A,N/A
2026-04-01 02:00:00,Lab_210_PC074,Offline,N/A,N/A
2026-04-01 02:00:00,Lab_210_PC075,Offline,N/A,N/A
2026-04-01 02:00:00,Lab_210_PC076,Offline,N/A,N/A
2026-04-01 02:00:00,Lab_210_PC077,Offline,N/A,N/A
2026-04-01 02:00:00,Lab_210_PC078,Offline,N/A,N/A
2026-04-01 02:00:00,Lab_210_PC079,Offline,N/A,N/A
2026-04-01 02:00:00,Lab_210_PC080,Offline,N/A,N/A
2026-04-01 02:00:00,Lab_210_PC081,Offline,N/A,N/A
2026-04-01 02:00:00,Lab_219_PC082,In Use,AnonUser_0171,180
2026-04-01 02:00:00,Lab_219_PC083,Offline,N/A,N/A
2026-04-01 02:00:00,Lab_219_PC084,Offline,N/A,N/A
2026-04-01 02:00:00,Lab_219_PC085,Offline,N/A,N/A
2026-04-01 02:00:00,Lab_219_PC086,Offline,N/A,N/A
2026-04-01 02:00:00,Lab_219_PC087,Offline,N/A,N/A
2026-04-01 02:00:00,Lab_219_PC088,Offline,N/A,N/A
2026-04-01 02:00:00,Lab_219_PC089,Offline,N/A,N/A
2026-04-01 02:00:00,Lab_219_PC090,Offline,N/A,N/A
2026-04-01 02:00:00,Lab_219_PC091,In Use,AnonUser_0050,0
2026-04-01 02:00:00,Lab_219_PC092,Offline,N/A,N/A
2026-04-01 02:00:00,Lab_219_PC093,Offline,N/A,N/A
2026-04-01 02:00:00,Lab_219_PC094,Offline,N/A,N/A
2026-04-01 02:00:00,Lab_219_PC095,Offline,N/A,N/A
2026-04-01 02:00:00,Lab_219_PC096,Offline,N/A,N/A
2026-04-01 02:00:00,Lab_219_PC097,Offline,N/A,N/A
2026-04-01 02:00:00,Lab_219_PC098,Offline,N/A,N/A
2026-04-01 02:00:00,Lab_219_PC099,Offline,N/A,N/A
2026-04-01 02:00:00,Lab_219_PC100,Offline,N/A,N/A
2026-04-01 02:00:00,Lab_219_PC101,Idle,AnonUser_0037,180
2026-04-01 02:00:00,Lab_219_PC102,In Use,AnonUser_0160,210
2026-04-01 02:00:00,Lab_219_PC103,Offline,N/A,N/A
2026-04-01 02:00:00,Lab_219_PC104,Offline,N/A,N/A
2026-04-01 02:00:00,Lab_219_PC105,Offline,N/A,N/A
2026-04-01 02:00:00,Lab_219_PC106,Offline,N/A,N/A
2026-04-01 02:00:00,Lab_219_PC107,In Use,AnonUser_0010,45
2026-04-01 02:00:00,Lab_219_PC108,Offline,N/A,N/A
2026-04-01 02:00:00,Lab_219_PC109,Offline,N/A,N/A
2026-04-01 02:00:00,Lab_219_PC110,Idle,AnonUser_0105,120
2026-04-01 02:00:00,Lab_219_PC111,In Use,AnonUser_0161,45
2026-04-01 02:00:00,Lab_219_PC112,Offline,N/A,N/A
2026-04-01 02:00:00,Lab_219_PC113,Offline,N/A,N/A
2026-04-01 02:00:00,Lab_219_PC114,Offline,N/A,N/A
2026-04-01 02:00:00,Lab_219_PC115,In Use,AnonUser_0110,180
2026-04-01 02:00:00,Lab_219_PC116,In Use,AnonUser_0143,0
2026-04-01 02:00:00,Lab_219_PC117,Offline,N/A,N/A
2026-04-01 02:00:00,Lab_219_PC118,In Use,AnonUser_0051,180
2026-04-01 02:00:00,Lab_219_PC119,In Use,AnonUser_0043,45
2026-04-01 02:00:00,Lab_219_PC120,Offline,N/A,N/A
2026-04-01 02:00:00,Lab_219_PC121,Offline,N/A,N/A
2026-04-01 02:00:00,Lab_219_PC122,In Use,AnonUser_0151,210
2026-04-01 02:00:00,Lab_219_PC123,In Use,AnonUser_0026,30
2026-04-01 02:00:00,Lab_219_PC124,Offline,N/A,N/A
2026-04-01 02:00:00,Lab_219_PC125,Offline,N/A,N/A
2026-04-01 02:00:00,Lab_219_PC126,Offline,N/A,N/A
2026-04-01 02:00:00,Lab_219_PC127,Offline,N/A,N/A
2026-04-01 02:00:00,Lab_219_PC128,Offline,N/A,N/A
2026-04-01 02:00:00,Lab_219_PC129,Offline,N/A,N/A
2026-04-01 02:00:00,Lab_219_PC130,Offline,N/A,N/A
2026-04-01 02:00:00,Lab_219_PC131,Offline,N/A,N/A
2026-04-01 02:00:00,Lab_219_PC132,In Use,AnonUser_0033,105
2026-04-01 02:00:00,Lab_219_PC133,Offline,N/A,N/A
2026-04-01 02:00:00,Lab_219_PC134,Offline,N/A,N/A
2026-04-01 02:00:00,Lab_219_PC135,Offline,N/A,N/A
2026-04-01 02:00:00,Lab_219_PC136,Offline,N/A,N/A
2026-04-01 02:00:00,Lab_219_PC137,Offline,N/A,N/A
2026-04-01 02:00:00,Lab_219_PC138,Offline,N/A,N/A
2026-04-01 02:00:00,Lab_219_PC139,Offline,N/A,N/A
2026-04-01 02:00:00,Lab_219_PC140,In Use,AnonUser_0154,180
2026-04-01 02:00:00,Lab_219_PC141,Offline,N/A,N/A
2026-04-01 02:00:00,Lab_219_PC142,Offline,N/A,N/A
2026-04-01 02:00:00,Lab_219_PC143,In Use,AnonUser_0085,135
2026-04-01 02:00:00,Lab_219_PC144,In Use,AnonUser_0169,15
2026-04-01 02:00:00,Lab_219_PC145,Offline,N/A,N/A
2026-04-01 02:00:00,Lab_219_PC146,Offline,N/A,N/A
2026-04-01 02:00:00,Lab_219_PC147,Offline,N/A,N/A
2026-04-01 02:00:00,Lab_219_PC148,Offline,N/A,N/A
2026-04-01 02:00:00,Lab_219_PC149,In Use,AnonUser_0150,15
2026-04-01 02:00:00,Lab_219_PC150,Offline,N/A,N/A
2026-04-01 02:00:00,Lab_219_PC151,Offline,N/A,N/A
2026-04-01 02:00:00,Lab_219_PC152,Offline,N/A,N/A
2026-04-01 02:00:00,Lab_219_PC153,Offline,N/A,N/A
2026-04-01 02:00:00,Lab_219_PC154,Offline,N/A,N/A
2026-04-01 02:00:00,Lab_219_PC155,Idle,AnonUser_0142,0
2026-04-01 02:00:00,Lab_219_PC156,Offline,N/A,N/A
2026-04-01 02:00:00,Lab_219_PC157,Offline,N/A,N/A
2026-04-01 02:00:00,Lab_219_PC158,Offline,N/A,N/A
2026-04-01 02:00:00,Lab_219_PC159,In Use,AnonUser_0135,120
2026-04-01 02:00:00,Lab_219_PC160,Offline,N/A,N/A
2026-04-01 02:00:00,Lab_219_PC161,In Use,AnonUser_0100,0
2026-04-01 02:00:00,Lab_219_PC162,In Use,AnonUser_0063,165
2026-04-01 02:00:00,Lab_219_PC163,In Use,AnonUser_0101,165
2026-04-01 02:00:00,Lab_219_PC164,Offline,N/A,N/A
2026-04-01 02:00:00,Lab_219_PC165,In Use,AnonUser_0097,180
2026-04-01 02:00:00,Lab_219_PC166,Offline,N/A,N/A
2026-04-01 02:00:00,Lab_219_PC167,Offline,N/A,N/A
2026-04-01 02:00:00,Lab_219_PC168,Idle,AnonUser_0028,30
2026-04-01 02:00:00,Lab_219_PC169,Idle,AnonUser_0022,15
2026-04-01 02:00:00,Lab_219_PC170,In Use,AnonUser_0117,135
2026-04-01 02:00:00,Lab_219_PC171,In Use,AnonUser_0170,150
2026-04-01 02:00:00,Lab_219_PC172,Offline,N/A,N/A
2026-04-01 02:00:00,Lab_219_PC173,In Use,AnonUser_0167,165
2026-04-01 02:00:00,Lab_219_PC174,Offline,N/A,N/A
2026-04-01 02:00:00,Lab_219_PC175,Offline,N/A,N/A
2026-04-01 02:00:00,Lab_219_PC176,Offline,N/A,N/A
2026-04-01 02:00:00,Lab_219_PC177,Offline,N/A,N/A
2026-04-01 02:00:00,Lab_219_PC178,Offline,N/A,N/A
2026-04-01 02:00:00,Lab_219_PC179,Offline,N/A,N/A
2026-04-01 02:15:00,Lab_202_PC001,Offline,N/A,N/A
2026-04-01 02:15:00,Lab_202_PC002,Offline,N/A,N/A
2026-04-01 02:15:00,Lab_202_PC003,Offline,N/A,N/A
2026-04-01 02:15:00,Lab_202_PC004,Offline,N/A,N/A
2026-04-01 02:15:00,Lab_202_PC005,In Use,AnonUser_0001,30
2026-04-01 02:15:00,Lab_202_PC006,Offline,N/A,N/A
2026-04-01 02:15:00,Lab_202_PC007,Offline,N/A,N/A
2026-04-01 02:15:00,Lab_202_PC008,In Use,AnonUser_0053,0
2026-04-01 02:15:00,Lab_202_PC009,Offline,N/A,N/A
2026-04-01 02:15:00,Lab_202_PC010,Offline,N/A,N/A
2026-04-01 02:15:00,Lab_202_PC011,Offline,N/A,N/A
2026-04-01 02:15:00,Lab_202_PC012,Offline,N/A,N/A
2026-04-01 02:15:00,Lab_202_PC013,Offline,N/A,N/A
2026-04-01 02:15:00,Lab_202_PC014,In Use,AnonUser_0068,45
2026-04-01 02:15:00,Lab_202_PC015,Offline,N/A,N/A
2026-04-01 02:15:00,Lab_202_PC016,In Use,AnonUser_0158,165
2026-04-01 02:15:00,Lab_202_PC017,Offline,N/A,N/A
2026-04-01 02:15:00,Lab_202_PC018,Offline,N/A,N/A
2026-04-01 02:15:00,Lab_202_PC019,Offline,N/A,N/A
2026-04-01 02:15:00,Lab_202_PC020,Offline,N/A,N/A
2026-04-01 02:15:00,Lab_202_PC021,Offline,N/A,N/A
2026-04-01 02:15:00,Lab_202_PC022,Offline,N/A,N/A
2026-04-01 02:15:00,Lab_202_PC023,In Use,AnonUser_0002,90
2026-04-01 02:15:00,Lab_202_PC024,Offline,N/A,N/A
2026-04-01 02:15:00,Lab_202_PC025,In Use,AnonUser_0138,60
2026-04-01 02:15:00,Lab_202_PC026,In Use,AnonUser_0145,105
2026-04-01 02:15:00,Lab_202_PC027,Offline,N/A,N/A
2026-04-01 02:15:00,Lab_202_PC028,In Use,AnonUser_0009,150
2026-04-01 02:15:00,Lab_202_PC029,In Use,AnonUser_0139,150
2026-04-01 02:15:00,Lab_202_PC030,In Use,AnonUser_0029,195
2026-04-01 02:15:00,Lab_206_PC031,Offline,N/A,N/A
2026-04-01 02:15:00,Lab_206_PC032,Offline,N/A,N/A
2026-04-01 02:15:00,Lab_206_PC033,Offline,N/A,N/A
2026-04-01 02:15:00,Lab_206_PC034,Idle,AnonUser_0018,180
2026-04-01 02:15:00,Lab_206_PC035,Offline,N/A,N/A
2026-04-01 02:15:00,Lab_206_PC036,Offline,N/A,N/A
2026-04-01 02:15:00,Lab_206_PC037,Offline,N/A,N/A
2026-04-01 02:15:00,Lab_206_PC038,Offline,N/A,N/A
2026-04-01 02:15:00,Lab_206_PC039,In Use,AnonUser_0111,105
2026-04-01 02:15:00,Lab_206_PC040,Offline,N/A,N/A
2026-04-01 02:15:00,Lab_206_PC041,In Use,AnonUser_0113,90
2026-04-01 02:15:00,Lab_206_PC042,Offline,N/A,N/A
2026-04-01 02:15:00,Lab_206_PC043,In Use,AnonUser_0173,105
2026-04-01 02:15:00,Lab_206_PC044,Offline,N/A,N/A
2026-04-01 02:15:00,Lab_206_PC045,In Use,AnonUser_0067,75
2026-04-01 02:15:00,Lab_206_PC046,Offline,N/A,N/A
2026-04-01 02:15:00,Lab_206_PC047,In Use,AnonUser_0023,90
2026-04-01 02:15:00,Lab_206_PC048,Offline,N/A,N/A
2026-04-01 02:15:00,Lab_206_PC049,Offline,N/A,N/A
2026-04-01 02:15:00,Lab_206_PC050,Offline,N/A,N/A
2026-04-01 02:15:00,Lab_206_PC051,Offline,N/A,N/A
2026-04-01 02:15:00,Lab_206_PC052,In Use,AnonUser_0125,75
2026-04-01 02:15:00,Lab_206_PC053,Idle,AnonUser_0030,165
2026-04-01 02:15:00,Lab_206_PC054,Offline,N/A,N/A
2026-04-01 02:15:00,Lab_206_PC055,In Use,AnonUser_0041,0
2026-04-01 02:15:00,Lab_206_PC056,Offline,N/A,N/A
2026-04-01 02:15:00,Lab_206_PC057,Idle,AnonUser_0038,60
2026-04-01 02:15:00,Lab_206_PC058,In Use,AnonUser_0132,75
2026-04-01 02:15:00,Lab_206_PC059,Offline,N/A,N/A
2026-04-01 02:15:00,Lab_206_PC060,Offline,N/A,N/A
2026-04-01 02:15:00,Lab_210_PC061,Offline,N/A,N/A
2026-04-01 02:15:00,Lab_210_PC062,Offline,N/A,N/A
2026-04-01 02:15:00,Lab_210_PC063,Offline,N/A,N/A
2026-04-01 02:15:00,Lab_210_PC064,Offline,N/A,N/A
2026-04-01 02:15:00,Lab_210_PC065,In Use,AnonUser_0159,15
2026-04-01 02:15:00,Lab_210_PC066,Idle,AnonUser_0056,45
2026-04-01 02:15:00,Lab_210_PC067,In Use,AnonUser_0174,120
2026-04-01 02:15:00,Lab_210_PC068,In Use,AnonUser_0084,0
2026-04-01 02:15:00,Lab_210_PC069,In Use,AnonUser_0137,135
2026-04-01 02:15:00,Lab_210_PC070,In Use,AnonUser_0166,30
2026-04-01 02:15:00,Lab_210_PC071,In Use,AnonUser_0168,0
2026-04-01 02:15:00,Lab_210_PC072,Offline,N/A,N/A
2026-04-01 02:15:00,Lab_210_PC073,In Use,AnonUser_0081,180
2026-04-01 02:15:00,Lab_210_PC074,Offline,N/A,N/A
2026-04-01 02:15:00,Lab_210_PC075,Offline,N/A,N/A
2026-04-01 02:15:00,Lab_210_PC076,Offline,N/A,N/A
2026-04-01 02:15:00,Lab_210_PC077,Offline,N/A,N/A
2026-04-01 02:15:00,Lab_210_PC078,Offline,N/A,N/A
2026-04-01 02:15:00,Lab_210_PC079,Offline,N/A,N/A
2026-04-01 02:15:00,Lab_210_PC080,Offline,N/A,N/A
2026-04-01 02:15:00,Lab_210_PC081,Offline,N/A,N/A
2026-04-01 02:15:00,Lab_219_PC082,In Use,AnonUser_0171,165
2026-04-01 02:15:00,Lab_219_PC083,Offline,N/A,N/A
2026-04-01 02:15:00,Lab_219_PC084,Offline,N/A,N/A
2026-04-01 02:15:00,Lab_219_PC085,Offline,N/A,N/A
2026-04-01 02:15:00,Lab_219_PC086,Offline,N/A,N/A
2026-04-01 02:15:00,Lab_219_PC087,Offline,N/A,N/A
2026-04-01 02:15:00,Lab_219_PC088,Offline,N/A,N/A
2026-04-01 02:15:00,Lab_219_PC089,Offline,N/A,N/A
2026-04-01 02:15:00,Lab_219_PC090,Offline,N/A,N/A
2026-04-01 02:15:00,Lab_219_PC091,Offline,N/A,N/A
2026-04-01 02:15:00,Lab_219_PC092,Offline,N/A,N/A
2026-04-01 02:15:00,Lab_219_PC093,Offline,N/A,N/A
2026-04-01 02:15:00,Lab_219_PC094,Offline,N/A,N/A
2026-04-01 02:15:00,Lab_219_PC095,Offline,N/A,N/A
2026-04-01 02:15:00,Lab_219_PC096,Offline,N/A,N/A
2026-04-01 02:15:00,Lab_219_PC097,Offline,N/A,N/A
2026-04-01 02:15:00,Lab_219_PC098,Offline,N/A,N/A
2026-04-01 02:15:00,Lab_219_PC099,Offline,N/A,N/A
2026-04-01 02:15:00,Lab_219_PC100,Offline,N/A,N/A
2026-04-01 02:15:00,Lab_219_PC101,In Use,AnonUser_0037,165
2026-04-01 02:15:00,Lab_219_PC102,In Use,AnonUser_0160,195
2026-04-01 02:15:00,Lab_219_PC103,Offline,N/A,N/A
2026-04-01 02:15:00,Lab_219_PC104,Offline,N/A,N/A
2026-04-01 02:15:00,Lab_219_PC105,Offline,N/A,N/A
2026-04-01 02:15:00,Lab_219_PC106,Offline,N/A,N/A
2026-04-01 02:15:00,Lab_219_PC107,In Use,AnonUser_0010,30
2026-04-01 02:15:00,Lab_219_PC108,In Use,AnonUser_0106,120
2026-04-01 02:15:00,Lab_219_PC109,Offline,N/A,N/A
2026-04-01 02:15:00,Lab_219_PC110,In Use,AnonUser_0105,105
2026-04-01 02:15:00,Lab_219_PC111,In Use,AnonUser_0161,30
2026-04-01 02:15:00,Lab_219_PC112,Offline,N/A,N/A
2026-04-01 02:15:00,Lab_219_PC113,Offline,N/A,N/A
2026-04-01 02:15:00,Lab_219_PC114,Offline,N/A,N/A
2026-04-01 02:15:00,Lab_219_PC115,In Use,AnonUser_0110,165
2026-04-01 02:15:00,Lab_219_PC116,Offline,N/A,N/A
2026-04-01 02:15:00,Lab_219_PC117,Offline,N/A,N/A
2026-04-01 02:15:00,Lab_219_PC118,In Use,AnonUser_0051,165
2026-04-01 02:15:00,Lab_219_PC119,In Use,AnonUser_0043,30
2026-04-01 02:15:00,Lab_219_PC120,Offline,N/A,N/A
2026-04-01 02:15:00,Lab_219_PC121,In Use,AnonUser_0054,90
2026-04-01 02:15:00,Lab_219_PC122,Idle,AnonUser_0151,195
2026-04-01 02:15:00,Lab_219_PC123,Idle,AnonUser_0026,15
2026-04-01 02:15:00,Lab_219_PC124,Offline,N/A,N/A
2026-04-01 02:15:00,Lab_219_PC125,Offline,N/A,N/A
2026-04-01 02:15:00,Lab_219_PC126,Offline,N/A,N/A
2026-04-01 02:15:00,Lab_219_PC127,Offline,N/A,N/A
2026-04-01 02:15:00,Lab_219_PC128,Offline,N/A,N/A
2026-04-01 02:15:00,Lab_219_PC129,Offline,N/A,N/A
2026-04-01 02:15:00,Lab_219_PC130,Offline,N/A,N/A
2026-04-01 02:15:00,Lab_219_PC131,Offline,N/A,N/A
2026-04-01 02:15:00,Lab_219_PC132,In Use,AnonUser_0033,90
2026-04-01 02:15:00,Lab_219_PC133,Offline,N/A,N/A
2026-04-01 02:15:00,Lab_219_PC134,Offline,N/A,N/A
2026-04-01 02:15:00,Lab_219_PC135,Offline,N/A,N/A
2026-04-01 02:15:00,Lab_219_PC136,Offline,N/A,N/A
2026-04-01 02:15:00,Lab_219_PC137,Offline,N/A,N/A
2026-04-01 02:15:00,Lab_219_PC138,Offline,N/A,N/A
2026-04-01 02:15:00,Lab_219_PC139,Offline,N/A,N/A
2026-04-01 02:15:00,Lab_219_PC140,In Use,AnonUser_0154,165
2026-04-01 02:15:00,Lab_219_PC141,Offline,N/A,N/A
2026-04-01 02:15:00,Lab_219_PC142,Offline,N/A,N/A
2026-04-01 02:15:00,Lab_219_PC143,In Use,AnonUser_0085,120
2026-04-01 02:15:00,Lab_219_PC144,In Use,AnonUser_0169,0
2026-04-01 02:15:00,Lab_219_PC145,Offline,N/A,N/A
2026-04-01 02:15:00,Lab_219_PC146,In Use,AnonUser_0076,135
2026-04-01 02:15:00,Lab_219_PC147,Offline,N/A,N/A
2026-04-01 02:15:00,Lab_219_PC148,Offline,N/A,N/A
2026-04-01 02:15:00,Lab_219_PC149,In Use,AnonUser_0150,0
2026-04-01 02:15:00,Lab_219_PC150,Offline,N/A,N/A
2026-04-01 02:15:00,Lab_219_PC151,Offline,N/A,N/A
2026-04-01 02:15:00,Lab_219_PC152,Offline,N/A,N/A
2026-04-01 02:15:00,Lab_219_PC153,Offline,N/A,N/A
2026-04-01 02:15:00,Lab_219_PC154,Offline,N/A,N/A
2026-04-01 02:15:00,Lab_219_PC155,Offline,N/A,N/A
2026-04-01 02:15:00,Lab_219_PC156,Offline,N/A,N/A
2026-04-01 02:15:00,Lab_219_PC157,Offline,N/A,N/A
2026-04-01 02:15:00,Lab_219_PC158,Offline,N/A,N/A
2026-04-01 02:15:00,Lab_219_PC159,Idle,AnonUser_0135,105
2026-04-01 02:15:00,Lab_219_PC160,Offline,N/A,N/A
2026-04-01 02:15:00,Lab_219_PC161,Offline,N/A,N/A
2026-04-01 02:15:00,Lab_219_PC162,In Use,AnonUser_0063,150
2026-04-01 02:15:00,Lab_219_PC163,In Use,AnonUser_0101,150
2026-04-01 02:15:00,Lab_219_PC164,Offline,N/A,N/A
2026-04-01 02:15:00,Lab_219_PC165,In Use,AnonUser_0097,165
2026-04-01 02:15:00,Lab_219_PC166,Offline,N/A,N/A
2026-04-01 02:15:00,Lab_219_PC167,Offline,N/A,N/A
2026-04-01 02:15:00,Lab_219_PC168,In Use,AnonUser_0028,15
2026-04-01 02:15:00,Lab_219_PC169,In Use,AnonUser_0022,0
2026-04-01 02:15:00,Lab_219_PC170,In Use,AnonUser_0117,120
2026-04-01 02:15:00,Lab_219_PC171,In Use,AnonUser_0170,135
2026-04-01 02:15:00,Lab_219_PC172,Offline,N/A,N/A
2026-04-01 02:15:00,Lab_219_PC173,In Use,AnonUser_0167,150
2026-04-01 02:15:00,Lab_219_PC174,Offline,N/A,N/A
2026-04-01 02:15:00,Lab_219_PC175,Offline,N/A,N/A
2026-04-01 02:15:00,Lab_219_PC176,Offline,N/A,N/A
2026-04-01 02:15:00,Lab_219_PC177,Offline,N/A,N/A
2026-04-01 02:15:00,Lab_219_PC178,Offline,N/A,N/A
2026-04-01 02:15:00,Lab_219_PC179,Offline,N/A,N/A
2026-04-01 02:30:00,Lab_202_PC001,Offline,N/A,N/A
2026-04-01 02:30:00,Lab_202_PC002,Offline,N/A,N/A
2026-04-01 02:30:00,Lab_202_PC003,Offline,N/A,N/A
2026-04-01 02:30:00,Lab_202_PC004,Offline,N/A,N/A
2026-04-01 02:30:00,Lab_202_PC005,Idle,AnonUser_0001,15
2026-04-01 02:30:00,Lab_202_PC006,Offline,N/A,N/A
2026-04-01 02:30:00,Lab_202_PC007,Offline,N/A,N/A
2026-04-01 02:30:00,Lab_202_PC008,Offline,N/A,N/A
2026-04-01 02:30:00,Lab_202_PC009,Offline,N/A,N/A
2026-04-01 02:30:00,Lab_202_PC010,Offline,N/A,N/A
2026-04-01 02:30:00,Lab_202_PC011,Offline,N/A,N/A
2026-04-01 02:30:00,Lab_202_PC012,In Use,AnonUser_0172,90
2026-04-01 02:30:00,Lab_202_PC013,Offline,N/A,N/A
2026-04-01 02:30:00,Lab_202_PC014,In Use,AnonUser_0068,30
2026-04-01 02:30:00,Lab_202_PC015,Offline,N/A,N/A
2026-04-01 02:30:00,Lab_202_PC016,Idle,AnonUser_0158,150
2026-04-01 02:30:00,Lab_202_PC017,Offline,N/A,N/A
2026-04-01 02:30:00,Lab_202_PC018,Offline,N/A,N/A
2026-04-01 02:30:00,Lab_202_PC019,Offline,N/A,N/A
2026-04-01 02:30:00,Lab_202_PC020,Offline,N/A,N/A
2026-04-01 02:30:00,Lab_202_PC021,Offline,N/A,N/A
2026-04-01 02:30:00,Lab_202_PC022,Offline,N/A,N/A
2026-04-01 02:30:00,Lab_202_PC023,In Use,AnonUser_0002,75
2026-04-01 02:30:00,Lab_202_PC024,Offline,N/A,N/A
2026-04-01 02:30:00,Lab_202_PC025,Idle,AnonUser_0138,45
2026-04-01 02:30:00,Lab_202_PC026,Idle,AnonUser_0145,90
2026-04-01 02:30:00,Lab_202_PC027,Offline,N/A,N/A
2026-04-01 02:30:00,Lab_202_PC028,Idle,AnonUser_0009,135
2026-04-01 02:30:00,Lab_202_PC029,In Use,AnonUser_0139,135
2026-04-01 02:30:00,Lab_202_PC030,Idle,AnonUser_0029,180
2026-04-01 02:30:00,Lab_206_PC031,Offline,N/A,N/A
2026-04-01 02:30:00,Lab_206_PC032,Offline,N/A,N/A
2026-04-01 02:30:00,Lab_206_PC033,Idle,AnonUser_0087,90
2026-04-01 02:30:00,Lab_206_PC034,In Use,AnonUser_0018,165
2026-04-01 02:30:00,Lab_206_PC035,Offline,N/A,N/A
2026-04-01 02:30:00,Lab_206_PC036,Offline,N/A,N/A
2026-04-01 02:30:00,Lab_206_PC037,Offline,N/A,N/A
2026-04-01 02:30:00,Lab_206_PC038,Offline,N/A,N/A
2026-04-01 02:30:00,Lab_206_PC039,In Use,AnonUser_0111,90
2026-04-01 02:30:00,Lab_206_PC040,Offline,N/A,N/A
2026-04-01 02:30:00,Lab_206_PC041,In Use,AnonUser_0113,75
2026-04-01 02:30:00,Lab_206_PC042,Offline,N/A,N/A
2026-04-01 02:30:00,Lab_206_PC043,In Use,AnonUser_0173,90
2026-04-01 02:30:00,Lab_206_PC044,Offline,N/A,N/A
2026-04-01 02:30:00,Lab_206_PC045,In Use,AnonUser_0067,60
2026-04-01 02:30:00,Lab_206_PC046,Offline,N/A,N/A
2026-04-01 02:30:00,Lab_206_PC047,Idle,AnonUser_0023,75
2026-04-01 02:30:00,Lab_206_PC048,Offline,N/A,N/A
2026-04-01 02:30:00,Lab_206_PC049,Offline,N/A,N/A
2026-04-01 02:30:00,Lab_206_PC050,Offline,N/A,N/A
2026-04-01 02:30:00,Lab_206_PC051,Offline,N/A,N/A
2026-04-01 02:30:00,Lab_206_PC052,In Use,AnonUser_0125,60
2026-04-01 02:30:00,Lab_206_PC053,In Use,AnonUser_0030,150
2026-04-01 02:30:00,Lab_206_PC054,Offline,N/A,N/A
2026-04-01 02:30:00,Lab_206_PC055,Offline,N/A,N/A
2026-04-01 02:30:00,Lab_206_PC056,Idle,AnonUser_0015,135
2026-04-01 02:30:00,Lab_206_PC057,In Use,AnonUser_0038,45
2026-04-01 02:30:00,Lab_206_PC058,In Use,AnonUser_0132,60
2026-04-01 02:30:00,Lab_206_PC059,Offline,N/A,N/A
2026-04-01 02:30:00,Lab_206_PC060,Offline,N/A,N/A
2026-04-01 02:30:00,Lab_210_PC061,Offline,N/A,N/A
2026-04-01 02:30:00,Lab_210_PC062,Offline,N/A,N/A
2026-04-01 02:30:00,Lab_210_PC063,Offline,N/A,N/A
2026-04-01 02:30:00,Lab_210_PC064,Offline,N/A,N/A
2026-04-01 02:30:00,Lab_210_PC065,In Use,AnonUser_0159,0
2026-04-01 02:30:00,Lab_210_PC066,In Use,AnonUser_0056,30
2026-04-01 02:30:00,Lab_210_PC067,In Use,AnonUser_0174,105
2026-04-01 02:30:00,Lab_210_PC068,Offline,N/A,N/A
2026-04-01 02:30:00,Lab_210_PC069,In Use,AnonUser_0137,120
2026-04-01 02:30:00,Lab_210_PC070,In Use,AnonUser_0166,15
2026-04-01 02:30:00,Lab_210_PC071,Offline,N/A,N/A
2026-04-01 02:30:00,Lab_210_PC072,Offline,N/A,N/A
2026-04-01 02:30:00,Lab_210_PC073,Idle,AnonUser_0081,165
2026-04-01 02:30:00,Lab_210_PC074,Offline,N/A,N/A
2026-04-01 02:30:00,Lab_210_PC075,Offline,N/A,N/A
2026-04-01 02:30:00,Lab_210_PC076,Offline,N/A,N/A
2026-04-01 02:30:00,Lab_210_PC077,Offline,N/A,N/A
2026-04-01 02:30:00,Lab_210_PC078,Offline,N/A,N/A
2026-04-01 02:30:00,Lab_210_PC079,Offline,N/A,N/A
2026-04-01 02:30:00,Lab_210_PC080,Idle,AnonUser_0121,75
2026-04-01 02:30:00,Lab_210_PC081,Offline,N/A,N/A
2026-04-01 02:30:00,Lab_219_PC082,In Use,AnonUser_0171,150
2026-04-01 02:30:00,Lab_219_PC083,Offline,N/A,N/A
2026-04-01 02:30:00,Lab_219_PC084,Offline,N/A,N/A
2026-04-01 02:30:00,Lab_219_PC085,Offline,N/A,N/A
2026-04-01 02:30:00,Lab_219_PC086,Offline,N/A,N/A
2026-04-01 02:30:00,Lab_219_PC087,Offline,N/A,N/A
2026-04-01 02:30:00,Lab_219_PC088,Offline,N/A,N/A
2026-04-01 02:30:00,Lab_219_PC089,Offline,N/A,N/A
2026-04-01 02:30:00,Lab_219_PC090,In Use,AnonUser_0157,105
2026-04-01 02:30:00,Lab_219_PC091,Offline,N/A,N/A
2026-04-01 02:30:00,Lab_219_PC092,Offline,N/A,N/A
2026-04-01 02:30:00,Lab_219_PC093,Offline,N/A,N/A
2026-04-01 02:30:00,Lab_219_PC094,Offline,N/A,N/A
2026-04-01 02:30:00,Lab_219_PC095,Offline,N/A,N/A
2026-04-01 02:30:00,Lab_219_PC096,Offline,N/A,N/A
2026-04-01 02:30:00,Lab_219_PC097,Offline,N/A,N/A
2026-04-01 02:30:00,Lab_219_PC098,Offline,N/A,N/A
2026-04-01 02:30:00,Lab_219_PC099,Offline,N/A,N/A
2026-04-01 02:30:00,Lab_219_PC100,Offline,N/A,N/A
2026-04-01 02:30:00,Lab_219_PC101,In Use,AnonUser_0037,150
2026-04-01 02:30:00,Lab_219_PC102,In Use,AnonUser_0160,180
2026-04-01 02:30:00,Lab_219_PC103,Offline,N/A,N/A
2026-04-01 02:30:00,Lab_219_PC104,Idle,AnonUser_0006,90
2026-04-01 02:30:00,Lab_219_PC105,Offline,N/A,N/A
2026-04-01 02:30:00,Lab_219_PC106,Offline,N/A,N/A
2026-04-01 02:30:00,Lab_219_PC107,In Use,AnonUser_0010,15
2026-04-01 02:30:00,Lab_219_PC108,In Use,AnonUser_0106,105
2026-04-01 02:30:00,Lab_219_PC109,Offline,N/A,N/A
2026-04-01 02:30:00,Lab_219_PC110,In Use,AnonUser_0105,90
2026-04-01 02:30:00,Lab_219_PC111,In Use,AnonUser_0161,15
2026-04-01 02:30:00,Lab_219_PC112,Offline,N/A,N/A
2026-04-01 02:30:00,Lab_219_PC113,Offline,N/A,N/A
2026-04-01 02:30:00,Lab_219_PC114,Offline,N/A,N/A
2026-04-01 02:30:00,Lab_219_PC115,In Use,AnonUser_0110,150
2026-04-01 02:30:00,Lab_219_PC116,Offline,N/A,N/A
2026-04-01 02:30:00,Lab_219_PC117,Offline,N/A,N/A
2026-04-01 02:30:00,Lab_219_PC118,In Use,AnonUser_0051,150
2026-04-01 02:30:00,Lab_219_PC119,In Use,AnonUser_0043,15
2026-04-01 02:30:00,Lab_219_PC120,Offline,N/A,N/A
2026-04-01 02:30:00,Lab_219_PC121,In Use,AnonUser_0054,75
2026-04-01 02:30:00,Lab_219_PC122,In Use,AnonUser_0151,180
2026-04-01 02:30:00,Lab_219_PC123,Idle,AnonUser_0026,0
2026-04-01 02:30:00,Lab_219_PC124,Offline,N/A,N/A
2026-04-01 02:30:00,Lab_219_PC125,Offline,N/A,N/A
2026-04-01 02:30:00,Lab_219_PC126,Offline,N/A,N/A
2026-04-01 02:30:00,Lab_219_PC127,Offline,N/A,N/A
2026-04-01 02:30:00,Lab_219_PC128,Offline,N/A,N/A
2026-04-01 02:30:00,Lab_219_PC129,Offline,N/A,N/A
2026-04-01 02:30:00,Lab_219_PC130,Offline,N/A,N/A
2026-04-01 02:30:00,Lab_219_PC131,Offline,N/A,N/A
2026-04-01 02:30:00,Lab_219_PC132,In Use,AnonUser_0033,75
2026-04-01 02:30:00,Lab_219_PC133,Offline,N/A,N/A
2026-04-01 02:30:00,Lab_219_PC134,Offline,N/A,N/A
2026-04-01 02:30:00,Lab_219_PC135,Offline,N/A,N/A
2026-04-01 02:30:00,Lab_219_PC136,Offline,N/A,N/A
2026-04-01 02:30:00,Lab_219_PC137,Offline,N/A,N/A
2026-04-01 02:30:00,Lab_219_PC138,Offline,N/A,N/A
2026-04-01 02:30:00,Lab_219_PC139,Offline,N/A,N/A
2026-04-01 02:30:00,Lab_219_PC140,In Use,AnonUser_0154,150
2026-04-01 02:30:00,Lab_219_PC141,Offline,N/A,N/A
2026-04-01 02:30:00,Lab_219_PC142,Offline,N/A,N/A
2026-04-01 02:30:00,Lab_219_PC143,In Use,AnonUser_0085,105
2026-04-01 02:30:00,Lab_219_PC144,In Use,AnonUser_0040,180
2026-04-01 02:30:00,Lab_219_PC145,Offline,N/A,N/A
2026-04-01 02:30:00,Lab_219_PC146,In Use,AnonUser_0076,120
2026-04-01 02:30:00,Lab_219_PC147,Offline,N/A,N/A
2026-04-01 02:30:00,Lab_219_PC148,Offline,N/A,N/A
2026-04-01 02:30:00,Lab_219_PC149,Offline,N/A,N/A
2026-04-01 02:30:00,Lab_219_PC150,Offline,N/A,N/A
2026-04-01 02:30:00,Lab_219_PC151,Offline,N/A,N/A
2026-04-01 02:30:00,Lab_219_PC152,Offline,N/A,N/A
2026-04-01 02:30:00,Lab_219_PC153,Offline,N/A,N/A
2026-04-01 02:30:00,Lab_219_PC154,Offline,N/A,N/A
2026-04-01 02:30:00,Lab_219_PC155,Offline,N/A,N/A
2026-04-01 02:30:00,Lab_219_PC156,Offline,N/A,N/A
2026-04-01 02:30:00,Lab_219_PC157,Offline,N/A,N/A
2026-04-01 02:30:00,Lab_219_PC158,Offline,N/A,N/A
2026-04-01 02:30:00,Lab_219_PC159,In Use,AnonUser_0135,90
2026-04-01 02:30:00,Lab_219_PC160,Offline,N/A,N/A
2026-04-01 02:30:00,Lab_219_PC161,Offline,N/A,N/A
2026-04-01 02:30:00,Lab_219_PC162,In Use,AnonUser_0063,135
2026-04-01 02:30:00,Lab_219_PC163,In Use,AnonUser_0101,135
2026-04-01 02:30:00,Lab_219_PC164,Offline,N/A,N/A
2026-04-01 02:30:00,Lab_219_PC165,In Use,AnonUser_0097,150
2026-04-01 02:30:00,Lab_219_PC166,Offline,N/A,N/A
2026-04-01 02:30:00,Lab_219_PC167,Offline,N/A,N/A
2026-04-01 02:30:00,Lab_219_PC168,In Use,AnonUser_0028,0
2026-04-01 02:30:00,Lab_219_PC169,Offline,N/A,N/A
2026-04-01 02:30:00,Lab_219_PC170,In Use,AnonUser_0117,105
2026-04-01 02:30:00,Lab_219_PC171,In Use,AnonUser_0170,120
2026-04-01 02:30:00,Lab_219_PC172,Offline,N/A,N/A
2026-04-01 02:30:00,Lab_219_PC173,Idle,AnonUser_0167,135
2026-04-01 02:30:00,Lab_219_PC174,Offline,N/A,N/A
2026-04-01 02:30:00,Lab_219_PC175,Offline,N/A,N/A
2026-04-01 02:30:00,Lab_219_PC176,Offline,N/A,N/A
2026-04-01 02:30:00,Lab_219_PC177,Offline,N/A,N/A
2026-04-01 02:30:00,Lab_219_PC178,Offline,N/A,N/A
2026-04-01 02:30:00,Lab_219_PC179,Offline,N/A,N/A
2026-04-01 02:45:00,Lab_202_PC001,Offline,N/A,N/A
2026-04-01 02:45:00,Lab_202_PC002,Offline,N/A,N/A
2026-04-01 02:45:00,Lab_202_PC003,Offline,N/A,N/A
2026-04-01 02:45:00,Lab_202_PC004,Offline,N/A,N/A
2026-04-01 02:45:00,Lab_202_PC005,In Use,AnonUser_0001,0
2026-04-01 02:45:00,Lab_202_PC006,In Use,AnonUser_0080,210
2026-04-01 02:45:00,Lab_202_PC007,Offline,N/A,N/A
2026-04-01 02:45:00,Lab_202_PC008,Offline,N/A,N/A
2026-04-01 02:45:00,Lab_202_PC009,Offline,N/A,N/A
2026-04-01 02:45:00,Lab_202_PC010,Offline,N/A,N/A
2026-04-01 02:45:00,Lab_202_PC011,Offline,N/A,N/A
2026-04-01 02:45:00,Lab_202_PC012,Idle,AnonUser_0172,75
2026-04-01 02:45:00,Lab_202_PC013,Offline,N/A,N/A
2026-04-01 02:45:00,Lab_202_PC014,In Use,AnonUser_0068,15
2026-04-01 02:45:00,Lab_202_PC015,Offline,N/A,N/A
2026-04-01 02:45:00,Lab_202_PC016,In Use,AnonUser_0158,135
2026-04-01 02:45:00,Lab_202_PC017,Offline,N/A,N/A
2026-04-01 02:45:00,Lab_202_PC018,Offline,N/A,N/A
2026-04-01 02:45:00,Lab_202_PC019,Offline,N/A,N/A
2026-04-01 02:45:00,Lab_202_PC020,Offline,N/A,N/A
2026-04-01 02:45:00,Lab_202_PC021,Offline,N/A,N/A
2026-04-01 02:45:00,Lab_202_PC022,Offline,N/A,N/A
2026-04-01 02:45:00,Lab_202_PC023,Idle,AnonUser_0002,60
2026-04-01 02:45:00,Lab_202_PC024,Offline,N/A,N/A
2026-04-01 02:45:00,Lab_202_PC025,In Use,AnonUser_0138,30
2026-04-01 02:45:00,Lab_202_PC026,In Use,AnonUser_0145,75
2026-04-01 02:45:00,Lab_202_PC027,Offline,N/A,N/A
2026-04-01 02:45:00,Lab_202_PC028,In Use,AnonUser_0009,120
2026-04-01 02:45:00,Lab_202_PC029,Idle,AnonUser_0139,120
2026-04-01 02:45:00,Lab_202_PC030,In Use,AnonUser_0029,165
2026-04-01 02:45:00,Lab_206_PC031,Offline,N/A,N/A
2026-04-01 02:45:00,Lab_206_PC032,Offline,N/A,N/A
2026-04-01 02:45:00,Lab_206_PC033,In Use,AnonUser_0087,75
2026-04-01 02:45:00,Lab_206_PC034,In Use,AnonUser_0018,150
2026-04-01 02:45:00,Lab_206_PC035,In Use,AnonUser_0114,90
2026-04-01 02:45:00,Lab_206_PC036,Offline,N/A,N/A
2026-04-01 02:45:00,Lab_206_PC037,Offline,N/A,N/A
2026-04-01 02:45:00,Lab_206_PC038,Offline,N/A,N/A
2026-04-01 02:45:00,Lab_206_PC039,In Use,AnonUser_0111,75
2026-04-01 02:45:00,Lab_206_PC040,Offline,N/A,N/A
2026-04-01 02:45:00,Lab_206_PC041,In Use,AnonUser_0113,60
2026-04-01 02:45:00,Lab_206_PC042,Offline,N/A,N/A
2026-04-01 02:45:00,Lab_206_PC043,In Use,AnonUser_0173,75
2026-04-01 02:45:00,Lab_206_PC044,Idle,AnonUser_0072,135
2026-04-01 02:45:00,Lab_206_PC045,In Use,AnonUser_0067,45
2026-04-01 02:45:00,Lab_206_PC046,Offline,N/A,N/A
2026-04-01 02:45:00,Lab_206_PC047,In Use,AnonUser_0023,60
2026-04-01 02:45:00,Lab_206_PC048,Offline,N/A,N/A
2026-04-01 02:45:00,Lab_206_PC049,Offline,N/A,N/A
2026-04-01 02:45:00,Lab_206_PC050,Offline,N/A,N/A
2026-04-01 02:45:00,Lab_206_PC051,Offline,N/A,N/A
2026-04-01 02:45:00,Lab_206_PC052,In Use,AnonUser_0125,45
2026-04-01 02:45:00,Lab_206_PC053,In Use,AnonUser_0030,135
2026-04-01 02:45:00,Lab_206_PC054,Offline,N/A,N/A
2026-04-01 02:45:00,Lab_206_PC055,Offline,N/A,N/A
2026-04-01 02:45:00,Lab_206_PC056,In Use,AnonUser_0015,120
2026-04-01 02:45:00,Lab_206_PC057,In Use,AnonUser_0038,30
2026-04-01 02:45:00,Lab_206_PC058,In Use,AnonUser_0132,45
2026-04-01 02:45:00,Lab_206_PC059,Offline,N/A,N/A
2026-04-01 02:45:00,Lab_206_PC060,Offline,N/A,N/A
2026-04-01 02:45:00,Lab_210_PC061,Offline,N/A,N/A
2026-04-01 02:45:00,Lab_210_PC062,Offline,N/A,N/A
2026-04-01 02:45:00,Lab_210_PC063,Offline,N/A,N/A
2026-04-01 02:45:00,Lab_210_PC064,Offline,N/A,N/A
2026-04-01 02:45:00,Lab_210_PC065,Idle,AnonUser_0099,210
2026-04-01 02:45:00,Lab_210_PC066,In Use,AnonUser_0056,15
2026-04-01 02:45:00,Lab_210_PC067,In Use,AnonUser_0174,90
2026-04-01 02:45:00,Lab_210_PC068,In Use,AnonUser_0162,45
2026-04-01 02:45:00,Lab_210_PC069,In Use,AnonUser_0137,105
2026-04-01 02:45:00,Lab_210_PC070,In Use,AnonUser_0166,0
2026-04-01 02:45:00,Lab_210_PC071,Offline,N/A,N/A
2026-04-01 02:45:00,Lab_210_PC072,Offline,N/A,N/A
2026-04-01 02:45:00,Lab_210_PC073,In Use,AnonUser_0081,150
2026-04-01 02:45:00,Lab_210_PC074,Offline,N/A,N/A
2026-04-01 02:45:00,Lab_210_PC075,Offline,N/A,N/A
2026-04-01 02:45:00,Lab_210_PC076,Offline,N/A,N/A
2026-04-01 02:45:00,Lab_210_PC077,Offline,N/A,N/A
2026-04-01 02:45:00,Lab_210_PC078,Offline,N/A,N/A
2026-04-01 02:45:00,Lab_210_PC079,Offline,N/A,N/A
2026-04-01 02:45:00,Lab_210_PC080,In Use,AnonUser_0121,60
2026-04-01 02:45:00,Lab_210_PC081,Offline,N/A,N/A
2026-04-01 02:45:00,Lab_219_PC082,In Use,AnonUser_0171,135
2026-04-01 02:45:00,Lab_219_PC083,Offline,N/A,N/A
2026-04-01 02:45:00,Lab_219_PC084,Offline,N/A,N/A
2026-04-01 02:45:00,Lab_219_PC085,Offline,N/A,N/A
2026-04-01 02:45:00,Lab_219_PC086,Offline,N/A,N/A
2026-04-01 02:45:00,Lab_219_PC087,Offline,N/A,N/A
2026-04-01 02:45:00,Lab_219_PC088,Offline,N/A,N/A
2026-04-01 02:45:00,Lab_219_PC089,In Use,AnonUser_0044,30
2026-04-01 02:45:00,Lab_219_PC090,In Use,AnonUser_0157,90
2026-04-01 02:45:00,Lab_219_PC091,Offline,N/A,N/A
2026-04-01 02:45:00,Lab_219_PC092,Idle,AnonUser_0061,195
2026-04-01 02:45:00,Lab_219_PC093,Offline,N/A,N/A
2026-04-01 02:45:00,Lab_219_PC094,Offline,N/A,N/A
2026-04-01 02:45:00,Lab_219_PC095,Offline,N/A,N/A
2026-04-01 02:45:00,Lab_219_PC096,Offline,N/A,N/A
2026-04-01 02:45:00,Lab_219_PC097,Offline,N/A,N/A
2026-04-01 02:45:00,Lab_219_PC098,Offline,N/A,N/A
2026-04-01 02:45:00,Lab_219_PC099,Offline,N/A,N/A
2026-04-01 02:45:00,Lab_219_PC100,Offline,N/A,N/A
2026-04-01 02:45:00,Lab_219_PC101,Idle,AnonUser_0037,135
2026-04-01 02:45:00,Lab_219_PC102,Idle,AnonUser_0160,165
2026-04-01 02:45:00,Lab_219_PC103,Offline,N/A,N/A
2026-04-01 02:45:00,Lab_219_PC104,In Use,AnonUser_0006,75
2026-04-01 02:45:00,Lab_219_PC105,Offline,N/A,N/A
2026-04-01 02:45:00,Lab_219_PC106,Offline,N/A,N/A
2026-04-01 02:45:00,Lab_219_PC107,In Use,AnonUser_0010,0
2026-04-01 02:45:00,Lab_219_PC108,In Use,AnonUser_0106,90
2026-04-01 02:45:00,Lab_219_PC109,Offline,N/A,N/A
2026-04-01 02:45:00,Lab_219_PC110,In Use,AnonUser_0105,75
2026-04-01 02:45:00,Lab_219_PC111,In Use,AnonUser_0161,0
2026-04-01 02:45:00,Lab_219_PC112,Offline,N/A,N/A
2026-04-01 02:45:00,Lab_219_PC113,Offline,N/A,N/A
2026-04-01 02:45:00,Lab_219_PC114,Offline,N/A,N/A
2026-04-01 02:45:00,Lab_219_PC115,Idle,AnonUser_0110,135
2026-04-01 02:45:00,Lab_219_PC116,Offline,N/A,N/A
2026-04-01 02:45:00,Lab_219_PC117,Offline,N/A,N/A
2026-04-01 02:45:00,Lab_219_PC118,In Use,AnonUser_0051,135
2026-04-01 02:45:00,Lab_219_PC119,In Use,AnonUser_0043,0
2026-04-01 02:45:00,Lab_219_PC120,Offline,N/A,N/A
2026-04-01 02:45:00,Lab_219_PC121,In Use,AnonUser_0054,60
2026-04-01 02:45:00,Lab_219_PC122,Idle,AnonUser_0151,165
2026-04-01 02:45:00,Lab_219_PC123,In Use,AnonUser_0147,150
2026-04-01 02:45:00,Lab_219_PC124,Offline,N/A,N/A
2026-04-01 02:45:00,Lab_219_PC125,Offline,N/A,N/A
2026-04-01 02:45:00,Lab_219_PC126,Offline,N/A,N/A
2026-04-01 02:45:00,Lab_219_PC127,Offline,N/A,N/A
2026-04-01 02:45:00,Lab_219_PC128,Offline,N/A,N/A
2026-04-01 02:45:00,Lab_219_PC129,Offline,N/A,N/A
2026-04-01 02:45:00,Lab_219_PC130,Offline,N/A,N/A
2026-04-01 02:45:00,Lab_219_PC131,Offline,N/A,N/A
2026-04-01 02:45:00,Lab_219_PC132,In Use,AnonUser_0033,60
2026-04-01 02:45:00,Lab_219_PC133,Offline,N/A,N/A
2026-04-01 02:45:00,Lab_219_PC134,Offline,N/A,N/A
2026-04-01 02:45:00,Lab_219_PC135,Offline,N/A,N/A
2026-04-01 02:45:00,Lab_219_PC136,Offline,N/A,N/A
2026-04-01 02:45:00,Lab_219_PC137,Offline,N/A,N/A
2026-04-01 02:45:00,Lab_219_PC138,Offline,N/A,N/A
2026-04-01 02:45:00,Lab_219_PC139,Offline,N/A,N/A
2026-04-01 02:45:00,Lab_219_PC140,In Use,AnonUser_0154,135
2026-04-01 02:45:00,Lab_219_PC141,Offline,N/A,N/A
2026-04-01 02:45:00,Lab_219_PC142,Offline,N/A,N/A
2026-04-01 02:45:00,Lab_219_PC143,Idle,AnonUser_0085,90
2026-04-01 02:45:00,Lab_219_PC144,In Use,AnonUser_0040,165
2026-04-01 02:45:00,Lab_219_PC145,Offline,N/A,N/A
2026-04-01 02:45:00,Lab_219_PC146,In Use,AnonUser_0076,105
2026-04-01 02:45:00,Lab_219_PC147,Offline,N/A,N/A
2026-04-01 02:45:00,Lab_219_PC148,Offline,N/A,N/A
2026-04-01 02:45:00,Lab_219_PC149,Offline,N/A,N/A
2026-04-01 02:45:00,Lab_219_PC150,Offline,N/A,N/A
2026-04-01 02:45:00,Lab_219_PC151,Offline,N/A,N/A
2026-04-01 02:45:00,Lab_219_PC152,Offline,N/A,N/A
2026-04-01 02:45:00,Lab_219_PC153,Offline,N/A,N/A
2026-04-01 02:45:00,Lab_219_PC154,Offline,N/A,N/A
2026-04-01 02:45:00,Lab_219_PC155,Offline,N/A,N/A
2026-04-01 02:45:00,Lab_219_PC156,Offline,N/A,N/A
2026-04-01 02:45:00,Lab_219_PC157,Offline,N/A,N/A
2026-04-01 02:45:00,Lab_219_PC158,Offline,N/A,N/A
2026-04-01 02:45:00,Lab_219_PC159,In Use,AnonUser_0135,75
2026-04-01 02:45:00,Lab_219_PC160,Offline,N/A,N/A
2026-04-01 02:45:00,Lab_219_PC161,Offline,N/A,N/A
2026-04-01 02:45:00,Lab_219_PC162,In Use,AnonUser_0063,120
2026-04-01 02:45:00,Lab_219_PC163,Idle,AnonUser_0101,120
2026-04-01 02:45:00,Lab_219_PC164,Offline,N/A,N/A
2026-04-01 02:45:00,Lab_219_PC165,In Use,AnonUser_0097,135
2026-04-01 02:45:00,Lab_219_PC166,Offline,N/A,N/A
2026-04-01 02:45:00,Lab_219_PC167,Offline,N/A,N/A
2026-04-01 02:45:00,Lab_219_PC168,Offline,N/A,N/A
2026-04-01 02:45:00,Lab_219_PC169,Offline,N/A,N/A
2026-04-01 02:45:00,Lab_219_PC170,In Use,AnonUser_0117,90
2026-04-01 02:45:00,Lab_219_PC171,In Use,AnonUser_0170,105
2026-04-01 02:45:00,Lab_219_PC172,Offline,N/A,N/A
2026-04-01 02:45:00,Lab_219_PC173,In Use,AnonUser_0167,120
2026-04-01 02:45:00,Lab_219_PC174,Offline,N/A,N/A
2026-04-01 02:45:00,Lab_219_PC175,Offline,N/A,N/A
2026-04-01 02:45:00,Lab_219_PC176,Offline,N/A,N/A
2026-04-01 02:45:00,Lab_219_PC177,Offline,N/A,N/A
2026-04-01 02:45:00,Lab_219_PC178,Offline,N/A,N/A
2026-04-01 02:45:00,Lab_219_PC179,Offline,N/A,N/A
2026-04-01 03:00:00,Lab_202_PC001,Offline,N/A,N/A
2026-04-01 03:00:00,Lab_202_PC002,Offline,N/A,N/A
2026-04-01 03:00:00,Lab_202_PC003,Offline,N/A,N/A
2026-04-01 03:00:00,Lab_202_PC004,Offline,N/A,N/A
2026-04-01 03:00:00,Lab_202_PC005,Offline,N/A,N/A
2026-04-01 03:00:00,Lab_202_PC006,In Use,AnonUser_0080,195
2026-04-01 03:00:00,Lab_202_PC007,Offline,N/A,N/A
2026-04-01 03:00:00,Lab_202_PC008,Offline,N/A,N/A
2026-04-01 03:00:00,Lab_202_PC009,Offline,N/A,N/A
2026-04-01 03:00:00,Lab_202_PC010,Offline,N/A,N/A
2026-04-01 03:00:00,Lab_202_PC011,Offline,N/A,N/A
2026-04-01 03:00:00,Lab_202_PC012,In Use,AnonUser_0172,60
2026-04-01 03:00:00,Lab_202_PC013,Offline,N/A,N/A
2026-04-01 03:00:00,Lab_202_PC014,In Use,AnonUser_0068,0
2026-04-01 03:00:00,Lab_202_PC015,Offline,N/A,N/A
2026-04-01 03:00:00,Lab_202_PC016,In Use,AnonUser_0158,120
2026-04-01 03:00:00,Lab_202_PC017,Offline,N/A,N/A
2026-04-01 03:00:00,Lab_202_PC018,Offline,N/A,N/A
2026-04-01 03:00:00,Lab_202_PC019,Offline,N/A,N/A
2026-04-01 03:00:00,Lab_202_PC020,Offline,N/A,N/A
2026-04-01 03:00:00,Lab_202_PC021,Offline,N/A,N/A
2026-04-01 03:00:00,Lab_202_PC022,Offline,N/A,N/A
2026-04-01 03:00:00,Lab_202_PC023,Idle,AnonUser_0002,45
2026-04-01 03:00:00,Lab_202_PC024,Offline,N/A,N/A
2026-04-01 03:00:00,Lab_202_PC025,In Use,AnonUser_0138,15
2026-04-01 03:00:00,Lab_202_PC026,Idle,AnonUser_0145,60
2026-04-01 03:00:00,Lab_202_PC027,Offline,N/A,N/A
2026-04-01 03:00:00,Lab_202_PC028,Idle,AnonUser_0009,105
2026-04-01 03:00:00,Lab_202_PC029,Idle,AnonUser_0139,105
2026-04-01 03:00:00,Lab_202_PC030,In Use,AnonUser_0029,150
2026-04-01 03:00:00,Lab_206_PC031,Offline,N/A,N/A
2026-04-01 03:00:00,Lab_206_PC032,Offline,N/A,N/A
2026-04-01 03:00:00,Lab_206_PC033,In Use,AnonUser_0087,60
2026-04-01 03:00:00,Lab_206_PC034,In Use,AnonUser_0018,135
2026-04-01 03:00:00,Lab_206_PC035,In Use,AnonUser_0114,75
2026-04-01 03:00:00,Lab_206_PC036,Offline,N/A,N/A
2026-04-01 03:00:00,Lab_206_PC037,Offline,N/A,N/A
2026-04-01 03:00:00,Lab_206_PC038,Offline,N/A,N/A
2026-04-01 03:00:00,Lab_206_PC039,In Use,AnonUser_0111,60
2026-04-01 03:00:00,Lab_206_PC040,Idle,AnonUser_0165,180
2026-04-01 03:00:00,Lab_206_PC041,In Use,AnonUser_0113,45
2026-04-01 03:00:00,Lab_206_PC042,Offline,N/A,N/A
2026-04-01 03:00:00,Lab_206_PC043,In Use,AnonUser_0173,60
2026-04-01 03:00:00,Lab_206_PC044,In Use,AnonUser_0072,120
2026-04-01 03:00:00,Lab_206_PC045,In Use,AnonUser_0067,30
2026-04-01 03:00:00,Lab_206_PC046,Offline,N/A,N/A
2026-04-01 03:00:00,Lab_206_PC047,In Use,AnonUser_0023,45
2026-04-01 03:00:00,Lab_206_PC048,In Use,AnonUser_0142,75
2026-04-01 03:00:00,Lab_206_PC049,Offline,N/A,N/A
2026-04-01 03:00:00,Lab_206_PC050,Offline,N/A,N/A
2026-04-01 03:00:00,Lab_206_PC051,Offline,N/A,N/A
2026-04-01 03:00:00,Lab_206_PC052,In Use,AnonUser_0125,30
2026-04-01 03:00:00,Lab_206_PC053,In Use,AnonUser_0030,120
2026-04-01 03:00:00,Lab_206_PC054,Offline,N/A,N/A
2026-04-01 03:00:00,Lab_206_PC055,Offline,N/A,N/A
2026-04-01 03:00:00,Lab_206_PC056,In Use,AnonUser_0015,105
2026-04-01 03:00:00,Lab_206_PC057,In Use,AnonUser_0038,15
2026-04-01 03:00:00,Lab_206_PC058,In Use,AnonUser_0132,30
2026-04-01 03:00:00,Lab_206_PC059,Offline,N/A,N/A
2026-04-01 03:00:00,Lab_206_PC060,Offline,N/A,N/A
2026-04-01 03:00:00,Lab_210_PC061,Offline,N/A,N/A
2026-04-01 03:00:00,Lab_210_PC062,Offline,N/A,N/A
2026-04-01 03:00:00,Lab_210_PC063,Idle,AnonUser_0047,150
2026-04-01 03:00:00,Lab_210_PC064,Offline,N/A,N/A
2026-04-01 03:00:00,Lab_210_PC065,In Use,AnonUser_0099,195
2026-04-01 03:00:00,Lab_210_PC066,Idle,AnonUser_0056,0
2026-04-01 03:00:00,Lab_210_PC067,In Use,AnonUser_0174,75
2026-04-01 03:00:00,Lab_210_PC068,In Use,AnonUser_0162,30
2026-04-01 03:00:00,Lab_210_PC069,In Use,AnonUser_0137,90
2026-04-01 03:00:00,Lab_210_PC070,Offline,N/A,N/A
2026-04-01 03:00:00,Lab_210_PC071,Offline,N/A,N/A
2026-04-01 03:00:00,Lab_210_PC072,Offline,N/A,N/A
2026-04-01 03:00:00,Lab_210_PC073,In Use,AnonUser_0081,135
2026-04-01 03:00:00,Lab_210_PC074,Offline,N/A,N/A
2026-04-01 03:00:00,Lab_210_PC075,Offline,N/A,N/A
2026-04-01 03:00:00,Lab_210_PC076,Offline,N/A,N/A
2026-04-01 03:00:00,Lab_210_PC077,Offline,N/A,N/A
2026-04-01 03:00:00,Lab_210_PC078,Offline,N/A,N/A
2026-04-01 03:00:00,Lab_210_PC079,Offline,N/A,N/A
2026-04-01 03:00:00,Lab_210_PC080,Idle,AnonUser_0121,45
2026-04-01 03:00:00,Lab_210_PC081,Offline,N/A,N/A
2026-04-01 03:00:00,Lab_219_PC082,In Use,AnonUser_0171,120
2026-04-01 03:00:00,Lab_219_PC083,Offline,N/A,N/A
2026-04-01 03:00:00,Lab_219_PC084,Offline,N/A,N/A
2026-04-01 03:00:00,Lab_219_PC085,Offline,N/A,N/A
2026-04-01 03:00:00,Lab_219_PC086,Offline,N/A,N/A
2026-04-01 03:00:00,Lab_219_PC087,Offline,N/A,N/A
2026-04-01 03:00:00,Lab_219_PC088,Offline,N/A,N/A
2026-04-01 03:00:00,Lab_219_PC089,Idle,AnonUser_0044,15
2026-04-01 03:00:00,Lab_219_PC090,In Use,AnonUser_0157,75
2026-04-01 03:00:00,Lab_219_PC091,Offline,N/A,N/A
2026-04-01 03:00:00,Lab_219_PC092,In Use,AnonUser_0061,180
2026-04-01 03:00:00,Lab_219_PC093,Offline,N/A,N/A
2026-04-01 03:00:00,Lab_219_PC094,Offline,N/A,N/A
2026-04-01 03:00:00,Lab_219_PC095,Offline,N/A,N/A
2026-04-01 03:00:00,Lab_219_PC096,Offline,N/A,N/A
2026-04-01 03:00:00,Lab_219_PC097,Offline,N/A,N/A
2026-04-01 03:00:00,Lab_219_PC098,Offline,N/A,N/A
2026-04-01 03:00:00,Lab_219_PC099,Offline,N/A,N/A
2026-04-01 03:00:00,Lab_219_PC100,Offline,N/A,N/A
2026-04-01 03:00:00,Lab_219_PC101,In Use,AnonUser_0037,120
2026-04-01 03:00:00,Lab_219_PC102,In Use,AnonUser_0160,150
2026-04-01 03:00:00,Lab_219_PC103,Offline,N/A,N/A
2026-04-01 03:00:00,Lab_219_PC104,In Use,AnonUser_0006,60
2026-04-01 03:00:00,Lab_219_PC105,Offline,N/A,N/A
2026-04-01 03:00:00,Lab_219_PC106,Offline,N/A,N/A
2026-04-01 03:00:00,Lab_219_PC107,Offline,N/A,N/A
2026-04-01 03:00:00,Lab_219_PC108,Idle,AnonUser_0106,75
2026-04-01 03:00:00,Lab_219_PC109,Offline,N/A,N/A
2026-04-01 03:00:00,Lab_219_PC110,In Use,AnonUser_0105,60
2026-04-01 03:00:00,Lab_219_PC111,Offline,N/A,N/A
2026-04-01 03:00:00,Lab_219_PC112,Offline,N/A,N/A
2026-04-01 03:00:00,Lab_219_PC113,Offline,N/A,N/A
2026-04-01 03:00:00,Lab_219_PC114,Offline,N/A,N/A
2026-04-01 03:00:00,Lab_219_PC115,In Use,AnonUser_0110,120
2026-04-01 03:00:00,Lab_219_PC116,Offline,N/A,N/A
2026-04-01 03:00:00,Lab_219_PC117,Offline,N/A,N/A
2026-04-01 03:00:00,Lab_219_PC118,Idle,AnonUser_0051,120
2026-04-01 03:00:00,Lab_219_PC119,Offline,N/A,N/A
2026-04-01 03:00:00,Lab_219_PC120,Offline,N/A,N/A
2026-04-01 03:00:00,Lab_219_PC121,In Use,AnonUser_0054,45
2026-04-01 03:00:00,Lab_219_PC122,In Use,AnonUser_0151,150
2026-04-01 03:00:00,Lab_219_PC123,Idle,AnonUser_0147,135
2026-04-01 03:00:00,Lab_219_PC124,Offline,N/A,N/A
2026-04-01 03:00:00,Lab_219_PC125,Offline,N/A,N/A
2026-04-01 03:00:00,Lab_219_PC126,Offline,N/A,N/A
2026-04-01 03:00:00,Lab_219_PC127,Offline,N/A,N/A
2026-04-01 03:00:00,Lab_219_PC128,Offline,N/A,N/A
2026-04-01 03:00:00,Lab_219_PC129,Offline,N/A,N/A
2026-04-01 03:00:00,Lab_219_PC130,Offline,N/A,N/A
2026-04-01 03:00:00,Lab_219_PC131,Offline,N/A,N/A
2026-04-01 03:00:00,Lab_219_PC132,In Use,AnonUser_0033,45
2026-04-01 03:00:00,Lab_219_PC133,In Use,AnonUser_0048,165
2026-04-01 03:00:00,Lab_219_PC134,Offline,N/A,N/A
2026-04-01 03:00:00,Lab_219_PC135,Offline,N/A,N/A
2026-04-01 03:00:00,Lab_219_PC136,Offline,N/A,N/A
2026-04-01 03:00:00,Lab_219_PC137,Offline,N/A,N/A
2026-04-01 03:00:00,Lab_219_PC138,Offline,N/A,N/A
2026-04-01 03:00:00,Lab_219_PC139,Offline,N/A,N/A
2026-04-01 03:00:00,Lab_219_PC140,In Use,AnonUser_0154,120
2026-04-01 03:00:00,Lab_219_PC141,Offline,N/A,N/A
2026-04-01 03:00:00,Lab_219_PC142,Offline,N/A,N/A
2026-04-01 03:00:00,Lab_219_PC143,In Use,AnonUser_0085,75
2026-04-01 03:00:00,Lab_219_PC144,Idle,AnonUser_0040,150
2026-04-01 03:00:00,Lab_219_PC145,Offline,N/A,N/A
2026-04-01 03:00:00,Lab_219_PC146,In Use,AnonUser_0076,90
2026-04-01 03:00:00,Lab_219_PC147,Offline,N/A,N/A
2026-04-01 03:00:00,Lab_219_PC148,Offline,N/A,N/A
2026-04-01 03:00:00,Lab_219_PC149,Offline,N/A,N/A
2026-04-01 03:00:00,Lab_219_PC150,Offline,N/A,N/A
2026-04-01 03:00:00,Lab_219_PC151,Offline,N/A,N/A
2026-04-01 03:00:00,Lab_219_PC152,Offline,N/A,N/A
2026-04-01 03:00:00,Lab_219_PC153,Offline,N/A,N/A
2026-04-01 03:00:00,Lab_219_PC154,Offline,N/A,N/A
2026-04-01 03:00:00,Lab_219_PC155,Offline,N/A,N/A
2026-04-01 03:00:00,Lab_219_PC156,Offline,N/A,N/A
2026-04-01 03:00:00,Lab_219_PC157,Offline,N/A,N/A
2026-04-01 03:00:00,Lab_219_PC158,Offline,N/A,N/A
2026-04-01 03:00:00,Lab_219_PC159,In Use,AnonUser_0135,60
2026-04-01 03:00:00,Lab_219_PC160,Offline,N/A,N/A
2026-04-01 03:00:00,Lab_219_PC161,Offline,N/A,N/A
2026-04-01 03:00:00,Lab_219_PC162,In Use,AnonUser_0063,105
2026-04-01 03:00:00,Lab_219_PC163,In Use,AnonUser_0101,105
2026-04-01 03:00:00,Lab_219_PC164,Offline,N/A,N/A
2026-04-01 03:00:00,Lab_219_PC165,Idle,AnonUser_0097,120
2026-04-01 03:00:00,Lab_219_PC166,Offline,N/A,N/A
2026-04-01 03:00:00,Lab_219_PC167,Offline,N/A,N/A
2026-04-01 03:00:00,Lab_219_PC168,Offline,N/A,N/A
2026-04-01 03:00:00,Lab_219_PC169,Offline,N/A,N/A
2026-04-01 03:00:00,Lab_219_PC170,In Use,AnonUser_0117,75
2026-04-01 03:00:00,Lab_219_PC171,In Use,AnonUser_0170,90
2026-04-01 03:00:00,Lab_219_PC172,Offline,N/A,N/A
2026-04-01 03:00:00,Lab_219_PC173,Idle,AnonUser_0167,105
2026-04-01 03:00:00,Lab_219_PC174,Offline,N/A,N/A
2026-04-01 03:00:00,Lab_219_PC175,Offline,N/A,N/A
2026-04-01 03:00:00,Lab_219_PC176,Offline,N/A,N/A
2026-04-01 03:00:00,Lab_219_PC177,Offline,N/A,N/A
2026-04-01 03:00:00,Lab_219_PC178,Offline,N/A,N/A
2026-04-01 03:00:00,Lab_219_PC179,Offline,N/A,N/A
2026-04-01 03:15:00,Lab_202_PC001,Offline,N/A,N/A
2026-04-01 03:15:00,Lab_202_PC002,Offline,N/A,N/A
2026-04-01 03:15:00,Lab_202_PC003,Offline,N/A,N/A
2026-04-01 03:15:00,Lab_202_PC004,Offline,N/A,N/A
2026-04-01 03:15:00,Lab_202_PC005,In Use,AnonUser_0128,195
2026-04-01 03:15:00,Lab_202_PC006,In Use,AnonUser_0080,180
2026-04-01 03:15:00,Lab_202_PC007,Offline,N/A,N/A
2026-04-01 03:15:00,Lab_202_PC008,Offline,N/A,N/A
2026-04-01 03:15:00,Lab_202_PC009,Offline,N/A,N/A
2026-04-01 03:15:00,Lab_202_PC010,Offline,N/A,N/A
2026-04-01 03:15:00,Lab_202_PC011,Offline,N/A,N/A
2026-04-01 03:15:00,Lab_202_PC012,In Use,AnonUser_0172,45
2026-04-01 03:15:00,Lab_202_PC013,Offline,N/A,N/A
2026-04-01 03:15:00,Lab_202_PC014,Offline,N/A,N/A
2026-04-01 03:15:00,Lab_202_PC015,Offline,N/A,N/A
2026-04-01 03:15:00,Lab_202_PC016,Idle,AnonUser_0158,105
2026-04-01 03:15:00,Lab_202_PC017,Offline,N/A,N/A
2026-04-01 03:15:00,Lab_202_PC018,Offline,N/A,N/A
2026-04-01 03:15:00,Lab_202_PC019,Offline,N/A,N/A
2026-04-01 03:15:00,Lab_202_PC020,In Use,AnonUser_0005,15
2026-04-01 03:15:00,Lab_202_PC021,Offline,N/A,N/A
2026-04-01 03:15:00,Lab_202_PC022,Offline,N/A,N/A
2026-04-01 03:15:00,Lab_202_PC023,In Use,AnonUser_0002,30
2026-04-01 03:15:00,Lab_202_PC024,Offline,N/A,N/A
2026-04-01 03:15:00,Lab_202_PC025,In Use,AnonUser_0138,0
2026-04-01 03:15:00,Lab_202_PC026,In Use,AnonUser_0145,45
2026-04-01 03:15:00,Lab_202_PC027,Offline,N/A,N/A
2026-04-01 03:15:00,Lab_202_PC028,In Use,AnonUser_0009,90
2026-04-01 03:15:00,Lab_202_PC029,In Use,AnonUser_0139,90
2026-04-01 03:15:00,Lab_202_PC030,In Use,AnonUser_0029,135
2026-04-01 03:15:00,Lab_206_PC031,Offline,N/A,N/A
2026-04-01 03:15:00,Lab_206_PC032,Offline,N/A,N/A
2026-04-01 03:15:00,Lab_206_PC033,In Use,AnonUser_0087,45
2026-04-01 03:15:00,Lab_206_PC034,Idle,AnonUser_0018,120
2026-04-01 03:15:00,Lab_206_PC035,In Use,AnonUser_0114,60
2026-04-01 03:15:00,Lab_206_PC036,Offline,N/A,N/A
2026-04-01 03:15:00,Lab_206_PC037,In Use,AnonUser_0052,0
2026-04-01 03:15:00,Lab_206_PC038,Offline,N/A,N/A
2026-04-01 03:15:00,Lab_206_PC039,Idle,AnonUser_0111,45
2026-04-01 03:15:00,Lab_206_PC040,In Use,AnonUser_0165,165
2026-04-01 03:15:00,Lab_206_PC041,In Use,AnonUser_0113,30
2026-04-01 03:15:00,Lab_206_PC042,Offline,N/A,N/A
2026-04-01 03:15:00,Lab_206_PC043,In Use,AnonUser_0173,45
2026-04-01 03:15:00,Lab_206_PC044,In Use,AnonUser_0072,105
2026-04-01 03:15:00,Lab_206_PC045,In Use,AnonUser_0067,15
2026-04-01 03:15:00,Lab_206_PC046,Offline,N/A,N/A
2026-04-01 03:15:00,Lab_206_PC047,In Use,AnonUser_0023,30
2026-04-01 03:15:00,Lab_206_PC048,In Use,AnonUser_0142,60
2026-04-01 03:15:00,Lab_206_PC049,Offline,N/A,N/A
2026-04-01 03:15:00,Lab_206_PC050,Offline,N/A,N/A
2026-04-01 03:15:00,Lab_206_PC051,Offline,N/A,N/A
2026-04-01 03:15:00,Lab_206_PC052,In Use,AnonUser_0125,15
2026-04-01 03:15:00,Lab_206_PC053,In Use,AnonUser_0030,105
2026-04-01 03:15:00,Lab_206_PC054,Offline,N/A,N/A
2026-04-01 03:15:00,Lab_206_PC055,Offline,N/A,N/A
2026-04-01 03:15:00,Lab_206_PC056,In Use,AnonUser_0015,90
2026-04-01 03:15:00,Lab_206_PC057,In Use,AnonUser_0038,0
2026-04-01 03:15:00,Lab_206_PC058,In Use,AnonUser_0132,15
2026-04-01 03:15:00,Lab_206_PC059,Offline,N/A,N/A
2026-04-01 03:15:00,Lab_206_PC060,Offline,N/A,N/A
2026-04-01 03:15:00,Lab_210_PC061,Offline,N/A,N/A
2026-04-01 03:15:00,Lab_210_PC062,Offline,N/A,N/A
2026-04-01 03:15:00,Lab_210_PC063,In Use,AnonUser_0047,135
2026-04-01 03:15:00,Lab_210_PC064,Offline,N/A,N/A
2026-04-01 03:15:00,Lab_210_PC065,In Use,AnonUser_0099,180
2026-04-01 03:15:00,Lab_210_PC066,Offline,N/A,N/A
2026-04-01 03:15:00,Lab_210_PC067,In Use,AnonUser_0174,60
2026-04-01 03:15:00,Lab_210_PC068,In Use,AnonUser_0162,15
2026-04-01 03:15:00,Lab_210_PC069,Idle,AnonUser_0137,75
2026-04-01 03:15:00,Lab_210_PC070,Offline,N/A,N/A
2026-04-01 03:15:00,Lab_210_PC071,Offline,N/A,N/A
2026-04-01 03:15:00,Lab_210_PC072,Offline,N/A,N/A
2026-04-01 03:15:00,Lab_210_PC073,In Use,AnonUser_0081,120
2026-04-01 03:15:00,Lab_210_PC074,Offline,N/A,N/A
2026-04-01 03:15:00,Lab_210_PC075,Offline,N/A,N/A
2026-04-01 03:15:00,Lab_210_PC076,Offline,N/A,N/A
2026-04-01 03:15:00,Lab_210_PC077,Offline,N/A,N/A
2026-04-01 03:15:00,Lab_210_PC078,Offline,N/A,N/A
2026-04-01 03:15:00,Lab_210_PC079,Offline,N/A,N/A
2026-04-01 03:15:00,Lab_210_PC080,In Use,AnonUser_0121,30
2026-04-01 03:15:00,Lab_210_PC081,Offline,N/A,N/A
2026-04-01 03:15:00,Lab_219_PC082,In Use,AnonUser_0171,105
2026-04-01 03:15:00,Lab_219_PC083,In Use,AnonUser_0017,150
2026-04-01 03:15:00,Lab_219_PC084,Offline,N/A,N/A
2026-04-01 03:15:00,Lab_219_PC085,Offline,N/A,N/A
2026-04-01 03:15:00,Lab_219_PC086,Offline,N/A,N/A
2026-04-01 03:15:00,Lab_219_PC087,Offline,N/A,N/A
2026-04-01 03:15:00,Lab_219_PC088,Offline,N/A,N/A
2026-04-01 03:15:00,Lab_219_PC089,In Use,AnonUser_0044,0
2026-04-01 03:15:00,Lab_219_PC090,In Use,AnonUser_0157,60
2026-04-01 03:15:00,Lab_219_PC091,Offline,N/A,N/A
2026-04-01 03:15:00,Lab_219_PC092,In Use,AnonUser_0061,165
2026-04-01 03:15:00,Lab_219_PC093,Offline,N/A,N/A
2026-04-01 03:15:00,Lab_219_PC094,Offline,N/A,N/A
2026-04-01 03:15:00,Lab_219_PC095,Idle,AnonUser_0020,60
2026-04-01 03:15:00,Lab_219_PC096,Offline,N/A,N/A
2026-04-01 03:15:00,Lab_219_PC097,Offline,N/A,N/A
2026-04-01 03:15:00,Lab_219_PC098,Offline,N/A,N/A
2026-04-01 03:15:00,Lab_219_PC099,Offline,N/A,N/A
2026-04-01 03:15:00,Lab_219_PC100,Offline,N/A,N/A
2026-04-01 03:15:00,Lab_219_PC101,In Use,AnonUser_0037,105
2026-04-01 03:15:00,Lab_219_PC102,Idle,AnonUser_0160,135
2026-04-01 03:15:00,Lab_219_PC103,Offline,N/A,N/A
2026-04-01 03:15:00,Lab_219_PC104,In Use,AnonUser_0006,45
2026-04-01 03:15:00,Lab_219_PC105,Offline,N/A,N/A
2026-04-01 03:15:00,Lab_219_PC106,Offline,N/A,N/A
2026-04-01 03:15:00,Lab_219_PC107,Offline,N/A,N/A
2026-04-01 03:15:00,Lab_219_PC108,In Use,AnonUser_0106,60
2026-04-01 03:15:00,Lab_219_PC109,Idle,AnonUser_0168,15
2026-04-01 03:15:00,Lab_219_PC110,In Use,AnonUser_0105,45
2026-04-01 03:15:00,Lab_219_PC111,Offline,N/A,N/A
2026-04-01 03:15:00,Lab_219_PC112,Offline,N/A,N/A
2026-04-01 03:15:00,Lab_219_PC113,Offline,N/A,N/A
2026-04-01 03:15:00,Lab_219_PC114,Offline,N/A,N/A
2026-04-01 03:15:00,Lab_219_PC115,In Use,AnonUser_0110,105
2026-04-01 03:15:00,Lab_219_PC116,Offline,N/A,N/A
2026-04-01 03:15:00,Lab_219_PC117,Offline,N/A,N/A
2026-04-01 03:15:00,Lab_219_PC118,In Use,AnonUser_0051,105
2026-04-01 03:15:00,Lab_219_PC119,Offline,N/A,N/A
2026-04-01 03:15:00,Lab_219_PC120,Offline,N/A,N/A
2026-04-01 03:15:00,Lab_219_PC121,In Use,AnonUser_0054,30
2026-04-01 03:15:00,Lab_219_PC122,In Use,AnonUser_0151,135
2026-04-01 03:15:00,Lab_219_PC123,In Use,AnonUser_0147,120
2026-04-01 03:15:00,Lab_219_PC124,Offline,N/A,N/A
2026-04-01 03:15:00,Lab_219_PC125,Offline,N/A,N/A
2026-04-01 03:15:00,Lab_219_PC126,Offline,N/A,N/A
2026-04-01 03:15:00,Lab_219_PC127,Offline,N/A,N/A
2026-04-01 03:15:00,Lab_219_PC128,Offline,N/A,N/A
2026-04-01 03:15:00,Lab_219_PC129,Offline,N/A,N/A
2026-04-01 03:15:00,Lab_219_PC130,Offline,N/A,N/A
2026-04-01 03:15:00,Lab_219_PC131,Offline,N/A,N/A
2026-04-01 03:15:00,Lab_219_PC132,In Use,AnonUser_0033,30
2026-04-01 03:15:00,Lab_219_PC133,In Use,AnonUser_0048,150
2026-04-01 03:15:00,Lab_219_PC134,Offline,N/A,N/A
2026-04-01 03:15:00,Lab_219_PC135,Offline,N/A,N/A
2026-04-01 03:15:00,Lab_219_PC136,Offline,N/A,N/A
2026-04-01 03:15:00,Lab_219_PC137,Idle,AnonUser_0016,150
2026-04-01 03:15:00,Lab_219_PC138,Offline,N/A,N/A
2026-04-01 03:15:00,Lab_219_PC139,Offline,N/A,N/A
2026-04-01 03:15:00,Lab_219_PC140,In Use,AnonUser_0154,105
2026-04-01 03:15:00,Lab_219_PC141,Offline,N/A,N/A
2026-04-01 03:15:00,Lab_219_PC142,Offline,N/A,N/A
2026-04-01 03:15:00,Lab_219_PC143,In Use,AnonUser_0085,60
2026-04-01 03:15:00,Lab_219_PC144,In Use,AnonUser_0040,135
2026-04-01 03:15:00,Lab_219_PC145,Offline,N/A,N/A
2026-04-01 03:15:00,Lab_219_PC146,In Use,AnonUser_0076,75
2026-04-01 03:15:00,Lab_219_PC147,In Use,AnonUser_0082,180
2026-04-01 03:15:00,Lab_219_PC148,Offline,N/A,N/A
2026-04-01 03:15:00,Lab_219_PC149,Offline,N/A,N/A
2026-04-01 03:15:00,Lab_219_PC150,Offline,N/A,N/A
2026-04-01 03:15:00,Lab_219_PC151,Offline,N/A,N/A
2026-04-01 03:15:00,Lab_219_PC152,Offline,N/A,N/A
2026-04-01 03:15:00,Lab_219_PC153,Offline,N/A,N/A
2026-04-01 03:15:00,Lab_219_PC154,Offline,N/A,N/A
2026-04-01 03:15:00,Lab_219_PC155,Offline,N/A,N/A
2026-04-01 03:15:00,Lab_219_PC156,Offline,N/A,N/A
2026-04-01 03:15:00,Lab_219_PC157,Offline,N/A,N/A
2026-04-01 03:15:00,Lab_219_PC158,Offline,N/A,N/A
2026-04-01 03:15:00,Lab_219_PC159,In Use,AnonUser_0135,45
2026-04-01 03:15:00,Lab_219_PC160,Offline,N/A,N/A
2026-04-01 03:15:00,Lab_219_PC161,Offline,N/A,N/A
2026-04-01 03:15:00,Lab_219_PC162,Idle,AnonUser_0063,90
2026-04-01 03:15:00,Lab_219_PC163,In Use,AnonUser_0101,90
2026-04-01 03:15:00,Lab_219_PC164,Offline,N/A,N/A
2026-04-01 03:15:00,Lab_219_PC165,In Use,AnonUser_0097,105
2026-04-01 03:15:00,Lab_219_PC166,Offline,N/A,N/A
2026-04-01 03:15:00,Lab_219_PC167,Offline,N/A,N/A
2026-04-01 03:15:00,Lab_219_PC168,Offline,N/A,N/A
2026-04-01 03:15:00,Lab_219_PC169,Offline,N/A,N/A
2026-04-01 03:15:00,Lab_219_PC170,In Use,AnonUser_0117,60
2026-04-01 03:15:00,Lab_219_PC171,In Use,AnonUser_0170,75
2026-04-01 03:15:00,Lab_219_PC172,Offline,N/A,N/A
2026-04-01 03:15:00,Lab_219_PC173,In Use,AnonUser_0167,90
2026-04-01 03:15:00,Lab_219_PC174,Offline,N/A,N/A
2026-04-01 03:15:00,Lab_219_PC175,Offline,N/A,N/A
2026-04-01 03:15:00,Lab_219_PC176,Offline,N/A,N/A
2026-04-01 03:15:00,Lab_219_PC177,Offline,N/A,N/A
2026-04-01 03:15:00,Lab_219_PC178,Offline,N/A,N/A
2026-04-01 03:15:00,Lab_219_PC179,Idle,AnonUser_0086,135
2026-04-01 03:30:00,Lab_202_PC001,Offline,N/A,N/A
2026-04-01 03:30:00,Lab_202_PC002,Offline,N/A,N/A
2026-04-01 03:30:00,Lab_202_PC003,Offline,N/A,N/A
2026-04-01 03:30:00,Lab_202_PC004,Idle,AnonUser_0143,0
2026-04-01 03:30:00,Lab_202_PC005,Idle,AnonUser_0128,180
2026-04-01 03:30:00,Lab_202_PC006,In Use,AnonUser_0080,165
2026-04-01 03:30:00,Lab_202_PC007,Offline,N/A,N/A
2026-04-01 03:30:00,Lab_202_PC008,Offline,N/A,N/A
2026-04-01 03:30:00,Lab_202_PC009,Offline,N/A,N/A
2026-04-01 03:30:00,Lab_202_PC010,Offline,N/A,N/A
2026-04-01 03:30:00,Lab_202_PC011,Offline,N/A,N/A
2026-04-01 03:30:00,Lab_202_PC012,In Use,AnonUser_0172,30
2026-04-01 03:30:00,Lab_202_PC013,Offline,N/A,N/A
2026-04-01 03:30:00,Lab_202_PC014,Offline,N/A,N/A
2026-04-01 03:30:00,Lab_202_PC015,Offline,N/A,N/A
2026-04-01 03:30:00,Lab_202_PC016,In Use,AnonUser_0158,90
2026-04-01 03:30:00,Lab_202_PC017,Offline,N/A,N/A
2026-04-01 03:30:00,Lab_202_PC018,Offline,N/A,N/A
2026-04-01 03:30:00,Lab_202_PC019,Offline,N/A,N/A
2026-04-01 03:30:00,Lab_202_PC020,In Use,AnonUser_0005,0
2026-04-01 03:30:00,Lab_202_PC021,Offline,N/A,N/A
2026-04-01 03:30:00,Lab_202_PC022,Offline,N/A,N/A
2026-04-01 03:30:00,Lab_202_PC023,In Use,AnonUser_0002,15
2026-04-01 03:30:00,Lab_202_PC024,Offline,N/A,N/A
2026-04-01 03:30:00,Lab_202_PC025,Offline,N/A,N/A
2026-04-01 03:30:00,Lab_202_PC026,In Use,AnonUser_0145,30
2026-04-01 03:30:00,Lab_202_PC027,Offline,N/A,N/A
2026-04-01 03:30:00,Lab_202_PC028,Idle,AnonUser_0009,75
2026-04-01 03:30:00,Lab_202_PC029,In Use,AnonUser_0139,75
2026-04-01 03:30:00,Lab_202_PC030,In Use,AnonUser_0029,120
2026-04-01 03:30:00,Lab_206_PC031,Offline,N/A,N/A
2026-04-01 03:30:00,Lab_206_PC032,Offline,N/A,N/A
2026-04-01 03:30:00,Lab_206_PC033,In Use,AnonUser_0087,30
2026-04-01 03:30:00,Lab_206_PC034,In Use,AnonUser_0018,105
2026-04-01 03:30:00,Lab_206_PC035,In Use,AnonUser_0114,45
2026-04-01 03:30:00,Lab_206_PC036,Offline,N/A,N/A
2026-04-01 03:30:00,Lab_206_PC037,Offline,N/A,N/A
2026-04-01 03:30:00,Lab_206_PC038,Offline,N/A,N/A
2026-04-01 03:30:00,Lab_206_PC039,In Use,AnonUser_0111,30
2026-04-01 03:30:00,Lab_206_PC040,Idle,AnonUser_0165,150
2026-04-01 03:30:00,Lab_206_PC041,In Use,AnonUser_0113,15
2026-04-01 03:30:00,Lab_206_PC042,Offline,N/A,N/A
2026-04-01 03:30:00,Lab_206_PC043,Idle,AnonUser_0173,30
2026-04-01 03:30:00,Lab_206_PC044,In Use,AnonUser_0072,90
2026-04-01 03:30:00,Lab_206_PC045,In Use,AnonUser_0067,0
2026-04-01 03:30:00,Lab_206_PC046,Offline,N/A,N/A
2026-04-01 03:30:00,Lab_206_PC047,In Use,AnonUser_0023,15
2026-04-01 03:30:00,Lab_206_PC048,In Use,AnonUser_0142,45
2026-04-01 03:30:00,Lab_206_PC049,Offline,N/A,N/A
2026-04-01 03:30:00,Lab_206_PC050,Offline,N/A,N/A
2026-04-01 03:30:00,Lab_206_PC051,Offline,N/A,N/A
2026-04-01 03:30:00,Lab_206_PC052,Idle,AnonUser_0125,0
2026-04-01 03:30:00,Lab_206_PC053,In Use,AnonUser_0030,90
2026-04-01 03:30:00,Lab_206_PC054,Offline,N/A,N/A
2026-04-01 03:30:00,Lab_206_PC055,Offline,N/A,N/A
2026-04-01 03:30:00,Lab_206_PC056,In Use,AnonUser_0015,75
2026-04-01 03:30:00,Lab_206_PC057,Offline,N/A,N/A
2026-04-01 03:30:00,Lab_206_PC058,In Use,AnonUser_0132,0
2026-04-01 03:30:00,Lab_206_PC059,Offline,N/A,N/A
2026-04-01 03:30:00,Lab_206_PC060,Offline,N/A,N/A
2026-04-01 03:30:00,Lab_210_PC061,Offline,N/A,N/A
2026-04-01 03:30:00,Lab_210_PC062,Offline,N/A,N/A
2026-04-01 03:30:00,Lab_210_PC063,In Use,AnonUser_0047,120
2026-04-01 03:30:00,Lab_210_PC064,Offline,N/A,N/A
2026-04-01 03:30:00,Lab_210_PC065,In Use,AnonUser_0099,165
2026-04-01 03:30:00,Lab_210_PC066,In Use,AnonUser_0056,180
2026-04-01 03:30:00,Lab_210_PC067,In Use,AnonUser_0174,45
2026-04-01 03:30:00,Lab_210_PC068,In Use,AnonUser_0162,0
2026-04-01 03:30:00,Lab_210_PC069,In Use,AnonUser_0137,60
2026-04-01 03:30:00,Lab_210_PC070,Offline,N/A,N/A
2026-04-01 03:30:00,Lab_210_PC071,Offline,N/A,N/A
2026-04-01 03:30:00,Lab_210_PC072,Offline,N/A,N/A
2026-04-01 03:30:00,Lab_210_PC073,In Use,AnonUser_0081,105
2026-04-01 03:30:00,Lab_210_PC074,Offline,N/A,N/A
2026-04-01 03:30:00,Lab_210_PC075,Offline,N/A,N/A
2026-04-01 03:30:00,Lab_210_PC076,Offline,N/A,N/A
2026-04-01 03:30:00,Lab_210_PC077,Offline,N/A,N/A
2026-04-01 03:30:00,Lab_210_PC078,Offline,N/A,N/A
2026-04-01 03:30:00,Lab_210_PC079,Offline,N/A,N/A
2026-04-01 03:30:00,Lab_210_PC080,In Use,AnonUser_0121,15
2026-04-01 03:30:00,Lab_210_PC081,Offline,N/A,N/A
2026-04-01 03:30:00,Lab_219_PC082,In Use,AnonUser_0171,90
2026-04-01 03:30:00,Lab_219_PC083,In Use,AnonUser_0017,135
2026-04-01 03:30:00,Lab_219_PC084,Offline,N/A,N/A
2026-04-01 03:30:00,Lab_219_PC085,Offline,N/A,N/A
2026-04-01 03:30:00,Lab_219_PC086,Offline,N/A,N/A
2026-04-01 03:30:00,Lab_219_PC087,Offline,N/A,N/A
2026-04-01 03:30:00,Lab_219_PC088,Offline,N/A,N/A
2026-04-01 03:30:00,Lab_219_PC089,Offline,N/A,N/A
2026-04-01 03:30:00,Lab_219_PC090,In Use,AnonUser_0157,45
2026-04-01 03:30:00,Lab_219_PC091,Offline,N/A,N/A
2026-04-01 03:30:00,Lab_219_PC092,In Use,AnonUser_0061,150
2026-04-01 03:30:00,Lab_219_PC093,Offline,N/A,N/A
2026-04-01 03:30:00,Lab_219_PC094,Offline,N/A,N/A
2026-04-01 03:30:00,Lab_219_PC095,In Use,AnonUser_0020,45
2026-04-01 03:30:00,Lab_219_PC096,Offline,N/A,N/A
2026-04-01 03:30:00,Lab_219_PC097,Offline,N/A,N/A
2026-04-01 03:30:00,Lab_219_PC098,Offline,N/A,N/A
2026-04-01 03:30:00,Lab_219_PC099,Offline,N/A,N/A
2026-04-01 03:30:00,Lab_219_PC100,Offline,N/A,N/A
2026-04-01 03:30:00,Lab_219_PC101,In Use,AnonUser_0037,90
2026-04-01 03:30:00,Lab_219_PC102,In Use,AnonUser_0160,120
2026-04-01 03:30:00,Lab_219_PC103,In Use,AnonUser_0178,180
2026-04-01 03:30:00,Lab_219_PC104,In Use,AnonUser_0006,30
2026-04-01 03:30:00,Lab_219_PC105,Offline,N/A,N/A
2026-04-01 03:30:00,Lab_219_PC106,Offline,N/A,N/A
2026-04-01 03:30:00,Lab_219_PC107,Offline,N/A,N/A
2026-04-01 03:30:00,Lab_219_PC108,In Use,AnonUser_0106,45
2026-04-01 03:30:00,Lab_219_PC109,Idle,AnonUser_0168,0
2026-04-01 03:30:00,Lab_219_PC110,In Use,AnonUser_0105,30
2026-04-01 03:30:00,Lab_219_PC111,Offline,N/A,N/A
2026-04-01 03:30:00,Lab_219_PC112,Offline,N/A,N/A
2026-04-01 03:30:00,Lab_219_PC113,Offline,N/A,N/A
2026-04-01 03:30:00,Lab_219_PC114,Offline,N/A,N/A
2026-04-01 03:30:00,Lab_219_PC115,In Use,AnonUser_0110,90
2026-04-01 03:30:00,Lab_219_PC116,Offline,N/A,N/A
2026-04-01 03:30:00,Lab_219_PC117,Offline,N/A,N/A
2026-04-01 03:30:00,Lab_219_PC118,Idle,AnonUser_0051,90
2026-04-01 03:30:00,Lab_219_PC119,Offline,N/A,N/A
2026-04-01 03:30:00,Lab_219_PC120,Offline,N/A,N/A
2026-04-01 03:30:00,Lab_219_PC121,In Use,AnonUser_0054,15
2026-04-01 03:30:00,Lab_219_PC122,In Use,AnonUser_0151,120
2026-04-01 03:30:00,Lab_219_PC123,In Use,AnonUser_0147,105
2026-04-01 03:30:00,Lab_219_PC124,Offline,N/A,N/A
2026-04-01 03:30:00,Lab_219_PC125,Offline,N/A,N/A
2026-04-01 03:30:00,Lab_219_PC126,Offline,N/A,N/A
2026-04-01 03:30:00,Lab_219_PC127,Offline,N/A,N/A
2026-04-01 03:30:00,Lab_219_PC128,Offline,N/A,N/A
2026-04-01 03:30:00,Lab_219_PC129,Idle,AnonUser_0119,45
2026-04-01 03:30:00,Lab_219_PC130,Offline,N/A,N/A
2026-04-01 03:30:00,Lab_219_PC131,Offline,N/A,N/A
2026-04-01 03:30:00,Lab_219_PC132,In Use,AnonUser_0033,15
2026-04-01 03:30:00,Lab_219_PC133,In Use,AnonUser_0048,135
2026-04-01 03:30:00,Lab_219_PC134,Offline,N/A,N/A
2026-04-01 03:30:00,Lab_219_PC135,Offline,N/A,N/A
2026-04-01 03:30:00,Lab_219_PC136,Offline,N/A,N/A
2026-04-01 03:30:00,Lab_219_PC137,In Use,AnonUser_0016,135
2026-04-01 03:30:00,Lab_219_PC138,Offline,N/A,N/A
2026-04-01 03:30:00,Lab_219_PC139,Offline,N/A,N/A
2026-04-01 03:30:00,Lab_219_PC140,In Use,AnonUser_0154,90
2026-04-01 03:30:00,Lab_219_PC141,Offline,N/A,N/A
2026-04-01 03:30:00,Lab_219_PC142,Offline,N/A,N/A
2026-04-01 03:30:00,Lab_219_PC143,In Use,AnonUser_0085,45
2026-04-01 03:30:00,Lab_219_PC144,In Use,AnonUser_0040,120
2026-04-01 03:30:00,Lab_219_PC145,Offline,N/A,N/A
2026-04-01 03:30:00,Lab_219_PC146,In Use,AnonUser_0076,60
2026-04-01 03:30:00,Lab_219_PC147,In Use,AnonUser_0082,165
2026-04-01 03:30:00,Lab_219_PC148,Offline,N/A,N/A
2026-04-01 03:30:00,Lab_219_PC149,In Use,AnonUser_0140,45
2026-04-01 03:30:00,Lab_219_PC150,Offline,N/A,N/A
2026-04-01 03:30:00,Lab_219_PC151,Offline,N/A,N/A
2026-04-01 03:30:00,Lab_219_PC152,Offline,N/A,N/A
2026-04-01 03:30:00,Lab_219_PC153,Offline,N/A,N/A
2026-04-01 03:30:00,Lab_219_PC154,Offline,N/A,N/A
2026-04-01 03:30:00,Lab_219_PC155,Offline,N/A,N/A
2026-04-01 03:30:00,Lab_219_PC156,Offline,N/A,N/A
2026-04-01 03:30:00,Lab_219_PC157,Offline,N/A,N/A
2026-04-01 03:30:00,Lab_219_PC158,Offline,N/A,N/A
2026-04-01 03:30:00,Lab_219_PC159,In Use,AnonUser_0135,30
2026-04-01 03:30:00,Lab_219_PC160,Offline,N/A,N/A
2026-04-01 03:30:00,Lab_219_PC161,Offline,N/A,N/A
2026-04-01 03:30:00,Lab_219_PC162,In Use,AnonUser_0063,75
2026-04-01 03:30:00,Lab_219_PC163,In Use,AnonUser_0101,75
2026-04-01 03:30:00,Lab_219_PC164,Offline,N/A,N/A
2026-04-01 03:30:00,Lab_219_PC165,In Use,AnonUser_0097,90
2026-04-01 03:30:00,Lab_219_PC166,Offline,N/A,N/A
2026-04-01 03:30:00,Lab_219_PC167,Offline,N/A,N/A
2026-04-01 03:30:00,Lab_219_PC168,Offline,N/A,N/A
2026-04-01 03:30:00,Lab_219_PC169,Offline,N/A,N/A
2026-04-01 03:30:00,Lab_219_PC170,In Use,AnonUser_0117,45
2026-04-01 03:30:00,Lab_219_PC171,Idle,AnonUser_0170,60
2026-04-01 03:30:00,Lab_219_PC172,Offline,N/A,N/A
2026-04-01 03:30:00,Lab_219_PC173,In Use,AnonUser_0167,75
2026-04-01 03:30:00,Lab_219_PC174,Offline,N/A,N/A
2026-04-01 03:30:00,Lab_219_PC175,Offline,N/A,N/A
2026-04-01 03:30:00,Lab_219_PC176,Offline,N/A,N/A
2026-04-01 03:30:00,Lab_219_PC177,Offline,N/A,N/A
2026-04-01 03:30:00,Lab_219_PC178,Offline,N/A,N/A
2026-04-01 03:30:00,Lab_219_PC179,Idle,AnonUser_0086,120
2026-04-01 03:45:00,Lab_202_PC001,Offline,N/A,N/A
2026-04-01 03:45:00,Lab_202_PC002,Offline,N/A,N/A
2026-04-01 03:45:00,Lab_202_PC003,Offline,N/A,N/A
2026-04-01 03:45:00,Lab_202_PC004,Offline,N/A,N/A
2026-04-01 03:45:00,Lab_202_PC005,In Use,AnonUser_0128,165
2026-04-01 03:45:00,Lab_202_PC006,Idle,AnonUser_0080,150
2026-04-01 03:45:00,Lab_202_PC007,Offline,N/A,N/A
2026-04-01 03:45:00,Lab_202_PC008,Offline,N/A,N/A
2026-04-01 03:45:00,Lab_202_PC009,Offline,N/A,N/A
2026-04-01 03:45:00,Lab_202_PC010,Offline,N/A,N/A
2026-04-01 03:45:00,Lab_202_PC011,Offline,N/A,N/A
2026-04-01 03:45:00,Lab_202_PC012,In Use,AnonUser_0172,15
2026-04-01 03:45:00,Lab_202_PC013,Offline,N/A,N/A
2026-04-01 03:45:00,Lab_202_PC014,Offline,N/A,N/A
2026-04-01 03:45:00,Lab_202_PC015,Offline,N/A,N/A
2026-04-01 03:45:00,Lab_202_PC016,In Use,AnonUser_0158,75
2026-04-01 03:45:00,Lab_202_PC017,Offline,N/A,N/A
2026-04-01 03:45:00,Lab_202_PC018,Offline,N/A,N/A
2026-04-01 03:45:00,Lab_202_PC019,Offline,N/A,N/A
2026-04-01 03:45:00,Lab_202_PC020,Offline,N/A,N/A
2026-04-01 03:45:00,Lab_202_PC021,Offline,N/A,N/A
2026-04-01 03:45:00,Lab_202_PC022,Offline,N/A,N/A
2026-04-01 03:45:00,Lab_202_PC023,In Use,AnonUser_0002,0
2026-04-01 03:45:00,Lab_202_PC024,Offline,N/A,N/A
2026-04-01 03:45:00,Lab_202_PC025,Offline,N/A,N/A
2026-04-01 03:45:00,Lab_202_PC026,In Use,AnonUser_0145,15
2026-04-01 03:45:00,Lab_202_PC027,Offline,N/A,N/A
2026-04-01 03:45:00,Lab_202_PC028,In Use,AnonUser_0009,60
2026-04-01 03:45:00,Lab_202_PC029,In Use,AnonUser_0139,60
2026-04-01 03:45:00,Lab_202_PC030,In Use,AnonUser_0029,105
2026-04-01 03:45:00,Lab_206_PC031,Offline,N/A,N/A
2026-04-01 03:45:00,Lab_206_PC032,Offline,N/A,N/A
2026-04-01 03:45:00,Lab_206_PC033,In Use,AnonUser_0087,15
2026-04-01 03:45:00,Lab_206_PC034,In Use,AnonUser_0018,90
2026-04-01 03:45:00,Lab_206_PC035,In Use,AnonUser_0114,30
2026-04-01 03:45:00,Lab_206_PC036,In Use,AnonUser_0039,195
2026-04-01 03:45:00,Lab_206_PC037,In Use,AnonUser_0025,15
2026-04-01 03:45:00,Lab_206_PC038,Offline,N/A,N/A
2026-04-01 03:45:00,Lab_206_PC039,In Use,AnonUser_0111,15
2026-04-01 03:45:00,Lab_206_PC040,In Use,AnonUser_0165,135
2026-04-01 03:45:00,Lab_206_PC041,In Use,AnonUser_0113,0
2026-04-01 03:45:00,Lab_206_PC042,Idle,AnonUser_0177,150
2026-04-01 03:45:00,Lab_206_PC043,In Use,AnonUser_0173,15
2026-04-01 03:45:00,Lab_206_PC044,In Use,AnonUser_0072,75
2026-04-01 03:45:00,Lab_206_PC045,Offline,N/A,N/A
2026-04-01 03:45:00,Lab_206_PC046,Offline,N/A,N/A
2026-04-01 03:45:00,Lab_206_PC047,In Use,AnonUser_0023,0
2026-04-01 03:45:00,Lab_206_PC048,In Use,AnonUser_0142,30
2026-04-01 03:45:00,Lab_206_PC049,Idle,AnonUser_0084,165
2026-04-01 03:45:00,Lab_206_PC050,Offline,N/A,N/A
2026-04-01 03:45:00,Lab_206_PC051,Offline,N/A,N/A
2026-04-01 03:45:00,Lab_206_PC052,Offline,N/A,N/A
2026-04-01 03:45:00,Lab_206_PC053,In Use,AnonUser_0030,75
2026-04-01 03:45:00,Lab_206_PC054,Offline,N/A,N/A
2026-04-01 03:45:00,Lab_206_PC055,Offline,N/A,N/A
2026-04-01 03:45:00,Lab_206_PC056,In Use,AnonUser_0015,60
2026-04-01 03:45:00,Lab_206_PC057,Offline,N/A,N/A
2026-04-01 03:45:00,Lab_206_PC058,Offline,N/A,N/A
2026-04-01 03:45:00,Lab_206_PC059,Offline,N/A,N/A
2026-04-01 03:45:00,Lab_206_PC060,Offline,N/A,N/A
2026-04-01 03:45:00,Lab_210_PC061,Offline,N/A,N/A
2026-04-01 03:45:00,Lab_210_PC062,Offline,N/A,N/A
2026-04-01 03:45:00,Lab_210_PC063,In Use,AnonUser_0047,105
2026-04-01 03:45:00,Lab_210_PC064,Offline,N/A,N/A
2026-04-01 03:45:00,Lab_210_PC065,In Use,AnonUser_0099,150
2026-04-01 03:45:00,Lab_210_PC066,Idle,AnonUser_0056,165
2026-04-01 03:45:00,Lab_210_PC067,In Use,AnonUser_0174,30
2026-04-01 03:45:00,Lab_210_PC068,Offline,N/A,N/A
2026-04-01 03:45:00,Lab_210_PC069,In Use,AnonUser_0137,45
2026-04-01 03:45:00,Lab_210_PC070,Offline,N/A,N/A
2026-04-01 03:45:00,Lab_210_PC071,Offline,N/A,N/A
2026-04-01 03:45:00,Lab_210_PC072,Offline,N/A,N/A
2026-04-01 03:45:00,Lab_210_PC073,In Use,AnonUser_0081,90
2026-04-01 03:45:00,Lab_210_PC074,Offline,N/A,N/A
2026-04-01 03:45:00,Lab_210_PC075,Offline,N/A,N/A
2026-04-01 03:45:00,Lab_210_PC076,Offline,N/A,N/A
2026-04-01 03:45:00,Lab_210_PC077,Offline,N/A,N/A
2026-04-01 03:45:00,Lab_210_PC078,Offline,N/A,N/A
2026-04-01 03:45:00,Lab_210_PC079,Offline,N/A,N/A
2026-04-01 03:45:00,Lab_210_PC080,In Use,AnonUser_0121,0
2026-04-01 03:45:00,Lab_210_PC081,Offline,N/A,N/A
2026-04-01 03:45:00,Lab_219_PC082,In Use,AnonUser_0171,75
2026-04-01 03:45:00,Lab_219_PC083,Idle,AnonUser_0017,120
2026-04-01 03:45:00,Lab_219_PC084,Offline,N/A,N/A
2026-04-01 03:45:00,Lab_219_PC085,Offline,N/A,N/A
2026-04-01 03:45:00,Lab_219_PC086,Offline,N/A,N/A
2026-04-01 03:45:00,Lab_219_PC087,Offline,N/A,N/A
2026-04-01 03:45:00,Lab_219_PC088,Offline,N/A,N/A
2026-04-01 03:45:00,Lab_219_PC089,Offline,N/A,N/A
2026-04-01 03:45:00,Lab_219_PC090,In Use,AnonUser_0157,30
2026-04-01 03:45:00,Lab_219_PC091,Offline,N/A,N/A
2026-04-01 03:45:00,Lab_219_PC092,In Use,AnonUser_0061,135
2026-04-01 03:45:00,Lab_219_PC093,Offline,N/A,N/A
2026-04-01 03:45:00,Lab_219_PC094,Offline,N/A,N/A
2026-04-01 03:45:00,Lab_219_PC095,In Use,AnonUser_0020,30
2026-04-01 03:45:00,Lab_219_PC096,Offline,N/A,N/A
2026-04-01 03:45:00,Lab_219_PC097,Offline,N/A,N/A
2026-04-01 03:45:00,Lab_219_PC098,Offline,N/A,N/A
2026-04-01 03:45:00,Lab_219_PC099,Offline,N/A,N/A
2026-04-01 03:45:00,Lab_219_PC100,Offline,N/A,N/A
2026-04-01 03:45:00,Lab_219_PC101,In Use,AnonUser_0037,75
2026-04-01 03:45:00,Lab_219_PC102,In Use,AnonUser_0160,105
2026-04-01 03:45:00,Lab_219_PC103,In Use,AnonUser_0178,165
2026-04-01 03:45:00,Lab_219_PC104,In Use,AnonUser_0006,15
2026-04-01 03:45:00,Lab_219_PC105,Offline,N/A,N/A
2026-04-01 03:45:00,Lab_219_PC106,Offline,N/A,N/A
2026-04-01 03:45:00,Lab_219_PC107,Offline,N/A,N/A
2026-04-01 03:45:00,Lab_219_PC108,Idle,AnonUser_0106,30
2026-04-01 03:45:00,Lab_219_PC109,Offline,N/A,N/A
2026-04-01 03:45:00,Lab_219_PC110,In Use,AnonUser_0105,15
2026-04-01 03:45:00,Lab_219_PC111,Offline,N/A,N/A
2026-04-01 03:45:00,Lab_219_PC112,Offline,N/A,N/A
2026-04-01 03:45:00,Lab_219_PC113,Offline,N/A,N/A
2026-04-01 03:45:00,Lab_219_PC114,Offline,N/A,N/A
2026-04-01 03:45:00,Lab_219_PC115,Idle,AnonUser_0110,75
2026-04-01 03:45:00,Lab_219_PC116,Offline,N/A,N/A
2026-04-01 03:45:00,Lab_219_PC117,Offline,N/A,N/A
2026-04-01 03:45:00,Lab_219_PC118,In Use,AnonUser_0051,75
2026-04-01 03:45:00,Lab_219_PC119,Offline,N/A,N/A
2026-04-01 03:45:00,Lab_219_PC120,Offline,N/A,N/A
2026-04-01 03:45:00,Lab_219_PC121,In Use,AnonUser_0054,0
2026-04-01 03:45:00,Lab_219_PC122,In Use,AnonUser_0151,105
2026-04-01 03:45:00,Lab_219_PC123,In Use,AnonUser_0147,90
2026-04-01 03:45:00,Lab_219_PC124,Offline,N/A,N/A
2026-04-01 03:45:00,Lab_219_PC125,Offline,N/A,N/A
2026-04-01 03:45:00,Lab_219_PC126,Idle,AnonUser_0096,15
2026-04-01 03:45:00,Lab_219_PC127,Offline,N/A,N/A
2026-04-01 03:45:00,Lab_219_PC128,Offline,N/A,N/A
2026-04-01 03:45:00,Lab_219_PC129,In Use,AnonUser_0119,30
2026-04-01 03:45:00,Lab_219_PC130,Offline,N/A,N/A
2026-04-01 03:45:00,Lab_219_PC131,Offline,N/A,N/A
2026-04-01 03:45:00,Lab_219_PC132,In Use,AnonUser_0033,0
2026-04-01 03:45:00,Lab_219_PC133,In Use,AnonUser_0048,120
2026-04-01 03:45:00,Lab_219_PC134,Offline,N/A,N/A
2026-04-01 03:45:00,Lab_219_PC135,Offline,N/A,N/A
2026-04-01 03:45:00,Lab_219_PC136,Offline,N/A,N/A
2026-04-01 03:45:00,Lab_219_PC137,In Use,AnonUser_0016,120
2026-04-01 03:45:00,Lab_219_PC138,Offline,N/A,N/A
2026-04-01 03:45:00,Lab_219_PC139,Offline,N/A,N/A
2026-04-01 03:45:00,Lab_219_PC140,In Use,AnonUser_0154,75
2026-04-01 03:45:00,Lab_219_PC141,Offline,N/A,N/A
2026-04-01 03:45:00,Lab_219_PC142,Offline,N/A,N/A
2026-04-01 03:45:00,Lab_219_PC143,In Use,AnonUser_0085,30
2026-04-01 03:45:00,Lab_219_PC144,In Use,AnonUser_0040,105
2026-04-01 03:45:00,Lab_219_PC145,Offline,N/A,N/A
2026-04-01 03:45:00,Lab_219_PC146,In Use,AnonUser_0076,45
2026-04-01 03:45:00,Lab_219_PC147,In Use,AnonUser_0082,150
2026-04-01 03:45:00,Lab_219_PC148,Offline,N/A,N/A
2026-04-01 03:45:00,Lab_219_PC149,Idle,AnonUser_0140,30
2026-04-01 03:45:00,Lab_219_PC150,Offline,N/A,N/A
2026-04-01 03:45:00,Lab_219_PC151,Offline,N/A,N/A
2026-04-01 03:45:00,Lab_219_PC152,Offline,N/A,N/A
2026-04-01 03:45:00,Lab_219_PC153,Offline,N/A,N/A
2026-04-01 03:45:00,Lab_219_PC154,In Use,AnonUser_0169,105
2026-04-01 03:45:00,Lab_219_PC155,Offline,N/A,N/A
2026-04-01 03:45:00,Lab_219_PC156,Offline,N/A,N/A
2026-04-01 03:45:00,Lab_219_PC157,In Use,AnonUser_0069,120
2026-04-01 03:45:00,Lab_219_PC158,Offline,N/A,N/A
2026-04-01 03:45:00,Lab_219_PC159,In Use,AnonUser_0135,15
2026-04-01 03:45:00,Lab_219_PC160,Offline,N/A,N/A
2026-04-01 03:45:00,Lab_219_PC161,Offline,N/A,N/A
2026-04-01 03:45:00,Lab_219_PC162,In Use,AnonUser_0063,60
2026-04-01 03:45:00,Lab_219_PC163,In Use,AnonUser_0101,60
2026-04-01 03:45:00,Lab_219_PC164,Offline,N/A,N/A
2026-04-01 03:45:00,Lab_219_PC165,In Use,AnonUser_0097,75
2026-04-01 03:45:00,Lab_219_PC166,Offline,N/A,N/A
2026-04-01 03:45:00,Lab_219_PC167,Offline,N/A,N/A
2026-04-01 03:45:00,Lab_219_PC168,Offline,N/A,N/A
2026-04-01 03:45:00,Lab_219_PC169,Offline,N/A,N/A
2026-04-01 03:45:00,Lab_219_PC170,In Use,AnonUser_0117,30
2026-04-01 03:45:00,Lab_219_PC171,In Use,AnonUser_0170,45
2026-04-01 03:45:00,Lab_219_PC172,Offline,N/A,N/A
2026-04-01 03:45:00,Lab_219_PC173,In Use,AnonUser_0167,60
2026-04-01 03:45:00,Lab_219_PC174,Offline,N/A,N/A
2026-04-01 03:45:00,Lab_219_PC175,Offline,N/A,N/A
2026-04-01 03:45:00,Lab_219_PC176,Offline,N/A,N/A
2026-04-01 03:45:00,Lab_219_PC177,Offline,N/A,N/A
2026-04-01 03:45:00,Lab_219_PC178,Offline,N/A,N/A
2026-04-01 03:45:00,Lab_219_PC179,In Use,AnonUser_0086,105
2026-04-01 04:00:00,Lab_202_PC001,Offline,N/A,N/A
2026-04-01 04:00:00,Lab_202_PC002,Offline,N/A,N/A
2026-04-01 04:00:00,Lab_202_PC003,Offline,N/A,N/A
2026-04-01 04:00:00,Lab_202_PC004,Offline,N/A,N/A
2026-04-01 04:00:00,Lab_202_PC005,In Use,AnonUser_0128,150
2026-04-01 04:00:00,Lab_202_PC006,In Use,AnonUser_0080,135
2026-04-01 04:00:00,Lab_202_PC007,Offline,N/A,N/A
2026-04-01 04:00:00,Lab_202_PC008,Offline,N/A,N/A
2026-04-01 04:00:00,Lab_202_PC009,Offline,N/A,N/A
2026-04-01 04:00:00,Lab_202_PC010,Offline,N/A,N/A
2026-04-01 04:00:00,Lab_202_PC011,Offline,N/A,N/A
2026-04-01 04:00:00,Lab_202_PC012,In Use,AnonUser_0172,0
2026-04-01 04:00:00,Lab_202_PC013,Offline,N/A,N/A
2026-04-01 04:00:00,Lab_202_PC014,Offline,N/A,N/A
2026-04-01 04:00:00,Lab_202_PC015,Offline,N/A,N/A
2026-04-01 04:00:00,Lab_202_PC016,In Use,AnonUser_0158,60
2026-04-01 04:00:00,Lab_202_PC017,Offline,N/A,N/A
2026-04-01 04:00:00,Lab_202_PC018,Offline,N/A,N/A
2026-04-01 04:00:00,Lab_202_PC019,Offline,N/A,N/A
2026-04-01 04:00:00,Lab_202_PC020,Offline,N/A,N/A
2026-04-01 04:00:00,Lab_202_PC021,Offline,N/A,N/A
2026-04-01 04:00:00,Lab_202_PC022,Offline,N/A,N/A
2026-04-01 04:00:00,Lab_202_PC023,Offline,N/A,N/A
2026-04-01 04:00:00,Lab_202_PC024,Offline,N/A,N/A
2026-04-01 04:00:00,Lab_202_PC025,Offline,N/A,N/A
2026-04-01 04:00:00,Lab_202_PC026,In Use,AnonUser_0145,0
2026-04-01 04:00:00,Lab_202_PC027,Offline,N/A,N/A
2026-04-01 04:00:00,Lab_202_PC028,In Use,AnonUser_0009,45
2026-04-01 04:00:00,Lab_202_PC029,In Use,AnonUser_0139,45
2026-04-01 04:00:00,Lab_202_PC030,In Use,AnonUser_0029,90
2026-04-01 04:00:00,Lab_206_PC031,Offline,N/A,N/A
2026-04-01 04:00:00,Lab_206_PC032,Offline,N/A,N/A
2026-04-01 04:00:00,Lab_206_PC033,In Use,AnonUser_0087,0
2026-04-01 04:00:00,Lab_206_PC034,Idle,AnonUser_0018,75
2026-04-01 04:00:00,Lab_206_PC035,In Use,AnonUser_0114,15
2026-04-01 04:00:00,Lab_206_PC036,In Use,AnonUser_0039,180
2026-04-01 04:00:00,Lab_206_PC037,In Use,AnonUser_0025,0
2026-04-01 04:00:00,Lab_206_PC038,Offline,N/A,N/A
2026-04-01 04:00:00,Lab_206_PC039,In Use,AnonUser_0111,0
2026-04-01 04:00:00,Lab_206_PC040,In Use,AnonUser_0165,120
2026-04-01 04:00:00,Lab_206_PC041,Offline,N/A,N/A
2026-04-01 04:00:00,Lab_206_PC042,In Use,AnonUser_0177,135
2026-04-01 04:00:00,Lab_206_PC043,In Use,AnonUser_0173,0
2026-04-01 04:00:00,Lab_206_PC044,In Use,AnonUser_0072,60
2026-04-01 04:00:00,Lab_206_PC045,Offline,N/A,N/A
2026-04-01 04:00:00,Lab_206_PC046,Offline,N/A,N/A
2026-04-01 04:00:00,Lab_206_PC047,Offline,N/A,N/A
2026-04-01 04:00:00,Lab_206_PC048,Idle,AnonUser_0142,15
2026-04-01 04:00:00,Lab_206_PC049,In Use,AnonUser_0084,150
2026-04-01 04:00:00,Lab_206_PC050,Offline,N/A,N/A
2026-04-01 04:00:00,Lab_206_PC051,Offline,N/A,N/A
2026-04-01 04:00:00,Lab_206_PC052,Offline,N/A,N/A
2026-04-01 04:00:00,Lab_206_PC053,In Use,AnonUser_0030,60
2026-04-01 04:00:00,Lab_206_PC054,Offline,N/A,N/A
2026-04-01 04:00:00,Lab_206_PC055,Idle,AnonUser_0058,165
2026-04-01 04:00:00,Lab_206_PC056,In Use,AnonUser_0015,45
2026-04-01 04:00:00,Lab_206_PC057,Offline,N/A,N/A
2026-04-01 04:00:00,Lab_206_PC058,Offline,N/A,N/A
2026-04-01 04:00:00,Lab_206_PC059,Offline,N/A,N/A
2026-04-01 04:00:00,Lab_206_PC060,Offline,N/A,N/A
2026-04-01 04:00:00,Lab_210_PC061,Offline,N/A,N/A
2026-04-01 04:00:00,Lab_210_PC062,Offline,N/A,N/A
2026-04-01 04:00:00,Lab_210_PC063,In Use,AnonUser_0047,90
2026-04-01 04:00:00,Lab_210_PC064,Offline,N/A,N/A
2026-04-01 04:00:00,Lab_210_PC065,Idle,AnonUser_0099,135
2026-04-01 04:00:00,Lab_210_PC066,In Use,AnonUser_0056,150
2026-04-01 04:00:00,Lab_210_PC067,In Use,AnonUser_0174,15
2026-04-01 04:00:00,Lab_210_PC068,Offline,N/A,N/A
2026-04-01 04:00:00,Lab_210_PC069,In Use,AnonUser_0137,30
2026-04-01 04:00:00,Lab_210_PC070,Offline,N/A,N/A
2026-04-01 04:00:00,Lab_210_PC071,In Use,AnonUser_0118,0
2026-04-01 04:00:00,Lab_210_PC072,Offline,N/A,N/A
2026-04-01 04:00:00,Lab_210_PC073,In Use,AnonUser_0081,75
2026-04-01 04:00:00,Lab_210_PC074,Offline,N/A,N/A
2026-04-01 04:00:00,Lab_210_PC075,Offline,N/A,N/A
2026-04-01 04:00:00,Lab_210_PC076,Offline,N/A,N/A
2026-04-01 04:00:00,Lab_210_PC077,Offline,N/A,N/A
2026-04-01 04:00:00,Lab_210_PC078,Offline,N/A,N/A
2026-04-01 04:00:00,Lab_210_PC079,Offline,N/A,N/A
2026-04-01 04:00:00,Lab_210_PC080,Offline,N/A,N/A
2026-04-01 04:00:00,Lab_210_PC081,Offline,N/A,N/A
2026-04-01 04:00:00,Lab_219_PC082,Idle,AnonUser_0171,60
2026-04-01 04:00:00,Lab_219_PC083,In Use,AnonUser_0017,105
2026-04-01 04:00:00,Lab_219_PC084,Offline,N/A,N/A
2026-04-01 04:00:00,Lab_219_PC085,Idle,AnonUser_0070,90
2026-04-01 04:00:00,Lab_219_PC086,Offline,N/A,N/A
2026-04-01 04:00:00,Lab_219_PC087,Offline,N/A,N/A
2026-04-01 04:00:00,Lab_219_PC088,Offline,N/A,N/A
2026-04-01 04:00:00,Lab_219_PC089,Offline,N/A,N/A
2026-04-01 04:00:00,Lab_219_PC090,In Use,AnonUser_0157,15
2026-04-01 04:00:00,Lab_219_PC091,Offline,N/A,N/A
2026-04-01 04:00:00,Lab_219_PC092,In Use,AnonUser_0061,120
2026-04-01 04:00:00,Lab_219_PC093,Offline,N/A,N/A
2026-04-01 04:00:00,Lab_219_PC094,Offline,N/A,N/A
2026-04-01 04:00:00,Lab_219_PC095,In Use,AnonUser_0020,15
2026-04-01 04:00:00,Lab_219_PC096,Offline,N/A,N/A
2026-04-01 04:00:00,Lab_219_PC097,Offline,N/A,N/A
2026-04-01 04:00:00,Lab_219_PC098,Offline,N/A,N/A
2026-04-01 04:00:00,Lab_219_PC099,Idle,AnonUser_0168,60
2026-04-01 04:00:00,Lab_219_PC100,Offline,N/A,N/A
2026-04-01 04:00:00,Lab_219_PC101,In Use,AnonUser_0037,60
2026-04-01 04:00:00,Lab_219_PC102,In Use,AnonUser_0160,90
2026-04-01 04:00:00,Lab_219_PC103,In Use,AnonUser_0178,150
2026-04-01 04:00:00,Lab_219_PC104,In Use,AnonUser_0006,0
2026-04-01 04:00:00,Lab_219_PC105,Offline,N/A,N/A
2026-04-01 04:00:00,Lab_219_PC106,Offline,N/A,N/A
2026-04-01 04:00:00,Lab_219_PC107,Offline,N/A,N/A
2026-04-01 04:00:00,Lab_219_PC108,In Use,AnonUser_0106,15
2026-04-01 04:00:00,Lab_219_PC109,Offline,N/A,N/A
2026-04-01 04:00:00,Lab_219_PC110,In Use,AnonUser_0105,0
2026-04-01 04:00:00,Lab_219_PC111,Offline,N/A,N/A
2026-04-01 04:00:00,Lab_219_PC112,Offline,N/A,N/A
2026-04-01 04:00:00,Lab_219_PC113,Offline,N/A,N/A
2026-04-01 04:00:00,Lab_219_PC114,Offline,N/A,N/A
2026-04-01 04:00:00,Lab_219_PC115,In Use,AnonUser_0110,60
2026-04-01 04:00:00,Lab_219_PC116,Offline,N/A,N/A
2026-04-01 04:00:00,Lab_219_PC117,Offline,N/A,N/A
2026-04-01 04:00:00,Lab_219_PC118,Idle,AnonUser_0051,60
2026-04-01 04:00:00,Lab_219_PC119,Offline,N/A,N/A
2026-04-01 04:00:00,Lab_219_PC120,Offline,N/A,N/A
2026-04-01 04:00:00,Lab_219_PC121,Offline,N/A,N/A
2026-04-01 04:00:00,Lab_219_PC122,In Use,AnonUser_0151,90
2026-04-01 04:00:00,Lab_219_PC123,In Use,AnonUser_0147,75
2026-04-01 04:00:00,Lab_219_PC124,Offline,N/A,N/A
2026-04-01 04:00:00,Lab_219_PC125,Offline,N/A,N/A
2026-04-01 04:00:00,Lab_219_PC126,In Use,AnonUser_0096,0
2026-04-01 04:00:00,Lab_219_PC127,Offline,N/A,N/A
2026-04-01 04:00:00,Lab_219_PC128,Offline,N/A,N/A
2026-04-01 04:00:00,Lab_219_PC129,In Use,AnonUser_0119,15
2026-04-01 04:00:00,Lab_219_PC130,Offline,N/A,N/A
2026-04-01 04:00:00,Lab_219_PC131,Offline,N/A,N/A
2026-04-01 04:00:00,Lab_219_PC132,Offline,N/A,N/A
2026-04-01 04:00:00,Lab_219_PC133,Idle,AnonUser_0048,105
2026-04-01 04:00:00,Lab_219_PC134,Offline,N/A,N/A
2026-04-01 04:00:00,Lab_219_PC135,Offline,N/A,N/A
2026-04-01 04:00:00,Lab_219_PC136,Offline,N/A,N/A
2026-04-01 04:00:00,Lab_219_PC137,In Use,AnonUser_0016,105
2026-04-01 04:00:00,Lab_219_PC138,Offline,N/A,N/A
2026-04-01 04:00:00,Lab_219_PC139,Offline,N/A,N/A
2026-04-01 04:00:00,Lab_219_PC140,In Use,AnonUser_0154,60
2026-04-01 04:00:00,Lab_219_PC141,Offline,N/A,N/A
2026-04-01 04:00:00,Lab_219_PC142,Offline,N/A,N/A
2026-04-01 04:00:00,Lab_219_PC143,Idle,AnonUser_0085,15
2026-04-01 04:00:00,Lab_219_PC144,In Use,AnonUser_0040,90
2026-04-01 04:00:00,Lab_219_PC145,Offline,N/A,N/A
2026-04-01 04:00:00,Lab_219_PC146,In Use,AnonUser_0076,30
2026-04-01 04:00:00,Lab_219_PC147,In Use,AnonUser_0082,135
2026-04-01 04:00:00,Lab_219_PC148,Idle,AnonUser_0003,210
2026-04-01 04:00:00,Lab_219_PC149,In Use,AnonUser_0140,15
2026-04-01 04:00:00,Lab_219_PC150,Offline,N/A,N/A
2026-04-01 04:00:00,Lab_219_PC151,Offline,N/A,N/A
2026-04-01 04:00:00,Lab_219_PC152,Offline,N/A,N/A
2026-04-01 04:00:00,Lab_219_PC153,Offline,N/A,N/A
2026-04-01 04:00:00,Lab_219_PC154,In Use,AnonUser_0169,90
2026-04-01 04:00:00,Lab_219_PC155,Offline,N/A,N/A
2026-04-01 04:00:00,Lab_219_PC156,Offline,N/A,N/A
2026-04-01 04:00:00,Lab_219_PC157,In Use,AnonUser_0069,105
2026-04-01 04:00:00,Lab_219_PC158,Offline,N/A,N/A
2026-04-01 04:00:00,Lab_219_PC159,In Use,AnonUser_0135,0
2026-04-01 04:00:00,Lab_219_PC160,Offline,N/A,N/A
2026-04-01 04:00:00,Lab_219_PC161,Offline,N/A,N/A
2026-04-01 04:00:00,Lab_219_PC162,Idle,AnonUser_0063,45
2026-04-01 04:00:00,Lab_219_PC163,In Use,AnonUser_0101,45
2026-04-01 04:00:00,Lab_219_PC164,Offline,N/A,N/A
2026-04-01 04:00:00,Lab_219_PC165,In Use,AnonUser_0097,60
2026-04-01 04:00:00,Lab_219_PC166,Offline,N/A,N/A
2026-04-01 04:00:00,Lab_219_PC167,Offline,N/A,N/A
2026-04-01 04:00:00,Lab_219_PC168,Offline,N/A,N/A
2026-04-01 04:00:00,Lab_219_PC169,Offline,N/A,N/A
2026-04-01 04:00:00,Lab_219_PC170,In Use,AnonUser_0117,15
2026-04-01 04:00:00,Lab_219_PC171,In Use,AnonUser_0170,30
2026-04-01 04:00:00,Lab_219_PC172,Offline,N/A,N/A
2026-04-01 04:00:00,Lab_219_PC173,In Use,AnonUser_0167,45
2026-04-01 04:00:00,Lab_219_PC174,Offline,N/A,N/A
2026-04-01 04:00:00,Lab_219_PC175,Offline,N/A,N/A
2026-04-01 04:00:00,Lab_219_PC176,Offline,N/A,N/A
2026-04-01 04:00:00,Lab_219_PC177,Offline,N/A,N/A
2026-04-01 04:00:00,Lab_219_PC178,Offline,N/A,N/A
2026-04-01 04:00:00,Lab_219_PC179,In Use,AnonUser_0086,90
2026-04-01 04:15:00,Lab_202_PC001,Offline,N/A,N/A
2026-04-01 04:15:00,Lab_202_PC002,Offline,N/A,N/A
2026-04-01 04:15:00,Lab_202_PC003,Offline,N/A,N/A
2026-04-01 04:15:00,Lab_202_PC004,Offline,N/A,N/A
2026-04-01 04:15:00,Lab_202_PC005,In Use,AnonUser_0128,135
2026-04-01 04:15:00,Lab_202_PC006,In Use,AnonUser_0080,120
2026-04-01 04:15:00,Lab_202_PC007,Offline,N/A,N/A
2026-04-01 04:15:00,Lab_202_PC008,Offline,N/A,N/A
2026-04-01 04:15:00,Lab_202_PC009,Offline,N/A,N/A
2026-04-01 04:15:00,Lab_202_PC010,Offline,N/A,N/A
2026-04-01 04:15:00,Lab_202_PC011,Offline,N/A,N/A
2026-04-01 04:15:00,Lab_202_PC012,Offline,N/A,N/A
2026-04-01 04:15:00,Lab_202_PC013,Offline,N/A,N/A
2026-04-01 04:15:00,Lab_202_PC014,Offline,N/A,N/A
2026-04-01 04:15:00,Lab_202_PC015,Offline,N/A,N/A
2026-04-01 04:15:00,Lab_202_PC016,In Use,AnonUser_0158,45
2026-04-01 04:15:00,Lab_202_PC017,Offline,N/A,N/A
2026-04-01 04:15:00,Lab_202_PC018,Offline,N/A,N/A
2026-04-01 04:15:00,Lab_202_PC019,Offline,N/A,N/A
2026-04-01 04:15:00,Lab_202_PC020,Offline,N/A,N/A
2026-04-01 04:15:00,Lab_202_PC021,Offline,N/A,N/A
2026-04-01 04:15:00,Lab_202_PC022,Offline,N/A,N/A
2026-04-01 04:15:00,Lab_202_PC023,Offline,N/A,N/A
2026-04-01 04:15:00,Lab_202_PC024,Offline,N/A,N/A
2026-04-01 04:15:00,Lab_202_PC025,Offline,N/A,N/A
2026-04-01 04:15:00,Lab_202_PC026,Offline,N/A,N/A
2026-04-01 04:15:00,Lab_202_PC027,Offline,N/A,N/A
2026-04-01 04:15:00,Lab_202_PC028,In Use,AnonUser_0009,30
2026-04-01 04:15:00,Lab_202_PC029,In Use,AnonUser_0139,30
2026-04-01 04:15:00,Lab_202_PC030,In Use,AnonUser_0029,75
2026-04-01 04:15:00,Lab_206_PC031,Offline,N/A,N/A
2026-04-01 04:15:00,Lab_206_PC032,Offline,N/A,N/A
2026-04-01 04:15:00,Lab_206_PC033,Offline,N/A,N/A
2026-04-01 04:15:00,Lab_206_PC034,In Use,AnonUser_0018,60
2026-04-01 04:15:00,Lab_206_PC035,In Use,AnonUser_0114,0
2026-04-01 04:15:00,Lab_206_PC036,In Use,AnonUser_0039,165
2026-04-01 04:15:00,Lab_206_PC037,Offline,N/A,N/A
2026-04-01 04:15:00,Lab_206_PC038,Offline,N/A,N/A
2026-04-01 04:15:00,Lab_206_PC039,Offline,N/A,N/A
2026-04-01 04:15:00,Lab_206_PC040,In Use,AnonUser_0165,105
2026-04-01 04:15:00,Lab_206_PC041,Offline,N/A,N/A
2026-04-01 04:15:00,Lab_206_PC042,In Use,AnonUser_0177,120
2026-04-01 04:15:00,Lab_206_PC043,Offline,N/A,N/A
2026-04-01 04:15:00,Lab_206_PC044,In Use,AnonUser_0072,45
2026-04-01 04:15:00,Lab_206_PC045,Offline,N/A,N/A
2026-04-01 04:15:00,Lab_206_PC046,Offline,N/A,N/A
2026-04-01 04:15:00,Lab_206_PC047,Offline,N/A,N/A
2026-04-01 04:15:00,Lab_206_PC048,In Use,AnonUser_0142,0
2026-04-01 04:15:00,Lab_206_PC049,In Use,AnonUser_0084,135
2026-04-01 04:15:00,Lab_206_PC050,Offline,N/A,N/A
2026-04-01 04:15:00,Lab_206_PC051,Offline,N/A,N/A
2026-04-01 04:15:00,Lab_206_PC052,Offline,N/A,N/A
2026-04-01 04:15:00,Lab_206_PC053,In Use,AnonUser_0030,45
2026-04-01 04:15:00,Lab_206_PC054,Offline,N/A,N/A
2026-04-01 04:15:00,Lab_206_PC055,In Use,AnonUser_0058,150
2026-04-01 04:15:00,Lab_206_PC056,In Use,AnonUser_0015,30
2026-04-01 04:15:00,Lab_206_PC057,Offline,N/A,N/A
2026-04-01 04:15:00,Lab_206_PC058,Offline,N/A,N/A
2026-04-01 04:15:00,Lab_206_PC059,Offline,N/A,N/A
2026-04-01 04:15:00,Lab_206_PC060,Offline,N/A,N/A
2026-04-01 04:15:00,Lab_210_PC061,Offline,N/A,N/A
2026-04-01 04:15:00,Lab_210_PC062,Offline,N/A,N/A
2026-04-01 04:15:00,Lab_210_PC063,In Use,AnonUser_0047,75
2026-04-01 04:15:00,Lab_210_PC064,Offline,N/A,N/A
2026-04-01 04:15:00,Lab_210_PC065,In Use,AnonUser_0099,120
2026-04-01 04:15:00,Lab_210_PC066,In Use,AnonUser_0056,135
2026-04-01 04:15:00,Lab_210_PC067,Idle,AnonUser_0174,0
2026-04-01 04:15:00,Lab_210_PC068,Offline,N/A,N/A
2026-04-01 04:15:00,Lab_210_PC069,In Use,AnonUser_0137,15
2026-04-01 04:15:00,Lab_210_PC070,Offline,N/A,N/A
2026-04-01 04:15:00,Lab_210_PC071,Offline,N/A,N/A
2026-04-01 04:15:00,Lab_210_PC072,Offline,N/A,N/A
2026-04-01 04:15:00,Lab_210_PC073,Idle,AnonUser_0081,60
2026-04-01 04:15:00,Lab_210_PC074,Offline,N/A,N/A
2026-04-01 04:15:00,Lab_210_PC075,Offline,N/A,N/A
2026-04-01 04:15:00,Lab_210_PC076,Offline,N/A,N/A
2026-04-01 04:15:00,Lab_210_PC077,Offline,N/A,N/A
2026-04-01 04:15:00,Lab_210_PC078,Offline,N/A,N/A
2026-04-01 04:15:00,Lab_210_PC079,Offline,N/A,N/A
2026-04-01 04:15:00,Lab_210_PC080,Offline,N/A,N/A
2026-04-01 04:15:00,Lab_210_PC081,Offline,N/A,N/A
2026-04-01 04:15:00,Lab_219_PC082,In Use,AnonUser_0171,45
2026-04-01 04:15:00,Lab_219_PC083,Idle,AnonUser_0017,90
2026-04-01 04:15:00,Lab_219_PC084,Offline,N/A,N/A
2026-04-01 04:15:00,Lab_219_PC085,In Use,AnonUser_0070,75
2026-04-01 04:15:00,Lab_219_PC086,Offline,N/A,N/A
2026-04-01 04:15:00,Lab_219_PC087,Offline,N/A,N/A
2026-04-01 04:15:00,Lab_219_PC088,Offline,N/A,N/A
2026-04-01 04:15:00,Lab_219_PC089,Offline,N/A,N/A
2026-04-01 04:15:00,Lab_219_PC090,In Use,AnonUser_0157,0
2026-04-01 04:15:00,Lab_219_PC091,Offline,N/A,N/A
2026-04-01 04:15:00,Lab_219_PC092,Idle,AnonUser_0061,105
2026-04-01 04:15:00,Lab_219_PC093,Offline,N/A,N/A
2026-04-01 04:15:00,Lab_219_PC094,Offline,N/A,N/A
2026-04-01 04:15:00,Lab_219_PC095,In Use,AnonUser_0020,0
2026-04-01 04:15:00,Lab_219_PC096,Offline,N/A,N/A
2026-04-01 04:15:00,Lab_219_PC097,Offline,N/A,N/A
2026-04-01 04:15:00,Lab_219_PC098,Idle,AnonUser_0078,45
2026-04-01 04:15:00,Lab_219_PC099,In Use,AnonUser_0168,45
2026-04-01 04:15:00,Lab_219_PC100,Offline,N/A,N/A
2026-04-01 04:15:00,Lab_219_PC101,Idle,AnonUser_0037,45
2026-04-01 04:15:00,Lab_219_PC102,In Use,AnonUser_0160,75
2026-04-01 04:15:00,Lab_219_PC103,In Use,AnonUser_0178,135
2026-04-01 04:15:00,Lab_219_PC104,Offline,N/A,N/A
2026-04-01 04:15:00,Lab_219_PC105,Offline,N/A,N/A
2026-04-01 04:15:00,Lab_219_PC106,Offline,N/A,N/A
2026-04-01 04:15:00,Lab_219_PC107,Offline,N/A,N/A
2026-04-01 04:15:00,Lab_219_PC108,In Use,AnonUser_0106,0
2026-04-01 04:15:00,Lab_219_PC109,Offline,N/A,N/A
2026-04-01 04:15:00,Lab_219_PC110,Offline,N/A,N/A
2026-04-01 04:15:00,Lab_219_PC111,Offline,N/A,N/A
2026-04-01 04:15:00,Lab_219_PC112,Offline,N/A,N/A
2026-04-01 04:15:00,Lab_219_PC113,Offline,N/A,N/A
2026-04-01 04:15:00,Lab_219_PC114,Offline,N/A,N/A
2026-04-01 04:15:00,Lab_219_PC115,In Use,AnonUser_0110,45
2026-04-01 04:15:00,Lab_219_PC116,Offline,N/A,N/A
2026-04-01 04:15:00,Lab_219_PC117,Offline,N/A,N/A
2026-04-01 04:15:00,Lab_219_PC118,In Use,AnonUser_0051,45
2026-04-01 04:15:00,Lab_219_PC119,Offline,N/A,N/A
2026-04-01 04:15:00,Lab_219_PC120,Offline,N/A,N/A
2026-04-01 04:15:00,Lab_219_PC121,Offline,N/A,N/A
2026-04-01 04:15:00,Lab_219_PC122,In Use,AnonUser_0151,75
2026-04-01 04:15:00,Lab_219_PC123,In Use,AnonUser_0147,60
2026-04-01 04:15:00,Lab_219_PC124,Offline,N/A,N/A
2026-04-01 04:15:00,Lab_219_PC125,Offline,N/A,N/A
2026-04-01 04:15:00,Lab_219_PC126,Offline,N/A,N/A
2026-04-01 04:15:00,Lab_219_PC127,Offline,N/A,N/A
2026-04-01 04:15:00,Lab_219_PC128,Offline,N/A,N/A
2026-04-01 04:15:00,Lab_219_PC129,In Use,AnonUser_0119,0
2026-04-01 04:15:00,Lab_219_PC130,Offline,N/A,N/A
2026-04-01 04:15:00,Lab_219_PC131,Offline,N/A,N/A
2026-04-01 04:15:00,Lab_219_PC132,Offline,N/A,N/A
2026-04-01 04:15:00,Lab_219_PC133,In Use,AnonUser_0048,90
2026-04-01 04:15:00,Lab_219_PC134,Offline,N/A,N/A
2026-04-01 04:15:00,Lab_219_PC135,Offline,N/A,N/A
2026-04-01 04:15:00,Lab_219_PC136,Offline,N/A,N/A
2026-04-01 04:15:00,Lab_219_PC137,In Use,AnonUser_0016,90
2026-04-01 04:15:00,Lab_219_PC138,Offline,N/A,N/A
2026-04-01 04:15:00,Lab_219_PC139,Offline,N/A,N/A
2026-04-01 04:15:00,Lab_219_PC140,In Use,AnonUser_0154,45
2026-04-01 04:15:00,Lab_219_PC141,Offline,N/A,N/A
2026-04-01 04:15:00,Lab_219_PC142,Offline,N/A,N/A
2026-04-01 04:15:00,Lab_219_PC143,In Use,AnonUser_0085,0
2026-04-01 04:15:00,Lab_219_PC144,In Use,AnonUser_0040,75
2026-04-01 04:15:00,Lab_219_PC145,Offline,N/A,N/A
2026-04-01 04:15:00,Lab_219_PC146,In Use,AnonUser_0076,15
2026-04-01 04:15:00,Lab_219_PC147,In Use,AnonUser_0082,120
2026-04-01 04:15:00,Lab_219_PC148,In Use,AnonUser_0003,195
2026-04-01 04:15:00,Lab_219_PC149,In Use,AnonUser_0140,0
2026-04-01 04:15:00,Lab_219_PC150,Offline,N/A,N/A
2026-04-01 04:15:00,Lab_219_PC151,Offline,N/A,N/A
2026-04-01 04:15:00,Lab_219_PC152,Offline,N/A,N/A
2026-04-01 04:15:00,Lab_219_PC153,Offline,N/A,N/A
2026-04-01 04:15:00,Lab_219_PC154,In Use,AnonUser_0169,75
2026-04-01 04:15:00,Lab_219_PC155,Offline,N/A,N/A
2026-04-01 04:15:00,Lab_219_PC156,Offline,N/A,N/A
2026-04-01 04:15:00,Lab_219_PC157,In Use,AnonUser_0069,90
2026-04-01 04:15:00,Lab_219_PC158,Offline,N/A,N/A
2026-04-01 04:15:00,Lab_219_PC159,Offline,N/A,N/A
2026-04-01 04:15:00,Lab_219_PC160,Offline,N/A,N/A
2026-04-01 04:15:00,Lab_219_PC161,Offline,N/A,N/A
2026-04-01 04:15:00,Lab_219_PC162,In Use,AnonUser_0063,30
2026-04-01 04:15:00,Lab_219_PC163,In Use,AnonUser_0101,30
2026-04-01 04:15:00,Lab_219_PC164,Offline,N/A,N/A
2026-04-01 04:15:00,Lab_219_PC165,In Use,AnonUser_0097,45
2026-04-01 04:15:00,Lab_219_PC166,Offline,N/A,N/A
2026-04-01 04:15:00,Lab_219_PC167,In Use,AnonUser_0035,90
2026-04-01 04:15:00,Lab_219_PC168,Offline,N/A,N/A
2026-04-01 04:15:00,Lab_219_PC169,Offline,N/A,N/A
2026-04-01 04:15:00,Lab_219_PC170,In Use,AnonUser_0117,0
2026-04-01 04:15:00,Lab_219_PC171,In Use,AnonUser_0170,15
2026-04-01 04:15:00,Lab_219_PC172,Offline,N/A,N/A
2026-04-01 04:15:00,Lab_219_PC173,Idle,AnonUser_0167,30
2026-04-01 04:15:00,Lab_219_PC174,Offline,N/A,N/A
2026-04-01 04:15:00,Lab_219_PC175,Offline,N/A,N/A
2026-04-01 04:15:00,Lab_219_PC176,Offline,N/A,N/A
2026-04-01 04:15:00,Lab_219_PC177,Offline,N/A,N/A
2026-04-01 04:15:00,Lab_219_PC178,Offline,N/A,N/A
2026-04-01 04:15:00,Lab_219_PC179,In Use,AnonUser_0086,75
2026-04-01 04:30:00,Lab_202_PC001,Offline,N/A,N/A
2026-04-01 04:30:00,Lab_202_PC002,Offline,N/A,N/A
2026-04-01 04:30:00,Lab_202_PC003,Offline,N/A,N/A
2026-04-01 04:30:00,Lab_202_PC004,Offline,N/A,N/A
2026-04-01 04:30:00,Lab_202_PC005,In Use,AnonUser_0128,120
2026-04-01 04:30:00,Lab_202_PC006,In Use,AnonUser_0080,105
2026-04-01 04:30:00,Lab_202_PC007,Offline,N/A,N/A
2026-04-01 04:30:00,Lab_202_PC008,Offline,N/A,N/A
2026-04-01 04:30:00,Lab_202_PC009,Offline,N/A,N/A
2026-04-01 04:30:00,Lab_202_PC010,Offline,N/A,N/A
2026-04-01 04:30:00,Lab_202_PC011,Offline,N/A,N/A
2026-04-01 04:30:00,Lab_202_PC012,Offline,N/A,N/A
2026-04-01 04:30:00,Lab_202_PC013,Offline,N/A,N/A
2026-04-01 04:30:00,Lab_202_PC014,Offline,N/A,N/A
2026-04-01 04:30:00,Lab_202_PC015,Offline,N/A,N/A
2026-04-01 04:30:00,Lab_202_PC016,In Use,AnonUser_0158,30
2026-04-01 04:30:00,Lab_202_PC017,Offline,N/A,N/A
2026-04-01 04:30:00,Lab_202_PC018,Offline,N/A,N/A
2026-04-01 04:30:00,Lab_202_PC019,Offline,N/A,N/A
2026-04-01 04:30:00,Lab_202_PC020,Offline,N/A,N/A
2026-04-01 04:30:00,Lab_202_PC021,Offline,N/A,N/A
2026-04-01 04:30:00,Lab_202_PC022,Offline,N/A,N/A
2026-04-01 04:30:00,Lab_202_PC023,Offline,N/A,N/A
2026-04-01 04:30:00,Lab_202_PC024,Idle,AnonUser_0005,165
2026-04-01 04:30:00,Lab_202_PC025,Offline,N/A,N/A
2026-04-01 04:30:00,Lab_202_PC026,Offline,N/A,N/A
2026-04-01 04:30:00,Lab_202_PC027,Offline,N/A,N/A
2026-04-01 04:30:00,Lab_202_PC028,In Use,AnonUser_0009,15
2026-04-01 04:30:00,Lab_202_PC029,In Use,AnonUser_0139,15
2026-04-01 04:30:00,Lab_202_PC030,In Use,AnonUser_0029,60
2026-04-01 04:30:00,Lab_206_PC031,Offline,N/A,N/A
2026-04-01 04:30:00,Lab_206_PC032,Offline,N/A,N/A
2026-04-01 04:30:00,Lab_206_PC033,Offline,N/A,N/A
2026-04-01 04:30:00,Lab_206_PC034,In Use,AnonUser_0018,45
2026-04-01 04:30:00,Lab_206_PC035,Offline,N/A,N/A
2026-04-01 04:30:00,Lab_206_PC036,In Use,AnonUser_0039,150
2026-04-01 04:30:00,Lab_206_PC037,Offline,N/A,N/A
2026-04-01 04:30:00,Lab_206_PC038,Offline,N/A,N/A
2026-04-01 04:30:00,Lab_206_PC039,Offline,N/A,N/A
2026-04-01 04:30:00,Lab_206_PC040,In Use,AnonUser_0165,90
2026-04-01 04:30:00,Lab_206_PC041,Offline,N/A,N/A
2026-04-01 04:30:00,Lab_206_PC042,In Use,AnonUser_0177,105
2026-04-01 04:30:00,Lab_206_PC043,Offline,N/A,N/A
2026-04-01 04:30:00,Lab_206_PC044,Idle,AnonUser_0072,30
2026-04-01 04:30:00,Lab_206_PC045,Offline,N/A,N/A
2026-04-01 04:30:00,Lab_206_PC046,Offline,N/A,N/A
2026-04-01 04:30:00,Lab_206_PC047,Offline,N/A,N/A
2026-04-01 04:30:00,Lab_206_PC048,Offline,N/A,N/A
2026-04-01 04:30:00,Lab_206_PC049,In Use,AnonUser_0084,120
2026-04-01 04:30:00,Lab_206_PC050,Offline,N/A,N/A
2026-04-01 04:30:00,Lab_206_PC051,Offline,N/A,N/A
2026-04-01 04:30:00,Lab_206_PC052,Offline,N/A,N/A
2026-04-01 04:30:00,Lab_206_PC053,In Use,AnonUser_0030,30
2026-04-01 04:30:00,Lab_206_PC054,Offline,N/A,N/A
2026-04-01 04:30:00,Lab_206_PC055,In Use,AnonUser_0058,135
2026-04-01 04:30:00,Lab_206_PC056,Idle,AnonUser_0015,15
2026-04-01 04:30:00,Lab_206_PC057,Offline,N/A,N/A
2026-04-01 04:30:00,Lab_206_PC058,Offline,N/A,N/A
2026-04-01 04:30:00,Lab_206_PC059,Offline,N/A,N/A
2026-04-01 04:30:00,Lab_206_PC060,Offline,N/A,N/A
2026-04-01 04:30:00,Lab_210_PC061,Offline,N/A,N/A
2026-04-01 04:30:00,Lab_210_PC062,Offline,N/A,N/A
2026-04-01 04:30:00,Lab_210_PC063,Idle,AnonUser_0047,60
2026-04-01 04:30:00,Lab_210_PC064,Idle,AnonUser_0159,225
2026-04-01 04:30:00,Lab_210_PC065,In Use,AnonUser_0099,105
2026-04-01 04:30:00,Lab_210_PC066,Idle,AnonUser_0056,120
2026-04-01 04:30:00,Lab_210_PC067,Offline,N/A,N/A
2026-04-01 04:30:00,Lab_210_PC068,Offline,N/A,N/A
2026-04-01 04:30:00,Lab_210_PC069,In Use,AnonUser_0137,0
2026-04-01 04:30:00,Lab_210_PC070,Offline,N/A,N/A
2026-04-01 04:30:00,Lab_210_PC071,Offline,N/A,N/A
2026-04-01 04:30:00,Lab_210_PC072,Offline,N/A,N/A
2026-04-01 04:30:00,Lab_210_PC073,Idle,AnonUser_0081,45
2026-04-01 04:30:00,Lab_210_PC074,Offline,N/A,N/A
2026-04-01 04:30:00,Lab_210_PC075,Offline,N/A,N/A
2026-04-01 04:30:00,Lab_210_PC076,Offline,N/A,N/A
2026-04-01 04:30:00,Lab_210_PC077,Offline,N/A,N/A
2026-04-01 04:30:00,Lab_210_PC078,Offline,N/A,N/A
2026-04-01 04:30:00,Lab_210_PC079,Offline,N/A,N/A
2026-04-01 04:30:00,Lab_210_PC080,Offline,N/A,N/A
2026-04-01 04:30:00,Lab_210_PC081,Offline,N/A,N/A
2026-04-01 04:30:00,Lab_219_PC082,In Use,AnonUser_0171,30
2026-04-01 04:30:00,Lab_219_PC083,In Use,AnonUser_0017,75
2026-04-01 04:30:00,Lab_219_PC084,Offline,N/A,N/A
2026-04-01 04:30:00,Lab_219_PC085,In Use,AnonUser_0070,60
2026-04-01 04:30:00,Lab_219_PC086,Offline,N/A,N/A
2026-04-01 04:30:00,Lab_219_PC087,Offline,N/A,N/A
2026-04-01 04:30:00,Lab_219_PC088,Offline,N/A,N/A
2026-04-01 04:30:00,Lab_219_PC089,Offline,N/A,N/A
2026-04-01 04:30:00,Lab_219_PC090,Offline,N/A,N/A
2026-04-01 04:30:00,Lab_219_PC091,Offline,N/A,N/A
2026-04-01 04:30:00,Lab_219_PC092,In Use,AnonUser_0061,90
2026-04-01 04:30:00,Lab_219_PC093,Offline,N/A,N/A
2026-04-01 04:30:00,Lab_219_PC094,Offline,N/A,N/A
2026-04-01 04:30:00,Lab_219_PC095,Offline,N/A,N/A
2026-04-01 04:30:00,Lab_219_PC096,Offline,N/A,N/A
2026-04-01 04:30:00,Lab_219_PC097,Offline,N/A,N/A
2026-04-01 04:30:00,Lab_219_PC098,In Use,AnonUser_0078,30
2026-04-01 04:30:00,Lab_219_PC099,Idle,AnonUser_0168,30
2026-04-01 04:30:00,Lab_219_PC100,Offline,N/A,N/A
2026-04-01 04:30:00,Lab_219_PC101,In Use,AnonUser_0037,30
2026-04-01 04:30:00,Lab_219_PC102,In Use,AnonUser_0160,60
2026-04-01 04:30:00,Lab_219_PC103,In Use,AnonUser_0178,120
2026-04-01 04:30:00,Lab_219_PC104,Offline,N/A,N/A
2026-04-01 04:30:00,Lab_219_PC105,Offline,N/A,N/A
2026-04-01 04:30:00,Lab_219_PC106,Offline,N/A,N/A
2026-04-01 04:30:00,Lab_219_PC107,Offline,N/A,N/A
2026-04-01 04:30:00,Lab_219_PC108,Offline,N/A,N/A
2026-04-01 04:30:00,Lab_219_PC109,Offline,N/A,N/A
2026-04-01 04:30:00,Lab_219_PC110,Offline,N/A,N/A
2026-04-01 04:30:00,Lab_219_PC111,Offline,N/A,N/A
2026-04-01 04:30:00,Lab_219_PC112,Offline,N/A,N/A
2026-04-01 04:30:00,Lab_219_PC113,Offline,N/A,N/A
2026-04-01 04:30:00,Lab_219_PC114,Offline,N/A,N/A
2026-04-01 04:30:00,Lab_219_PC115,In Use,AnonUser_0110,30
2026-04-01 04:30:00,Lab_219_PC116,Offline,N/A,N/A
2026-04-01 04:30:00,Lab_219_PC117,Offline,N/A,N/A
2026-04-01 04:30:00,Lab_219_PC118,In Use,AnonUser_0051,30
2026-04-01 04:30:00,Lab_219_PC119,Offline,N/A,N/A
2026-04-01 04:30:00,Lab_219_PC120,Offline,N/A,N/A
2026-04-01 04:30:00,Lab_219_PC121,Offline,N/A,N/A
2026-04-01 04:30:00,Lab_219_PC122,In Use,AnonUser_0151,60
2026-04-01 04:30:00,Lab_219_PC123,In Use,AnonUser_0147,45
2026-04-01 04:30:00,Lab_219_PC124,Offline,N/A,N/A
2026-04-01 04:30:00,Lab_219_PC125,Idle,AnonUser_0073,135
2026-04-01 04:30:00,Lab_219_PC126,Offline,N/A,N/A
2026-04-01 04:30:00,Lab_219_PC127,Offline,N/A,N/A
2026-04-01 04:30:00,Lab_219_PC128,Offline,N/A,N/A
2026-04-01 04:30:00,Lab_219_PC129,Offline,N/A,N/A
2026-04-01 04:30:00,Lab_219_PC130,Offline,N/A,N/A
2026-04-01 04:30:00,Lab_219_PC131,Offline,N/A,N/A
2026-04-01 04:30:00,Lab_219_PC132,Offline,N/A,N/A
2026-04-01 04:30:00,Lab_219_PC133,In Use,AnonUser_0048,75
2026-04-01 04:30:00,Lab_219_PC134,Offline,N/A,N/A
2026-04-01 04:30:00,Lab_219_PC135,Offline,N/A,N/A
2026-04-01 04:30:00,Lab_219_PC136,Offline,N/A,N/A
2026-04-01 04:30:00,Lab_219_PC137,In Use,AnonUser_0016,75
2026-04-01 04:30:00,Lab_219_PC138,Offline,N/A,N/A
2026-04-01 04:30:00,Lab_219_PC139,Offline,N/A,N/A
2026-04-01 04:30:00,Lab_219_PC140,In Use,AnonUser_0154,30
2026-04-01 04:30:00,Lab_219_PC141,Offline,N/A,N/A
2026-04-01 04:30:00,Lab_219_PC142,Offline,N/A,N/A
2026-04-01 04:30:00,Lab_219_PC143,Offline,N/A,N/A
2026-04-01 04:30:00,Lab_219_PC144,In Use,AnonUser_0040,60
2026-04-01 04:30:00,Lab_219_PC145,Offline,N/A,N/A
2026-04-01 04:30:00,Lab_219_PC146,Idle,AnonUser_0076,0
2026-04-01 04:30:00,Lab_219_PC147,In Use,AnonUser_0082,105
2026-04-01 04:30:00,Lab_219_PC148,In Use,AnonUser_0003,180
2026-04-01 04:30:00,Lab_219_PC149,Offline,N/A,N/A
2026-04-01 04:30:00,Lab_219_PC150,Offline,N/A,N/A
2026-04-01 04:30:00,Lab_219_PC151,Offline,N/A,N/A
2026-04-01 04:30:00,Lab_219_PC152,Offline,N/A,N/A
2026-04-01 04:30:00,Lab_219_PC153,Offline,N/A,N/A
2026-04-01 04:30:00,Lab_219_PC154,In Use,AnonUser_0169,60
2026-04-01 04:30:00,Lab_219_PC155,Offline,N/A,N/A
2026-04-01 04:30:00,Lab_219_PC156,Offline,N/A,N/A
2026-04-01 04:30:00,Lab_219_PC157,In Use,AnonUser_0069,75
2026-04-01 04:30:00,Lab_219_PC158,Offline,N/A,N/A
2026-04-01 04:30:00,Lab_219_PC159,Idle,AnonUser_0146,150
2026-04-01 04:30:00,Lab_219_PC160,Offline,N/A,N/A
2026-04-01 04:30:00,Lab_219_PC161,Offline,N/A,N/A
2026-04-01 04:30:00,Lab_219_PC162,In Use,AnonUser_0063,15
2026-04-01 04:30:00,Lab_219_PC163,In Use,AnonUser_0101,15
2026-04-01 04:30:00,Lab_219_PC164,Offline,N/A,N/A
2026-04-01 04:30:00,Lab_219_PC165,Idle,AnonUser_0097,30
2026-04-01 04:30:00,Lab_219_PC166,Offline,N/A,N/A
2026-04-01 04:30:00,Lab_219_PC167,In Use,AnonUser_0035,75
2026-04-01 04:30:00,Lab_219_PC168,Offline,N/A,N/A
2026-04-01 04:30:00,Lab_219_PC169,Offline,N/A,N/A
2026-04-01 04:30:00,Lab_219_PC170,Offline,N/A,N/A
2026-04-01 04:30:00,Lab_219_PC171,In Use,AnonUser_0170,0
2026-04-01 04:30:00,Lab_219_PC172,Offline,N/A,N/A
2026-04-01 04:30:00,Lab_219_PC173,In Use,AnonUser_0167,15
2026-04-01 04:30:00,Lab_219_PC174,Offline,N/A,N/A
2026-04-01 04:30:00,Lab_219_PC175,Offline,N/A,N/A
2026-04-01 04:30:00,Lab_219_PC176,Offline,N/A,N/A
2026-04-01 04:30:00,Lab_219_PC177,Offline,N/A,N/A
2026-04-01 04:30:00,Lab_219_PC178,Offline,N/A,N/A
2026-04-01 04:30:00,Lab_219_PC179,In Use,AnonUser_0086,60
2026-04-01 04:45:00,Lab_202_PC001,Offline,N/A,N/A
2026-04-01 04:45:00,Lab_202_PC002,Offline,N/A,N/A
2026-04-01 04:45:00,Lab_202_PC003,Offline,N/A,N/A
2026-04-01 04:45:00,Lab_202_PC004,Offline,N/A,N/A
2026-04-01 04:45:00,Lab_202_PC005,In Use,AnonUser_0128,105
2026-04-01 04:45:00,Lab_202_PC006,In Use,AnonUser_0080,90
2026-04-01 04:45:00,Lab_202_PC007,Offline,N/A,N/A
2026-04-01 04:45:00,Lab_202_PC008,Offline,N/A,N/A
2026-04-01 04:45:00,Lab_202_PC009,Idle,AnonUser_0100,150
2026-04-01 04:45:00,Lab_202_PC010,Offline,N/A,N/A
2026-04-01 04:45:00,Lab_202_PC011,Offline,N/A,N/A
2026-04-01 04:45:00,Lab_202_PC012,Offline,N/A,N/A
2026-04-01 04:45:00,Lab_202_PC013,Offline,N/A,N/A
2026-04-01 04:45:00,Lab_202_PC014,Offline,N/A,N/A
2026-04-01 04:45:00,Lab_202_PC015,Offline,N/A,N/A
2026-04-01 04:45:00,Lab_202_PC016,Idle,AnonUser_0158,15
2026-04-01 04:45:00,Lab_202_PC017,Offline,N/A,N/A
2026-04-01 04:45:00,Lab_202_PC018,Offline,N/A,N/A
2026-04-01 04:45:00,Lab_202_PC019,Offline,N/A,N/A
2026-04-01 04:45:00,Lab_202_PC020,Offline,N/A,N/A
2026-04-01 04:45:00,Lab_202_PC021,Offline,N/A,N/A
2026-04-01 04:45:00,Lab_202_PC022,Offline,N/A,N/A
2026-04-01 04:45:00,Lab_202_PC023,Offline,N/A,N/A
2026-04-01 04:45:00,Lab_202_PC024,In Use,AnonUser_0005,150
2026-04-01 04:45:00,Lab_202_PC025,Offline,N/A,N/A
2026-04-01 04:45:00,Lab_202_PC026,Offline,N/A,N/A
2026-04-01 04:45:00,Lab_202_PC027,Offline,N/A,N/A
2026-04-01 04:45:00,Lab_202_PC028,In Use,AnonUser_0009,0
2026-04-01 04:45:00,Lab_202_PC029,In Use,AnonUser_0139,0
2026-04-01 04:45:00,Lab_202_PC030,In Use,AnonUser_0029,45
2026-04-01 04:45:00,Lab_206_PC031,Offline,N/A,N/A
2026-04-01 04:45:00,Lab_206_PC032,Offline,N/A,N/A
2026-04-01 04:45:00,Lab_206_PC033,Offline,N/A,N/A
2026-04-01 04:45:00,Lab_206_PC034,In Use,AnonUser_0018,30
2026-04-01 04:45:00,Lab_206_PC035,Offline,N/A,N/A
2026-04-01 04:45:00,Lab_206_PC036,In Use,AnonUser_0039,135
2026-04-01 04:45:00,Lab_206_PC037,Offline,N/A,N/A
2026-04-01 04:45:00,Lab_206_PC038,Offline,N/A,N/A
2026-04-01 04:45:00,Lab_206_PC039,Offline,N/A,N/A
2026-04-01 04:45:00,Lab_206_PC040,In Use,AnonUser_0165,75
2026-04-01 04:45:00,Lab_206_PC041,Offline,N/A,N/A
2026-04-01 04:45:00,Lab_206_PC042,In Use,AnonUser_0177,90
2026-04-01 04:45:00,Lab_206_PC043,Offline,N/A,N/A
2026-04-01 04:45:00,Lab_206_PC044,In Use,AnonUser_0072,15
2026-04-01 04:45:00,Lab_206_PC045,Offline,N/A,N/A
2026-04-01 04:45:00,Lab_206_PC046,Offline,N/A,N/A
2026-04-01 04:45:00,Lab_206_PC047,Offline,N/A,N/A
2026-04-01 04:45:00,Lab_206_PC048,Offline,N/A,N/A
2026-04-01 04:45:00,Lab_206_PC049,In Use,AnonUser_0084,105
2026-04-01 04:45:00,Lab_206_PC050,Offline,N/A,N/A
2026-04-01 04:45:00,Lab_206_PC051,Offline,N/A,N/A
2026-04-01 04:45:00,Lab_206_PC052,Offline,N/A,N/A
2026-04-01 04:45:00,Lab_206_PC053,In Use,AnonUser_0030,15
2026-04-01 04:45:00,Lab_206_PC054,Offline,N/A,N/A
2026-04-01 04:45:00,Lab_206_PC055,In Use,AnonUser_0058,120
2026-04-01 04:45:00,Lab_206_PC056,In Use,AnonUser_0015,0
2026-04-01 04:45:00,Lab_206_PC057,Idle,AnonUser_0138,180
2026-04-01 04:45:00,Lab_206_PC058,Offline,N/A,N/A
2026-04-01 04:45:00,Lab_206_PC059,Offline,N/A,N/A
2026-04-01 04:45:00,Lab_206_PC060,Offline,N/A,N/A
2026-04-01 04:45:00,Lab_210_PC061,Offline,N/A,N/A
2026-04-01 04:45:00,Lab_210_PC062,Offline,N/A,N/A
2026-04-01 04:45:00,Lab_210_PC063,Idle,AnonUser_0047,45
2026-04-01 04:45:00,Lab_210_PC064,In Use,AnonUser_0159,210
2026-04-01 04:45:00,Lab_210_PC065,In Use,AnonUser_0099,90
2026-04-01 04:45:00,Lab_210_PC066,In Use,AnonUser_0056,105
2026-04-01 04:45:00,Lab_210_PC067,Offline,N/A,N/A
2026-04-01 04:45:00,Lab_210_PC068,Offline,N/A,N/A
2026-04-01 04:45:00,Lab_210_PC069,Offline,N/A,N/A
2026-04-01 04:45:00,Lab_210_PC070,Offline,N/A,N/A
2026-04-01 04:45:00,Lab_210_PC071,Offline,N/A,N/A
2026-04-01 04:45:00,Lab_210_PC072,Offline,N/A,N/A
2026-04-01 04:45:00,Lab_210_PC073,In Use,AnonUser_0081,30
2026-04-01 04:45:00,Lab_210_PC074,Offline,N/A,N/A
2026-04-01 04:45:00,Lab_210_PC075,Idle,AnonUser_0006,135
2026-04-01 04:45:00,Lab_210_PC076,Offline,N/A,N/A
2026-04-01 04:45:00,Lab_210_PC077,Offline,N/A,N/A
2026-04-01 04:45:00,Lab_210_PC078,Offline,N/A,N/A
2026-04-01 04:45:00,Lab_210_PC079,Offline,N/A,N/A
2026-04-01 04:45:00,Lab_210_PC080,Offline,N/A,N/A
2026-04-01 04:45:00,Lab_210_PC081,Offline,N/A,N/A
2026-04-01 04:45:00,Lab_219_PC082,In Use,AnonUser_0171,15
2026-04-01 04:45:00,Lab_219_PC083,In Use,AnonUser_0017,60
2026-04-01 04:45:00,Lab_219_PC084,Offline,N/A,N/A
2026-04-01 04:45:00,Lab_219_PC085,In Use,AnonUser_0070,45
2026-04-01 04:45:00,Lab_219_PC086,Offline,N/A,N/A
2026-04-01 04:45:00,Lab_219_PC087,Offline,N/A,N/A
2026-04-01 04:45:00,Lab_219_PC088,Offline,N/A,N/A
2026-04-01 04:45:00,Lab_219_PC089,Offline,N/A,N/A
2026-04-01 04:45:00,Lab_219_PC090,Offline,N/A,N/A
2026-04-01 04:45:00,Lab_219_PC091,Offline,N/A,N/A
2026-04-01 04:45:00,Lab_219_PC092,In Use,AnonUser_0061,75
2026-04-01 04:45:00,Lab_219_PC093,Offline,N/A,N/A
2026-04-01 04:45:00,Lab_219_PC094,Offline,N/A,N/A
2026-04-01 04:45:00,Lab_219_PC095,Offline,N/A,N/A
2026-04-01 04:45:00,Lab_219_PC096,Offline,N/A,N/A
2026-04-01 04:45:00,Lab_219_PC097,Offline,N/A,N/A
2026-04-01 04:45:00,Lab_219_PC098,In Use,AnonUser_0078,15
2026-04-01 04:45:00,Lab_219_PC099,In Use,AnonUser_0168,15
2026-04-01 04:45:00,Lab_219_PC100,Offline,N/A,N/A
2026-04-01 04:45:00,Lab_219_PC101,In Use,AnonUser_0037,15
2026-04-01 04:45:00,Lab_219_PC102,In Use,AnonUser_0160,45
2026-04-01 04:45:00,Lab_219_PC103,In Use,AnonUser_0178,105
2026-04-01 04:45:00,Lab_219_PC104,Offline,N/A,N/A
2026-04-01 04:45:00,Lab_219_PC105,Offline,N/A,N/A
2026-04-01 04:45:00,Lab_219_PC106,Offline,N/A,N/A
2026-04-01 04:45:00,Lab_219_PC107,Offline,N/A,N/A
2026-04-01 04:45:00,Lab_219_PC108,Offline,N/A,N/A
2026-04-01 04:45:00,Lab_219_PC109,Offline,N/A,N/A
2026-04-01 04:45:00,Lab_219_PC110,Offline,N/A,N/A
2026-04-01 04:45:00,Lab_219_PC111,Offline,N/A,N/A
2026-04-01 04:45:00,Lab_219_PC112,Offline,N/A,N/A
2026-04-01 04:45:00,Lab_219_PC113,Offline,N/A,N/A
2026-04-01 04:45:00,Lab_219_PC114,Offline,N/A,N/A
2026-04-01 04:45:00,Lab_219_PC115,In Use,AnonUser_0110,15
2026-04-01 04:45:00,Lab_219_PC116,Offline,N/A,N/A
2026-04-01 04:45:00,Lab_219_PC117,Offline,N/A,N/A
2026-04-01 04:45:00,Lab_219_PC118,In Use,AnonUser_0051,15
2026-04-01 04:45:00,Lab_219_PC119,Offline,N/A,N/A
2026-04-01 04:45:00,Lab_219_PC120,Offline,N/A,N/A
2026-04-01 04:45:00,Lab_219_PC121,Offline,N/A,N/A
2026-04-01 04:45:00,Lab_219_PC122,In Use,AnonUser_0151,45
2026-04-01 04:45:00,Lab_219_PC123,In Use,AnonUser_0147,30
2026-04-01 04:45:00,Lab_219_PC124,Offline,N/A,N/A
2026-04-01 04:45:00,Lab_219_PC125,In Use,AnonUser_0073,120
2026-04-01 04:45:00,Lab_219_PC126,Offline,N/A,N/A
2026-04-01 04:45:00,Lab_219_PC127,Offline,N/A,N/A
2026-04-01 04:45:00,Lab_219_PC128,Offline,N/A,N/A
2026-04-01 04:45:00,Lab_219_PC129,Offline,N/A,N/A
2026-04-01 04:45:00,Lab_219_PC130,Offline,N/A,N/A
2026-04-01 04:45:00,Lab_219_PC131,Offline,N/A,N/A
2026-04-01 04:45:00,Lab_219_PC132,Offline,N/A,N/A
2026-04-01 04:45:00,Lab_219_PC133,Idle,AnonUser_0048,60
2026-04-01 04:45:00,Lab_219_PC134,Idle,AnonUser_0117,150
2026-04-01 04:45:00,Lab_219_PC135,Offline,N/A,N/A
2026-04-01 04:45:00,Lab_219_PC136,Offline,N/A,N/A
2026-04-01 04:45:00,Lab_219_PC137,Idle,AnonUser_0016,60
2026-04-01 04:45:00,Lab_219_PC138,Offline,N/A,N/A
2026-04-01 04:45:00,Lab_219_PC139,Offline,N/A,N/A
2026-04-01 04:45:00,Lab_219_PC140,In Use,AnonUser_0154,15
2026-04-01 04:45:00,Lab_219_PC141,Offline,N/A,N/A
2026-04-01 04:45:00,Lab_219_PC142,Offline,N/A,N/A
2026-04-01 04:45:00,Lab_219_PC143,Offline,N/A,N/A
2026-04-01 04:45:00,Lab_219_PC144,In Use,AnonUser_0040,45
2026-04-01 04:45:00,Lab_219_PC145,Offline,N/A,N/A
2026-04-01 04:45:00,Lab_219_PC146,Offline,N/A,N/A
2026-04-01 04:45:00,Lab_219_PC147,In Use,AnonUser_0082,90
2026-04-01 04:45:00,Lab_219_PC148,In Use,AnonUser_0003,165
2026-04-01 04:45:00,Lab_219_PC149,Offline,N/A,N/A
2026-04-01 04:45:00,Lab_219_PC150,Offline,N/A,N/A
2026-04-01 04:45:00,Lab_219_PC151,Offline,N/A,N/A
2026-04-01 04:45:00,Lab_219_PC152,Offline,N/A,N/A
2026-04-01 04:45:00,Lab_219_PC153,Offline,N/A,N/A
2026-04-01 04:45:00,Lab_219_PC154,In Use,AnonUser_0169,45
2026-04-01 04:45:00,Lab_219_PC155,Offline,N/A,N/A
2026-04-01 04:45:00,Lab_219_PC156,Offline,N/A,N/A
2026-04-01 04:45:00,Lab_219_PC157,In Use,AnonUser_0069,60
2026-04-01 04:45:00,Lab_219_PC158,Offline,N/A,N/A
2026-04-01 04:45:00,Lab_219_PC159,In Use,AnonUser_0146,135
2026-04-01 04:45:00,Lab_219_PC160,Offline,N/A,N/A
2026-04-01 04:45:00,Lab_219_PC161,Offline,N/A,N/A
2026-04-01 04:45:00,Lab_219_PC162,In Use,AnonUser_0063,0
2026-04-01 04:45:00,Lab_219_PC163,In Use,AnonUser_0101,0
2026-04-01 04:45:00,Lab_219_PC164,Offline,N/A,N/A
2026-04-01 04:45:00,Lab_219_PC165,In Use,AnonUser_0097,15
2026-04-01 04:45:00,Lab_219_PC166,Offline,N/A,N/A
2026-04-01 04:45:00,Lab_219_PC167,In Use,AnonUser_0035,60
2026-04-01 04:45:00,Lab_219_PC168,Offline,N/A,N/A
2026-04-01 04:45:00,Lab_219_PC169,Offline,N/A,N/A
2026-04-01 04:45:00,Lab_219_PC170,Offline,N/A,N/A
2026-04-01 04:45:00,Lab_219_PC171,Offline,N/A,N/A
2026-04-01 04:45:00,Lab_219_PC172,Offline,N/A,N/A
2026-04-01 04:45:00,Lab_219_PC173,In Use,AnonUser_0167,0
2026-04-01 04:45:00,Lab_219_PC174,Offline,N/A,N/A
2026-04-01 04:45:00,Lab_219_PC175,Offline,N/A,N/A
2026-04-01 04:45:00,Lab_219_PC176,Offline,N/A,N/A
2026-04-01 04:45:00,Lab_219_PC177,Offline,N/A,N/A
2026-04-01 04:45:00,Lab_219_PC178,In Use,AnonUser_0033,90
2026-04-01 04:45:00,Lab_219_PC179,In Use,AnonUser_0086,45
2026-04-01 05:00:00,Lab_202_PC001,Offline,N/A,N/A
2026-04-01 05:00:00,Lab_202_PC002,Offline,N/A,N/A
2026-04-01 05:00:00,Lab_202_PC003,Offline,N/A,N/A
2026-04-01 05:00:00,Lab_202_PC004,Offline,N/A,N/A
2026-04-01 05:00:00,Lab_202_PC005,Idle,AnonUser_0128,90
2026-04-01 05:00:00,Lab_202_PC006,In Use,AnonUser_0080,75
2026-04-01 05:00:00,Lab_202_PC007,Offline,N/A,N/A
2026-04-01 05:00:00,Lab_202_PC008,Offline,N/A,N/A
2026-04-01 05:00:00,Lab_202_PC009,In Use,AnonUser_0100,135
2026-04-01 05:00:00,Lab_202_PC010,Offline,N/A,N/A
2026-04-01 05:00:00,Lab_202_PC011,Offline,N/A,N/A
2026-04-01 05:00:00,Lab_202_PC012,Offline,N/A,N/A
2026-04-01 05:00:00,Lab_202_PC013,Offline,N/A,N/A
2026-04-01 05:00:00,Lab_202_PC014,Offline,N/A,N/A
2026-04-01 05:00:00,Lab_202_PC015,Offline,N/A,N/A
2026-04-01 05:00:00,Lab_202_PC016,In Use,AnonUser_0158,0
2026-04-01 05:00:00,Lab_202_PC017,Offline,N/A,N/A
2026-04-01 05:00:00,Lab_202_PC018,Offline,N/A,N/A
2026-04-01 05:00:00,Lab_202_PC019,Offline,N/A,N/A
2026-04-01 05:00:00,Lab_202_PC020,Offline,N/A,N/A
2026-04-01 05:00:00,Lab_202_PC021,Offline,N/A,N/A
2026-04-01 05:00:00,Lab_202_PC022,Offline,N/A,N/A
2026-04-01 05:00:00,Lab_202_PC023,Offline,N/A,N/A
2026-04-01 05:00:00,Lab_202_PC024,Idle,AnonUser_0005,135
2026-04-01 05:00:00,Lab_202_PC025,Offline,N/A,N/A
2026-04-01 05:00:00,Lab_202_PC026,Offline,N/A,N/A
2026-04-01 05:00:00,Lab_202_PC027,Offline,N/A,N/A
2026-04-01 05:00:00,Lab_202_PC028,In Use,AnonUser_0076,165
2026-04-01 05:00:00,Lab_202_PC029,Offline,N/A,N/A
2026-04-01 05:00:00,Lab_202_PC030,In Use,AnonUser_0029,30
2026-04-01 05:00:00,Lab_206_PC031,Offline,N/A,N/A
2026-04-01 05:00:00,Lab_206_PC032,Offline,N/A,N/A
2026-04-01 05:00:00,Lab_206_PC033,Offline,N/A,N/A
2026-04-01 05:00:00,Lab_206_PC034,In Use,AnonUser_0018,15
2026-04-01 05:00:00,Lab_206_PC035,Offline,N/A,N/A
2026-04-01 05:00:00,Lab_206_PC036,Idle,AnonUser_0039,120
2026-04-01 05:00:00,Lab_206_PC037,Offline,N/A,N/A
2026-04-01 05:00:00,Lab_206_PC038,Offline,N/A,N/A
2026-04-01 05:00:00,Lab_206_PC039,Offline,N/A,N/A
2026-04-01 05:00:00,Lab_206_PC040,In Use,AnonUser_0165,60
2026-04-01 05:00:00,Lab_206_PC041,Offline,N/A,N/A
2026-04-01 05:00:00,Lab_206_PC042,In Use,AnonUser_0177,75
2026-04-01 05:00:00,Lab_206_PC043,Offline,N/A,N/A
2026-04-01 05:00:00,Lab_206_PC044,Idle,AnonUser_0072,0
2026-04-01 05:00:00,Lab_206_PC045,Offline,N/A,N/A
2026-04-01 05:00:00,Lab_206_PC046,Offline,N/A,N/A
2026-04-01 05:00:00,Lab_206_PC047,Offline,N/A,N/A
2026-04-01 05:00:00,Lab_206_PC048,Offline,N/A,N/A
2026-04-01 05:00:00,Lab_206_PC049,In Use,AnonUser_0084,90
2026-04-01 05:00:00,Lab_206_PC050,Offline,N/A,N/A
2026-04-01 05:00:00,Lab_206_PC051,Offline,N/A,N/A
2026-04-01 05:00:00,Lab_206_PC052,Offline,N/A,N/A
2026-04-01 05:00:00,Lab_206_PC053,In Use,AnonUser_0030,0
2026-04-01 05:00:00,Lab_206_PC054,Offline,N/A,N/A
2026-04-01 05:00:00,Lab_206_PC055,In Use,AnonUser_0058,105
2026-04-01 05:00:00,Lab_206_PC056,Offline,N/A,N/A
2026-04-01 05:00:00,Lab_206_PC057,In Use,AnonUser_0138,165
2026-04-01 05:00:00,Lab_206_PC058,Offline,N/A,N/A
2026-04-01 05:00:00,Lab_206_PC059,Offline,N/A,N/A
2026-04-01 05:00:00,Lab_206_PC060,Offline,N/A,N/A
2026-04-01 05:00:00,Lab_210_PC061,Offline,N/A,N/A
2026-04-01 05:00:00,Lab_210_PC062,Offline,N/A,N/A
2026-04-01 05:00:00,Lab_210_PC063,In Use,AnonUser_0047,30
2026-04-01 05:00:00,Lab_210_PC064,In Use,AnonUser_0159,195
2026-04-01 05:00:00,Lab_210_PC065,In Use,AnonUser_0099,75
2026-04-01 05:00:00,Lab_210_PC066,In Use,AnonUser_0056,90
2026-04-01 05:00:00,Lab_210_PC067,Offline,N/A,N/A
2026-04-01 05:00:00,Lab_210_PC068,Offline,N/A,N/A
2026-04-01 05:00:00,Lab_210_PC069,Offline,N/A,N/A
2026-04-01 05:00:00,Lab_210_PC070,Offline,N/A,N/A
2026-04-01 05:00:00,Lab_210_PC071,Offline,N/A,N/A
2026-04-01 05:00:00,Lab_210_PC072,Offline,N/A,N/A
2026-04-01 05:00:00,Lab_210_PC073,In Use,AnonUser_0081,15
2026-04-01 05:00:00,Lab_210_PC074,Idle,AnonUser_0066,15
2026-04-01 05:00:00,Lab_210_PC075,In Use,AnonUser_0006,120
2026-04-01 05:00:00,Lab_210_PC076,Offline,N/A,N/A
2026-04-01 05:00:00,Lab_210_PC077,Offline,N/A,N/A
2026-04-01 05:00:00,Lab_210_PC078,Offline,N/A,N/A
2026-04-01 05:00:00,Lab_210_PC079,Offline,N/A,N/A
2026-04-01 05:00:00,Lab_210_PC080,Offline,N/A,N/A
2026-04-01 05:00:00,Lab_210_PC081,Offline,N/A,N/A
2026-04-01 05:00:00,Lab_219_PC082,In Use,AnonUser_0171,0
2026-04-01 05:00:00,Lab_219_PC083,Idle,AnonUser_0017,45
2026-04-01 05:00:00,Lab_219_PC084,Offline,N/A,N/A
2026-04-01 05:00:00,Lab_219_PC085,In Use,AnonUser_0070,30
2026-04-01 05:00:00,Lab_219_PC086,Offline,N/A,N/A
2026-04-01 05:00:00,Lab_219_PC087,Offline,N/A,N/A
2026-04-01 05:00:00,Lab_219_PC088,Offline,N/A,N/A
2026-04-01 05:00:00,Lab_219_PC089,Offline,N/A,N/A
2026-04-01 05:00:00,Lab_219_PC090,Offline,N/A,N/A
2026-04-01 05:00:00,Lab_219_PC091,Offline,N/A,N/A
2026-04-01 05:00:00,Lab_219_PC092,In Use,AnonUser_0061,60
2026-04-01 05:00:00,Lab_219_PC093,In Use,AnonUser_0141,15
2026-04-01 05:00:00,Lab_219_PC094,Offline,N/A,N/A
2026-04-01 05:00:00,Lab_219_PC095,Offline,N/A,N/A
2026-04-01 05:00:00,Lab_219_PC096,Offline,N/A,N/A
2026-04-01 05:00:00,Lab_219_PC097,Offline,N/A,N/A
2026-04-01 05:00:00,Lab_219_PC098,In Use,AnonUser_0078,0
2026-04-01 05:00:00,Lab_219_PC099,In Use,AnonUser_0168,0
2026-04-01 05:00:00,Lab_219_PC100,Offline,N/A,N/A
2026-04-01 05:00:00,Lab_219_PC101,Idle,AnonUser_0037,0
2026-04-01 05:00:00,Lab_219_PC102,In Use,AnonUser_0160,30
2026-04-01 05:00:00,Lab_219_PC103,In Use,AnonUser_0178,90
2026-04-01 05:00:00,Lab_219_PC104,Offline,N/A,N/A
2026-04-01 05:00:00,Lab_219_PC105,Offline,N/A,N/A
2026-04-01 05:00:00,Lab_219_PC106,Offline,N/A,N/A
2026-04-01 05:00:00,Lab_219_PC107,Offline,N/A,N/A
2026-04-01 05:00:00,Lab_219_PC108,Offline,N/A,N/A
2026-04-01 05:00:00,Lab_219_PC109,Offline,N/A,N/A
2026-04-01 05:00:00,Lab_219_PC110,Offline,N/A,N/A
2026-04-01 05:00:00,Lab_219_PC111,Offline,N/A,N/A
2026-04-01 05:00:00,Lab_219_PC112,Offline,N/A,N/A
2026-04-01 05:00:00,Lab_219_PC113,Offline,N/A,N/A
2026-04-01 05:00:00,Lab_219_PC114,Offline,N/A,N/A
2026-04-01 05:00:00,Lab_219_PC115,In Use,AnonUser_0110,0
2026-04-01 05:00:00,Lab_219_PC116,Offline,N/A,N/A
2026-04-01 05:00:00,Lab_219_PC117,Offline,N/A,N/A
2026-04-01 05:00:00,Lab_219_PC118,In Use,AnonUser_0051,0
2026-04-01 05:00:00,Lab_219_PC119,Offline,N/A,N/A
2026-04-01 05:00:00,Lab_219_PC120,Offline,N/A,N/A
2026-04-01 05:00:00,Lab_219_PC121,Offline,N/A,N/A
2026-04-01 05:00:00,Lab_219_PC122,In Use,AnonUser_0151,30
2026-04-01 05:00:00,Lab_219_PC123,In Use,AnonUser_0147,15
2026-04-01 05:00:00,Lab_219_PC124,Offline,N/A,N/A
2026-04-01 05:00:00,Lab_219_PC125,In Use,AnonUser_0073,105
2026-04-01 05:00:00,Lab_219_PC126,Offline,N/A,N/A
2026-04-01 05:00:00,Lab_219_PC127,Offline,N/A,N/A
2026-04-01 05:00:00,Lab_219_PC128,Offline,N/A,N/A
2026-04-01 05:00:00,Lab_219_PC129,Offline,N/A,N/A
2026-04-01 05:00:00,Lab_219_PC130,Offline,N/A,N/A
2026-04-01 05:00:00,Lab_219_PC131,Offline,N/A,N/A
2026-04-01 05:00:00,Lab_219_PC132,Offline,N/A,N/A
2026-04-01 05:00:00,Lab_219_PC133,In Use,AnonUser_0048,45
2026-04-01 05:00:00,Lab_219_PC134,In Use,AnonUser_0117,135
2026-04-01 05:00:00,Lab_219_PC135,Offline,N/A,N/A
2026-04-01 05:00:00,Lab_219_PC136,Offline,N/A,N/A
2026-04-01 05:00:00,Lab_219_PC137,In Use,AnonUser_0016,45
2026-04-01 05:00:00,Lab_219_PC138,Offline,N/A,N/A
2026-04-01 05:00:00,Lab_219_PC139,Offline,N/A,N/A
2026-04-01 05:00:00,Lab_219_PC140,In Use,AnonUser_0154,0
2026-04-01 05:00:00,Lab_219_PC141,Offline,N/A,N/A
2026-04-01 05:00:00,Lab_219_PC142,Offline,N/A,N/A
2026-04-01 05:00:00,Lab_219_PC143,Offline,N/A,N/A
2026-04-01 05:00:00,Lab_219_PC144,Idle,AnonUser_0040,30
2026-04-01 05:00:00,Lab_219_PC145,Offline,N/A,N/A
2026-04-01 05:00:00,Lab_219_PC146,Offline,N/A,N/A
2026-04-01 05:00:00,Lab_219_PC147,In Use,AnonUser_0082,75
2026-04-01 05:00:00,Lab_219_PC148,In Use,AnonUser_0003,150
2026-04-01 05:00:00,Lab_219_PC149,Offline,N/A,N/A
2026-04-01 05:00:00,Lab_219_PC150,Offline,N/A,N/A
2026-04-01 05:00:00,Lab_219_PC151,Offline,N/A,N/A
2026-04-01 05:00:00,Lab_219_PC152,Idle,AnonUser_0093,105
2026-04-01 05:00:00,Lab_219_PC153,Offline,N/A,N/A
2026-04-01 05:00:00,Lab_219_PC154,In Use,AnonUser_0169,30
2026-04-01 05:00:00,Lab_219_PC155,Offline,N/A,N/A
2026-04-01 05:00:00,Lab_219_PC156,Offline,N/A,N/A
2026-04-01 05:00:00,Lab_219_PC157,In Use,AnonUser_0069,45
2026-04-01 05:00:00,Lab_219_PC158,Offline,N/A,N/A
2026-04-01 05:00:00,Lab_219_PC159,In Use,AnonUser_0146,120
2026-04-01 05:00:00,Lab_219_PC160,Offline,N/A,N/A
2026-04-01 05:00:00,Lab_219_PC161,Offline,N/A,N/A
2026-04-01 05:00:00,Lab_219_PC162,Offline,N/A,N/A
2026-04-01 05:00:00,Lab_219_PC163,Offline,N/A,N/A
2026-04-01 05:00:00,Lab_219_PC164,Offline,N/A,N/A
2026-04-01 05:00:00,Lab_219_PC165,In Use,AnonUser_0097,0
2026-04-01 05:00:00,Lab_219_PC166,Offline,N/A,N/A
2026-04-01 05:00:00,Lab_219_PC167,In Use,AnonUser_0035,45
2026-04-01 05:00:00,Lab_219_PC168,Offline,N/A,N/A
2026-04-01 05:00:00,Lab_219_PC169,Offline,N/A,N/A
2026-04-01 05:00:00,Lab_219_PC170,Offline,N/A,N/A
2026-04-01 05:00:00,Lab_219_PC171,Offline,N/A,N/A
2026-04-01 05:00:00,Lab_219_PC172,Offline,N/A,N/A
2026-04-01 05:00:00,Lab_219_PC173,Offline,N/A,N/A
2026-04-01 05:00:00,Lab_219_PC174,Offline,N/A,N/A
2026-04-01 05:00:00,Lab_219_PC175,Offline,N/A,N/A
2026-04-01 05:00:00,Lab_219_PC176,Offline,N/A,N/A
2026-04-01 05:00:00,Lab_219_PC177,In Use,AnonUser_0103,0
2026-04-01 05:00:00,Lab_219_PC178,In Use,AnonUser_0033,75
2026-04-01 05:00:00,Lab_219_PC179,In Use,AnonUser_0086,30
2026-04-01 05:15:00,Lab_202_PC001,Offline,N/A,N/A
2026-04-01 05:15:00,Lab_202_PC002,Offline,N/A,N/A
2026-04-01 05:15:00,Lab_202_PC003,Offline,N/A,N/A
2026-04-01 05:15:00,Lab_202_PC004,Offline,N/A,N/A
2026-04-01 05:15:00,Lab_202_PC005,Idle,AnonUser_0128,75
2026-04-01 05:15:00,Lab_202_PC006,Idle,AnonUser_0080,60
2026-04-01 05:15:00,Lab_202_PC007,Offline,N/A,N/A
2026-04-01 05:15:00,Lab_202_PC008,Offline,N/A,N/A
2026-04-01 05:15:00,Lab_202_PC009,In Use,AnonUser_0100,120
2026-04-01 05:15:00,Lab_202_PC010,Offline,N/A,N/A
2026-04-01 05:15:00,Lab_202_PC011,Offline,N/A,N/A
2026-04-01 05:15:00,Lab_202_PC012,In Use,AnonUser_0062,75
2026-04-01 05:15:00,Lab_202_PC013,Offline,N/A,N/A
2026-04-01 05:15:00,Lab_202_PC014,Offline,N/A,N/A
2026-04-01 05:15:00,Lab_202_PC015,Offline,N/A,N/A
2026-04-01 05:15:00,Lab_202_PC016,Offline,N/A,N/A
2026-04-01 05:15:00,Lab_202_PC017,Offline,N/A,N/A
2026-04-01 05:15:00,Lab_202_PC018,Offline,N/A,N/A
2026-04-01 05:15:00,Lab_202_PC019,Offline,N/A,N/A
2026-04-01 05:15:00,Lab_202_PC020,Offline,N/A,N/A
2026-04-01 05:15:00,Lab_202_PC021,Offline,N/A,N/A
2026-04-01 05:15:00,Lab_202_PC022,Offline,N/A,N/A
2026-04-01 05:15:00,Lab_202_PC023,Offline,N/A,N/A
2026-04-01 05:15:00,Lab_202_PC024,Idle,AnonUser_0005,120
2026-04-01 05:15:00,Lab_202_PC025,Offline,N/A,N/A
2026-04-01 05:15:00,Lab_202_PC026,Offline,N/A,N/A
2026-04-01 05:15:00,Lab_202_PC027,Offline,N/A,N/A
2026-04-01 05:15:00,Lab_202_PC028,In Use,AnonUser_0076,150
2026-04-01 05:15:00,Lab_202_PC029,Offline,N/A,N/A
2026-04-01 05:15:00,Lab_202_PC030,In Use,AnonUser_0029,15
2026-04-01 05:15:00,Lab_206_PC031,Offline,N/A,N/A
2026-04-01 05:15:00,Lab_206_PC032,Offline,N/A,N/A
2026-04-01 05:15:00,Lab_206_PC033,Offline,N/A,N/A
2026-04-01 05:15:00,Lab_206_PC034,In Use,AnonUser_0018,0
2026-04-01 05:15:00,Lab_206_PC035,Offline,N/A,N/A
2026-04-01 05:15:00,Lab_206_PC036,In Use,AnonUser_0039,105
2026-04-01 05:15:00,Lab_206_PC037,Offline,N/A,N/A
2026-04-01 05:15:00,Lab_206_PC038,Offline,N/A,N/A
2026-04-01 05:15:00,Lab_206_PC039,Offline,N/A,N/A
2026-04-01 05:15:00,Lab_206_PC040,In Use,AnonUser_0165,45
2026-04-01 05:15:00,Lab_206_PC041,Offline,N/A,N/A
2026-04-01 05:15:00,Lab_206_PC042,In Use,AnonUser_0177,60
2026-04-01 05:15:00,Lab_206_PC043,Offline,N/A,N/A
2026-04-01 05:15:00,Lab_206_PC044,Offline,N/A,N/A
2026-04-01 05:15:00,Lab_206_PC045,Offline,N/A,N/A
2026-04-01 05:15:00,Lab_206_PC046,Offline,N/A,N/A
2026-04-01 05:15:00,Lab_206_PC047,Offline,N/A,N/A
2026-04-01 05:15:00,Lab_206_PC048,Offline,N/A,N/A
2026-04-01 05:15:00,Lab_206_PC049,In Use,AnonUser_0084,75
2026-04-01 05:15:00,Lab_206_PC050,In Use,AnonUser_0176,150
2026-04-01 05:15:00,Lab_206_PC051,Offline,N/A,N/A
2026-04-01 05:15:00,Lab_206_PC052,Offline,N/A,N/A
2026-04-01 05:15:00,Lab_206_PC053,Offline,N/A,N/A
2026-04-01 05:15:00,Lab_206_PC054,Offline,N/A,N/A
2026-04-01 05:15:00,Lab_206_PC055,Idle,AnonUser_0058,90
2026-04-01 05:15:00,Lab_206_PC056,Offline,N/A,N/A
2026-04-01 05:15:00,Lab_206_PC057,In Use,AnonUser_0138,150
2026-04-01 05:15:00,Lab_206_PC058,Offline,N/A,N/A
2026-04-01 05:15:00,Lab_206_PC059,Offline,N/A,N/A
2026-04-01 05:15:00,Lab_206_PC060,Offline,N/A,N/A
2026-04-01 05:15:00,Lab_210_PC061,Offline,N/A,N/A
2026-04-01 05:15:00,Lab_210_PC062,Offline,N/A,N/A
2026-04-01 05:15:00,Lab_210_PC063,In Use,AnonUser_0047,15
2026-04-01 05:15:00,Lab_210_PC064,In Use,AnonUser_0159,180
2026-04-01 05:15:00,Lab_210_PC065,In Use,AnonUser_0099,60
2026-04-01 05:15:00,Lab_210_PC066,In Use,AnonUser_0056,75
2026-04-01 05:15:00,Lab_210_PC067,Offline,N/A,N/A
2026-04-01 05:15:00,Lab_210_PC068,Offline,N/A,N/A
2026-04-01 05:15:00,Lab_210_PC069,Offline,N/A,N/A
2026-04-01 05:15:00,Lab_210_PC070,Offline,N/A,N/A
2026-04-01 05:15:00,Lab_210_PC071,Offline,N/A,N/A
2026-04-01 05:15:00,Lab_210_PC072,Offline,N/A,N/A
2026-04-01 05:15:00,Lab_210_PC073,In Use,AnonUser_0081,0
2026-04-01 05:15:00,Lab_210_PC074,Idle,AnonUser_0066,0
2026-04-01 05:15:00,Lab_210_PC075,In Use,AnonUser_0006,105
2026-04-01 05:15:00,Lab_210_PC076,Offline,N/A,N/A
2026-04-01 05:15:00,Lab_210_PC077,Offline,N/A,N/A
2026-04-01 05:15:00,Lab_210_PC078,Offline,N/A,N/A
2026-04-01 05:15:00,Lab_210_PC079,Offline,N/A,N/A
2026-04-01 05:15:00,Lab_210_PC080,Offline,N/A,N/A
2026-04-01 05:15:00,Lab_210_PC081,Offline,N/A,N/A
2026-04-01 05:15:00,Lab_219_PC082,Offline,N/A,N/A
2026-04-01 05:15:00,Lab_219_PC083,In Use,AnonUser_0017,30
2026-04-01 05:15:00,Lab_219_PC084,Offline,N/A,N/A
2026-04-01 05:15:00,Lab_219_PC085,In Use,AnonUser_0070,15
2026-04-01 05:15:00,Lab_219_PC086,Offline,N/A,N/A
2026-04-01 05:15:00,Lab_219_PC087,Offline,N/A,N/A
2026-04-01 05:15:00,Lab_219_PC088,Offline,N/A,N/A
2026-04-01 05:15:00,Lab_219_PC089,In Use,AnonUser_0161,30
2026-04-01 05:15:00,Lab_219_PC090,Offline,N/A,N/A
2026-04-01 05:15:00,Lab_219_PC091,Offline,N/A,N/A
2026-04-01 05:15:00,Lab_219_PC092,In Use,AnonUser_0061,45
2026-04-01 05:15:00,Lab_219_PC093,In Use,AnonUser_0141,0
2026-04-01 05:15:00,Lab_219_PC094,Offline,N/A,N/A
2026-04-01 05:15:00,Lab_219_PC095,Offline,N/A,N/A
2026-04-01 05:15:00,Lab_219_PC096,Offline,N/A,N/A
2026-04-01 05:15:00,Lab_219_PC097,Offline,N/A,N/A
2026-04-01 05:15:00,Lab_219_PC098,Offline,N/A,N/A
2026-04-01 05:15:00,Lab_219_PC099,Offline,N/A,N/A
2026-04-01 05:15:00,Lab_219_PC100,Offline,N/A,N/A
2026-04-01 05:15:00,Lab_219_PC101,Idle,AnonUser_0139,30
2026-04-01 05:15:00,Lab_219_PC102,In Use,AnonUser_0160,15
2026-04-01 05:15:00,Lab_219_PC103,In Use,AnonUser_0178,75
2026-04-01 05:15:00,Lab_219_PC104,In Use,AnonUser_0095,150
2026-04-01 05:15:00,Lab_219_PC105,Offline,N/A,N/A
2026-04-01 05:15:00,Lab_219_PC106,Offline,N/A,N/A
2026-04-01 05:15:00,Lab_219_PC107,Offline,N/A,N/A
2026-04-01 05:15:00,Lab_219_PC108,Offline,N/A,N/A
2026-04-01 05:15:00,Lab_219_PC109,Offline,N/A,N/A
2026-04-01 05:15:00,Lab_219_PC110,Offline,N/A,N/A
2026-04-01 05:15:00,Lab_219_PC111,Offline,N/A,N/A
2026-04-01 05:15:00,Lab_219_PC112,Offline,N/A,N/A
2026-04-01 05:15:00,Lab_219_PC113,Offline,N/A,N/A
2026-04-01 05:15:00,Lab_219_PC114,Offline,N/A,N/A
2026-04-01 05:15:00,Lab_219_PC115,Offline,N/A,N/A
2026-04-01 05:15:00,Lab_219_PC116,Offline,N/A,N/A
2026-04-01 05:15:00,Lab_219_PC117,Offline,N/A,N/A
2026-04-01 05:15:00,Lab_219_PC118,Offline,N/A,N/A
2026-04-01 05:15:00,Lab_219_PC119,Offline,N/A,N/A
2026-04-01 05:15:00,Lab_219_PC120,Offline,N/A,N/A
2026-04-01 05:15:00,Lab_219_PC121,Offline,N/A,N/A
2026-04-01 05:15:00,Lab_219_PC122,In Use,AnonUser_0151,15
2026-04-01 05:15:00,Lab_219_PC123,Idle,AnonUser_0147,0
2026-04-01 05:15:00,Lab_219_PC124,Offline,N/A,N/A
2026-04-01 05:15:00,Lab_219_PC125,In Use,AnonUser_0073,90
2026-04-01 05:15:00,Lab_219_PC126,Offline,N/A,N/A
2026-04-01 05:15:00,Lab_219_PC127,Offline,N/A,N/A
2026-04-01 05:15:00,Lab_219_PC128,Idle,AnonUser_0020,90
2026-04-01 05:15:00,Lab_219_PC129,Offline,N/A,N/A
2026-04-01 05:15:00,Lab_219_PC130,Offline,N/A,N/A
2026-04-01 05:15:00,Lab_219_PC131,Offline,N/A,N/A
2026-04-01 05:15:00,Lab_219_PC132,Offline,N/A,N/A
2026-04-01 05:15:00,Lab_219_PC133,Idle,AnonUser_0048,30
2026-04-01 05:15:00,Lab_219_PC134,In Use,AnonUser_0117,120
2026-04-01 05:15:00,Lab_219_PC135,Offline,N/A,N/A
2026-04-01 05:15:00,Lab_219_PC136,Offline,N/A,N/A
2026-04-01 05:15:00,Lab_219_PC137,In Use,AnonUser_0016,30
2026-04-01 05:15:00,Lab_219_PC138,Offline,N/A,N/A
2026-04-01 05:15:00,Lab_219_PC139,Offline,N/A,N/A
2026-04-01 05:15:00,Lab_219_PC140,Offline,N/A,N/A
2026-04-01 05:15:00,Lab_219_PC141,Offline,N/A,N/A
2026-04-01 05:15:00,Lab_219_PC142,Offline,N/A,N/A
2026-04-01 05:15:00,Lab_219_PC143,Offline,N/A,N/A
2026-04-01 05:15:00,Lab_219_PC144,In Use,AnonUser_0040,15
2026-04-01 05:15:00,Lab_219_PC145,Offline,N/A,N/A
2026-04-01 05:15:00,Lab_219_PC146,Offline,N/A,N/A
2026-04-01 05:15:00,Lab_219_PC147,In Use,AnonUser_0082,60
2026-04-01 05:15:00,Lab_219_PC148,Idle,AnonUser_0003,135
2026-04-01 05:15:00,Lab_219_PC149,Offline,N/A,N/A
2026-04-01 05:15:00,Lab_219_PC150,Offline,N/A,N/A
2026-04-01 05:15:00,Lab_219_PC151,Offline,N/A,N/A
2026-04-01 05:15:00,Lab_219_PC152,In Use,AnonUser_0093,90
2026-04-01 05:15:00,Lab_219_PC153,Offline,N/A,N/A
2026-04-01 05:15:00,Lab_219_PC154,In Use,AnonUser_0169,15
2026-04-01 05:15:00,Lab_219_PC155,Offline,N/A,N/A
2026-04-01 05:15:00,Lab_219_PC156,Offline,N/A,N/A
2026-04-01 05:15:00,Lab_219_PC157,In Use,AnonUser_0069,30
2026-04-01 05:15:00,Lab_219_PC158,Offline,N/A,N/A
2026-04-01 05:15:00,Lab_219_PC159,In Use,AnonUser_0146,105
2026-04-01 05:15:00,Lab_219_PC160,Offline,N/A,N/A
2026-04-01 05:15:00,Lab_219_PC161,Offline,N/A,N/A
2026-04-01 05:15:00,Lab_219_PC162,Idle,AnonUser_0092,45
2026-04-01 05:15:00,Lab_219_PC163,Offline,N/A,N/A
2026-04-01 05:15:00,Lab_219_PC164,Offline,N/A,N/A
2026-04-01 05:15:00,Lab_219_PC165,Offline,N/A,N/A
2026-04-01 05:15:00,Lab_219_PC166,Offline,N/A,N/A
2026-04-01 05:15:00,Lab_219_PC167,In Use,AnonUser_0035,30
2026-04-01 05:15:00,Lab_219_PC168,Offline,N/A,N/A
2026-04-01 05:15:00,Lab_219_PC169,Offline,N/A,N/A
2026-04-01 05:15:00,Lab_219_PC170,Offline,N/A,N/A
2026-04-01 05:15:00,Lab_219_PC171,Offline,N/A,N/A
2026-04-01 05:15:00,Lab_219_PC172,Offline,N/A,N/A
2026-04-01 05:15:00,Lab_219_PC173,Idle,AnonUser_0091,195
2026-04-01 05:15:00,Lab_219_PC174,Offline,N/A,N/A
2026-04-01 05:15:00,Lab_219_PC175,Idle,AnonUser_0009,60
2026-04-01 05:15:00,Lab_219_PC176,Offline,N/A,N/A
2026-04-01 05:15:00,Lab_219_PC177,Offline,N/A,N/A
2026-04-01 05:15:00,Lab_219_PC178,In Use,AnonUser_0033,60
2026-04-01 05:15:00,Lab_219_PC179,Idle,AnonUser_0086,15
2026-04-01 05:30:00,Lab_202_PC001,Offline,N/A,N/A
2026-04-01 05:30:00,Lab_202_PC002,Offline,N/A,N/A
2026-04-01 05:30:00,Lab_202_PC003,Offline,N/A,N/A
2026-04-01 05:30:00,Lab_202_PC004,Offline,N/A,N/A
2026-04-01 05:30:00,Lab_202_PC005,In Use,AnonUser_0128,60
2026-04-01 05:30:00,Lab_202_PC006,In Use,AnonUser_0080,45
2026-04-01 05:30:00,Lab_202_PC007,Offline,N/A,N/A
2026-04-01 05:30:00,Lab_202_PC008,Offline,N/A,N/A
2026-04-01 05:30:00,Lab_202_PC009,In Use,AnonUser_0100,105
2026-04-01 05:30:00,Lab_202_PC010,Offline,N/A,N/A
2026-04-01 05:30:00,Lab_202_PC011,Offline,N/A,N/A
2026-04-01 05:30:00,Lab_202_PC012,In Use,AnonUser_0062,60
2026-04-01 05:30:00,Lab_202_PC013,Offline,N/A,N/A
2026-04-01 05:30:00,Lab_202_PC014,Offline,N/A,N/A
2026-04-01 05:30:00,Lab_202_PC015,Offline,N/A,N/A
2026-04-01 05:30:00,Lab_202_PC016,Offline,N/A,N/A
2026-04-01 05:30:00,Lab_202_PC017,Offline,N/A,N/A
2026-04-01 05:30:00,Lab_202_PC018,In Use,AnonUser_0030,30
2026-04-01 05:30:00,Lab_202_PC019,Offline,N/A,N/A
2026-04-01 05:30:00,Lab_202_PC020,Offline,N/A,N/A
2026-04-01 05:30:00,Lab_202_PC021,Idle,AnonUser_0011,135
2026-04-01 05:30:00,Lab_202_PC022,Offline,N/A,N/A
2026-04-01 05:30:00,Lab_202_PC023,Offline,N/A,N/A
2026-04-01 05:30:00,Lab_202_PC024,In Use,AnonUser_0005,105
2026-04-01 05:30:00,Lab_202_PC025,Offline,N/A,N/A
2026-04-01 05:30:00,Lab_202_PC026,Offline,N/A,N/A
2026-04-01 05:30:00,Lab_202_PC027,Offline,N/A,N/A
2026-04-01 05:30:00,Lab_202_PC028,In Use,AnonUser_0076,135
2026-04-01 05:30:00,Lab_202_PC029,Offline,N/A,N/A
2026-04-01 05:30:00,Lab_202_PC030,In Use,AnonUser_0029,0
2026-04-01 05:30:00,Lab_206_PC031,Offline,N/A,N/A
2026-04-01 05:30:00,Lab_206_PC032,Offline,N/A,N/A
2026-04-01 05:30:00,Lab_206_PC033,Offline,N/A,N/A
2026-04-01 05:30:00,Lab_206_PC034,Offline,N/A,N/A
2026-04-01 05:30:00,Lab_206_PC035,Offline,N/A,N/A
2026-04-01 05:30:00,Lab_206_PC036,In Use,AnonUser_0039,90
2026-04-01 05:30:00,Lab_206_PC037,Offline,N/A,N/A
2026-04-01 05:30:00,Lab_206_PC038,Offline,N/A,N/A
2026-04-01 05:30:00,Lab_206_PC039,Offline,N/A,N/A
2026-04-01 05:30:00,Lab_206_PC040,In Use,AnonUser_0165,30
2026-04-01 05:30:00,Lab_206_PC041,Offline,N/A,N/A
2026-04-01 05:30:00,Lab_206_PC042,In Use,AnonUser_0177,45
2026-04-01 05:30:00,Lab_206_PC043,Offline,N/A,N/A
2026-04-01 05:30:00,Lab_206_PC044,Offline,N/A,N/A
2026-04-01 05:30:00,Lab_206_PC045,Offline,N/A,N/A
2026-04-01 05:30:00,Lab_206_PC046,Offline,N/A,N/A
2026-04-01 05:30:00,Lab_206_PC047,Offline,N/A,N/A
2026-04-01 05:30:00,Lab_206_PC048,Offline,N/A,N/A
2026-04-01 05:30:00,Lab_206_PC049,In Use,AnonUser_0084,60
2026-04-01 05:30:00,Lab_206_PC050,In Use,AnonUser_0176,135
2026-04-01 05:30:00,Lab_206_PC051,Offline,N/A,N/A
2026-04-01 05:30:00,Lab_206_PC052,Offline,N/A,N/A
2026-04-01 05:30:00,Lab_206_PC053,Offline,N/A,N/A
2026-04-01 05:30:00,Lab_206_PC054,Offline,N/A,N/A
2026-04-01 05:30:00,Lab_206_PC055,In Use,AnonUser_0058,75
2026-04-01 05:30:00,Lab_206_PC056,Offline,N/A,N/A
2026-04-01 05:30:00,Lab_206_PC057,In Use,AnonUser_0138,135
2026-04-01 05:30:00,Lab_206_PC058,Offline,N/A,N/A
2026-04-01 05:30:00,Lab_206_PC059,Offline,N/A,N/A
2026-04-01 05:30:00,Lab_206_PC060,Offline,N/A,N/A
2026-04-01 05:30:00,Lab_210_PC061,Offline,N/A,N/A
2026-04-01 05:30:00,Lab_210_PC062,Offline,N/A,N/A
2026-04-01 05:30:00,Lab_210_PC063,In Use,AnonUser_0047,0
2026-04-01 05:30:00,Lab_210_PC064,In Use,AnonUser_0159,165
2026-04-01 05:30:00,Lab_210_PC065,In Use,AnonUser_0099,45
2026-04-01 05:30:00,Lab_210_PC066,In Use,AnonUser_0056,60
2026-04-01 05:30:00,Lab_210_PC067,Offline,N/A,N/A
2026-04-01 05:30:00,Lab_210_PC068,Offline,N/A,N/A
2026-04-01 05:30:00,Lab_210_PC069,Idle,AnonUser_0145,15
2026-04-01 05:30:00,Lab_210_PC070,Offline,N/A,N/A
2026-04-01 05:30:00,Lab_210_PC071,Offline,N/A,N/A
2026-04-01 05:30:00,Lab_210_PC072,Offline,N/A,N/A
2026-04-01 05:30:00,Lab_210_PC073,Offline,N/A,N/A
2026-04-01 05:30:00,Lab_210_PC074,Offline,N/A,N/A
2026-04-01 05:30:00,Lab_210_PC075,In Use,AnonUser_0006,90
2026-04-01 05:30:00,Lab_210_PC076,Offline,N/A,N/A
2026-04-01 05:30:00,Lab_210_PC077,Offline,N/A,N/A
2026-04-01 05:30:00,Lab_210_PC078,Idle,AnonUser_0168,225
2026-04-01 05:30:00,Lab_210_PC079,Offline,N/A,N/A
2026-04-01 05:30:00,Lab_210_PC080,Offline,N/A,N/A
2026-04-01 05:30:00,Lab_210_PC081,Offline,N/A,N/A
2026-04-01 05:30:00,Lab_219_PC082,Offline,N/A,N/A
2026-04-01 05:30:00,Lab_219_PC083,In Use,AnonUser_0017,15
2026-04-01 05:30:00,Lab_219_PC084,Offline,N/A,N/A
2026-04-01 05:30:00,Lab_219_PC085,In Use,AnonUser_0070,0
2026-04-01 05:30:00,Lab_219_PC086,Offline,N/A,N/A
2026-04-01 05:30:00,Lab_219_PC087,Offline,N/A,N/A
2026-04-01 05:30:00,Lab_219_PC088,Offline,N/A,N/A
2026-04-01 05:30:00,Lab_219_PC089,In Use,AnonUser_0161,15
2026-04-01 05:30:00,Lab_219_PC090,Offline,N/A,N/A
2026-04-01 05:30:00,Lab_219_PC091,Offline,N/A,N/A
2026-04-01 05:30:00,Lab_219_PC092,In Use,AnonUser_0061,30
2026-04-01 05:30:00,Lab_219_PC093,Offline,N/A,N/A
2026-04-01 05:30:00,Lab_219_PC094,Offline,N/A,N/A
2026-04-01 05:30:00,Lab_219_PC095,Offline,N/A,N/A
2026-04-01 05:30:00,Lab_219_PC096,Offline,N/A,N/A
2026-04-01 05:30:00,Lab_219_PC097,Offline,N/A,N/A
2026-04-01 05:30:00,Lab_219_PC098,Offline,N/A,N/A
2026-04-01 05:30:00,Lab_219_PC099,Offline,N/A,N/A
2026-04-01 05:30:00,Lab_219_PC100,Offline,N/A,N/A
2026-04-01 05:30:00,Lab_219_PC101,Idle,AnonUser_0139,15
2026-04-01 05:30:00,Lab_219_PC102,In Use,AnonUser_0160,0
2026-04-01 05:30:00,Lab_219_PC103,In Use,AnonUser_0178,60
2026-04-01 05:30:00,Lab_219_PC104,In Use,AnonUser_0095,135
2026-04-01 05:30:00,Lab_219_PC105,Offline,N/A,N/A
2026-04-01 05:30:00,Lab_219_PC106,Offline,N/A,N/A
2026-04-01 05:30:00,Lab_219_PC107,Offline,N/A,N/A
2026-04-01 05:30:00,Lab_219_PC108,Offline,N/A,N/A
2026-04-01 05:30:00,Lab_219_PC109,Offline,N/A,N/A
2026-04-01 05:30:00,Lab_219_PC110,Offline,N/A,N/A
2026-04-01 05:30:00,Lab_219_PC111,Offline,N/A,N/A
2026-04-01 05:30:00,Lab_219_PC112,Offline,N/A,N/A
2026-04-01 05:30:00,Lab_219_PC113,Offline,N/A,N/A
2026-04-01 05:30:00,Lab_219_PC114,Offline,N/A,N/A
2026-04-01 05:30:00,Lab_219_PC115,Offline,N/A,N/A
2026-04-01 05:30:00,Lab_219_PC116,Offline,N/A,N/A
2026-04-01 05:30:00,Lab_219_PC117,Offline,N/A,N/A
2026-04-01 05:30:00,Lab_219_PC118,Offline,N/A,N/A
2026-04-01 05:30:00,Lab_219_PC119,Offline,N/A,N/A
2026-04-01 05:30:00,Lab_219_PC120,Offline,N/A,N/A
2026-04-01 05:30:00,Lab_219_PC121,Offline,N/A,N/A
2026-04-01 05:30:00,Lab_219_PC122,In Use,AnonUser_0151,0
2026-04-01 05:30:00,Lab_219_PC123,Offline,N/A,N/A
2026-04-01 05:30:00,Lab_219_PC124,Offline,N/A,N/A
2026-04-01 05:30:00,Lab_219_PC125,In Use,AnonUser_0073,75
2026-04-01 05:30:00,Lab_219_PC126,Offline,N/A,N/A
2026-04-01 05:30:00,Lab_219_PC127,Offline,N/A,N/A
2026-04-01 05:30:00,Lab_219_PC128,In Use,AnonUser_0020,75
2026-04-01 05:30:00,Lab_219_PC129,Offline,N/A,N/A
2026-04-01 05:30:00,Lab_219_PC130,Offline,N/A,N/A
2026-04-01 05:30:00,Lab_219_PC131,Offline,N/A,N/A
2026-04-01 05:30:00,Lab_219_PC132,Offline,N/A,N/A
2026-04-01 05:30:00,Lab_219_PC133,In Use,AnonUser_0048,15
2026-04-01 05:30:00,Lab_219_PC134,In Use,AnonUser_0117,105
2026-04-01 05:30:00,Lab_219_PC135,Offline,N/A,N/A
2026-04-01 05:30:00,Lab_219_PC136,Offline,N/A,N/A
2026-04-01 05:30:00,Lab_219_PC137,In Use,AnonUser_0016,15
2026-04-01 05:30:00,Lab_219_PC138,Offline,N/A,N/A
2026-04-01 05:30:00,Lab_219_PC139,Offline,N/A,N/A
2026-04-01 05:30:00,Lab_219_PC140,Offline,N/A,N/A
2026-04-01 05:30:00,Lab_219_PC141,Offline,N/A,N/A
2026-04-01 05:30:00,Lab_219_PC142,Offline,N/A,N/A
2026-04-01 05:30:00,Lab_219_PC143,Offline,N/A,N/A
2026-04-01 05:30:00,Lab_219_PC144,In Use,AnonUser_0040,0
2026-04-01 05:30:00,Lab_219_PC145,Offline,N/A,N/A
2026-04-01 05:30:00,Lab_219_PC146,Offline,N/A,N/A
2026-04-01 05:30:00,Lab_219_PC147,In Use,AnonUser_0082,45
2026-04-01 05:30:00,Lab_219_PC148,In Use,AnonUser_0003,120
2026-04-01 05:30:00,Lab_219_PC149,Offline,N/A,N/A
2026-04-01 05:30:00,Lab_219_PC150,Offline,N/A,N/A
2026-04-01 05:30:00,Lab_219_PC151,Offline,N/A,N/A
2026-04-01 05:30:00,Lab_219_PC152,Idle,AnonUser_0093,75
2026-04-01 05:30:00,Lab_219_PC153,Offline,N/A,N/A
2026-04-01 05:30:00,Lab_219_PC154,In Use,AnonUser_0169,0
2026-04-01 05:30:00,Lab_219_PC155,Offline,N/A,N/A
2026-04-01 05:30:00,Lab_219_PC156,Offline,N/A,N/A
2026-04-01 05:30:00,Lab_219_PC157,In Use,AnonUser_0069,15
2026-04-01 05:30:00,Lab_219_PC158,Offline,N/A,N/A
2026-04-01 05:30:00,Lab_219_PC159,In Use,AnonUser_0146,90
2026-04-01 05:30:00,Lab_219_PC160,Offline,N/A,N/A
2026-04-01 05:30:00,Lab_219_PC161,Offline,N/A,N/A
2026-04-01 05:30:00,Lab_219_PC162,In Use,AnonUser_0092,30
2026-04-01 05:30:00,Lab_219_PC163,Offline,N/A,N/A
2026-04-01 05:30:00,Lab_219_PC164,Offline,N/A,N/A
2026-04-01 05:30:00,Lab_219_PC165,Offline,N/A,N/A
2026-04-01 05:30:00,Lab_219_PC166,Offline,N/A,N/A
2026-04-01 05:30:00,Lab_219_PC167,In Use,AnonUser_0035,15
2026-04-01 05:30:00,Lab_219_PC168,Offline,N/A,N/A
2026-04-01 05:30:00,Lab_219_PC169,Offline,N/A,N/A
2026-04-01 05:30:00,Lab_219_PC170,Offline,N/A,N/A
2026-04-01 05:30:00,Lab_219_PC171,Offline,N/A,N/A
2026-04-01 05:30:00,Lab_219_PC172,Offline,N/A,N/A
2026-04-01 05:30:00,Lab_219_PC173,In Use,AnonUser_0091,180
2026-04-01 05:30:00,Lab_219_PC174,Offline,N/A,N/A
2026-04-01 05:30:00,Lab_219_PC175,In Use,AnonUser_0009,45
2026-04-01 05:30:00,Lab_219_PC176,Offline,N/A,N/A
2026-04-01 05:30:00,Lab_219_PC177,Offline,N/A,N/A
2026-04-01 05:30:00,Lab_219_PC178,In Use,AnonUser_0033,45
2026-04-01 05:30:00,Lab_219_PC179,In Use,AnonUser_0086,0
2026-04-01 05:45:00,Lab_202_PC001,Offline,N/A,N/A
2026-04-01 05:45:00,Lab_202_PC002,Offline,N/A,N/A
2026-04-01 05:45:00,Lab_202_PC003,Offline,N/A,N/A
2026-04-01 05:45:00,Lab_202_PC004,Offline,N/A,N/A
2026-04-01 05:45:00,Lab_202_PC005,In Use,AnonUser_0128,45
2026-04-01 05:45:00,Lab_202_PC006,In Use,AnonUser_0080,30
2026-04-01 05:45:00,Lab_202_PC007,Offline,N/A,N/A
2026-04-01 05:45:00,Lab_202_PC008,Offline,N/A,N/A
2026-04-01 05:45:00,Lab_202_PC009,In Use,AnonUser_0100,90
2026-04-01 05:45:00,Lab_202_PC010,Offline,N/A,N/A
2026-04-01 05:45:00,Lab_202_PC011,Offline,N/A,N/A
2026-04-01 05:45:00,Lab_202_PC012,In Use,AnonUser_0062,45
2026-04-01 05:45:00,Lab_202_PC013,Offline,N/A,N/A
2026-04-01 05:45:00,Lab_202_PC014,Offline,N/A,N/A
2026-04-01 05:45:00,Lab_202_PC015,Offline,N/A,N/A
2026-04-01 05:45:00,Lab_202_PC016,Offline,N/A,N/A
2026-04-01 05:45:00,Lab_202_PC017,Offline,N/A,N/A
2026-04-01 05:45:00,Lab_202_PC018,In Use,AnonUser_0030,15
2026-04-01 05:45:00,Lab_202_PC019,Offline,N/A,N/A
2026-04-01 05:45:00,Lab_202_PC020,Offline,N/A,N/A
2026-04-01 05:45:00,Lab_202_PC021,In Use,AnonUser_0011,120
2026-04-01 05:45:00,Lab_202_PC022,Offline,N/A,N/A
2026-04-01 05:45:00,Lab_202_PC023,Offline,N/A,N/A
2026-04-01 05:45:00,Lab_202_PC024,In Use,AnonUser_0005,90
2026-04-01 05:45:00,Lab_202_PC025,Offline,N/A,N/A
2026-04-01 05:45:00,Lab_202_PC026,Offline,N/A,N/A
2026-04-01 05:45:00,Lab_202_PC027,Offline,N/A,N/A
2026-04-01 05:45:00,Lab_202_PC028,In Use,AnonUser_0076,120
2026-04-01 05:45:00,Lab_202_PC029,Offline,N/A,N/A
2026-04-01 05:45:00,Lab_202_PC030,Offline,N/A,N/A
2026-04-01 05:45:00,Lab_206_PC031,Offline,N/A,N/A
2026-04-01 05:45:00,Lab_206_PC032,Offline,N/A,N/A
2026-04-01 05:45:00,Lab_206_PC033,Offline,N/A,N/A
2026-04-01 05:45:00,Lab_206_PC034,In Use,AnonUser_0148,150
2026-04-01 05:45:00,Lab_206_PC035,Offline,N/A,N/A
2026-04-01 05:45:00,Lab_206_PC036,In Use,AnonUser_0039,75
2026-04-01 05:45:00,Lab_206_PC037,Offline,N/A,N/A
2026-04-01 05:45:00,Lab_206_PC038,Offline,N/A,N/A
2026-04-01 05:45:00,Lab_206_PC039,Offline,N/A,N/A
2026-04-01 05:45:00,Lab_206_PC040,In Use,AnonUser_0165,15
2026-04-01 05:45:00,Lab_206_PC041,Offline,N/A,N/A
2026-04-01 05:45:00,Lab_206_PC042,Idle,AnonUser_0177,30
2026-04-01 05:45:00,Lab_206_PC043,Offline,N/A,N/A
2026-04-01 05:45:00,Lab_206_PC044,Offline,N/A,N/A
2026-04-01 05:45:00,Lab_206_PC045,In Use,AnonUser_0004,30
2026-04-01 05:45:00,Lab_206_PC046,Offline,N/A,N/A
2026-04-01 05:45:00,Lab_206_PC047,Offline,N/A,N/A
2026-04-01 05:45:00,Lab_206_PC048,Offline,N/A,N/A
2026-04-01 05:45:00,Lab_206_PC049,In Use,AnonUser_0084,45
2026-04-01 05:45:00,Lab_206_PC050,In Use,AnonUser_0176,120
2026-04-01 05:45:00,Lab_206_PC051,Offline,N/A,N/A
2026-04-01 05:45:00,Lab_206_PC052,Offline,N/A,N/A
2026-04-01 05:45:00,Lab_206_PC053,Offline,N/A,N/A
2026-04-01 05:45:00,Lab_206_PC054,Offline,N/A,N/A
2026-04-01 05:45:00,Lab_206_PC055,In Use,AnonUser_0058,60
2026-04-01 05:45:00,Lab_206_PC056,Offline,N/A,N/A
2026-04-01 05:45:00,Lab_206_PC057,In Use,AnonUser_0138,120
2026-04-01 05:45:00,Lab_206_PC058,Offline,N/A,N/A
2026-04-01 05:45:00,Lab_206_PC059,Offline,N/A,N/A
2026-04-01 05:45:00,Lab_206_PC060,Offline,N/A,N/A
2026-04-01 05:45:00,Lab_210_PC061,Offline,N/A,N/A
2026-04-01 05:45:00,Lab_210_PC062,Offline,N/A,N/A
2026-04-01 05:45:00,Lab_210_PC063,Offline,N/A,N/A
2026-04-01 05:45:00,Lab_210_PC064,In Use,AnonUser_0159,150
2026-04-01 05:45:00,Lab_210_PC065,In Use,AnonUser_0099,30
2026-04-01 05:45:00,Lab_210_PC066,In Use,AnonUser_0056,45
2026-04-01 05:45:00,Lab_210_PC067,Offline,N/A,N/A
2026-04-01 05:45:00,Lab_210_PC068,Offline,N/A,N/A
2026-04-01 05:45:00,Lab_210_PC069,In Use,AnonUser_0145,0
2026-04-01 05:45:00,Lab_210_PC070,Offline,N/A,N/A
2026-04-01 05:45:00,Lab_210_PC071,Offline,N/A,N/A
2026-04-01 05:45:00,Lab_210_PC072,Offline,N/A,N/A
2026-04-01 05:45:00,Lab_210_PC073,Offline,N/A,N/A
2026-04-01 05:45:00,Lab_210_PC074,Idle,AnonUser_0079,195
2026-04-01 05:45:00,Lab_210_PC075,In Use,AnonUser_0006,75
2026-04-01 05:45:00,Lab_210_PC076,Offline,N/A,N/A
2026-04-01 05:45:00,Lab_210_PC077,Offline,N/A,N/A
2026-04-01 05:45:00,Lab_210_PC078,Idle,AnonUser_0168,210
2026-04-01 05:45:00,Lab_210_PC079,Offline,N/A,N/A
2026-04-01 05:45:00,Lab_210_PC080,Offline,N/A,N/A
2026-04-01 05:45:00,Lab_210_PC081,Offline,N/A,N/A
2026-04-01 05:45:00,Lab_219_PC082,Offline,N/A,N/A
2026-04-01 05:45:00,Lab_219_PC083,Idle,AnonUser_0017,0
2026-04-01 05:45:00,Lab_219_PC084,Offline,N/A,N/A
2026-04-01 05:45:00,Lab_219_PC085,Offline,N/A,N/A
2026-04-01 05:45:00,Lab_219_PC086,Offline,N/A,N/A
2026-04-01 05:45:00,Lab_219_PC087,Offline,N/A,N/A
2026-04-01 05:45:00,Lab_219_PC088,Offline,N/A,N/A
2026-04-01 05:45:00,Lab_219_PC089,In Use,AnonUser_0161,0
2026-04-01 05:45:00,Lab_219_PC090,In Use,AnonUser_0024,135
2026-04-01 05:45:00,Lab_219_PC091,Offline,N/A,N/A
2026-04-01 05:45:00,Lab_219_PC092,In Use,AnonUser_0061,15
2026-04-01 05:45:00,Lab_219_PC093,Offline,N/A,N/A
2026-04-01 05:45:00,Lab_219_PC094,Offline,N/A,N/A
2026-04-01 05:45:00,Lab_219_PC095,Offline,N/A,N/A
2026-04-01 05:45:00,Lab_219_PC096,Offline,N/A,N/A
2026-04-01 05:45:00,Lab_219_PC097,Offline,N/A,N/A
2026-04-01 05:45:00,Lab_219_PC098,Offline,N/A,N/A
2026-04-01 05:45:00,Lab_219_PC099,Offline,N/A,N/A
2026-04-01 05:45:00,Lab_219_PC100,Offline,N/A,N/A
2026-04-01 05:45:00,Lab_219_PC101,In Use,AnonUser_0139,0
2026-04-01 05:45:00,Lab_219_PC102,Offline,N/A,N/A
2026-04-01 05:45:00,Lab_219_PC103,Idle,AnonUser_0178,45
2026-04-01 05:45:00,Lab_219_PC104,In Use,AnonUser_0095,120
2026-04-01 05:45:00,Lab_219_PC105,Offline,N/A,N/A
2026-04-01 05:45:00,Lab_219_PC106,Offline,N/A,N/A
2026-04-01 05:45:00,Lab_219_PC107,Offline,N/A,N/A
2026-04-01 05:45:00,Lab_219_PC108,Offline,N/A,N/A
2026-04-01 05:45:00,Lab_219_PC109,Offline,N/A,N/A
2026-04-01 05:45:00,Lab_219_PC110,Offline,N/A,N/A
2026-04-01 05:45:00,Lab_219_PC111,Offline,N/A,N/A
2026-04-01 05:45:00,Lab_219_PC112,Offline,N/A,N/A
2026-04-01 05:45:00,Lab_219_PC113,Offline,N/A,N/A
2026-04-01 05:45:00,Lab_219_PC114,Offline,N/A,N/A
2026-04-01 05:45:00,Lab_219_PC115,Offline,N/A,N/A
2026-04-01 05:45:00,Lab_219_PC116,Offline,N/A,N/A
2026-04-01 05:45:00,Lab_219_PC117,Offline,N/A,N/A
2026-04-01 05:45:00,Lab_219_PC118,Offline,N/A,N/A
2026-04-01 05:45:00,Lab_219_PC119,Offline,N/A,N/A
2026-04-01 05:45:00,Lab_219_PC120,Offline,N/A,N/A
2026-04-01 05:45:00,Lab_219_PC121,Offline,N/A,N/A
2026-04-01 05:45:00,Lab_219_PC122,Offline,N/A,N/A
2026-04-01 05:45:00,Lab_219_PC123,Offline,N/A,N/A
2026-04-01 05:45:00,Lab_219_PC124,Offline,N/A,N/A
2026-04-01 05:45:00,Lab_219_PC125,In Use,AnonUser_0073,60
2026-04-01 05:45:00,Lab_219_PC126,Offline,N/A,N/A
2026-04-01 05:45:00,Lab_219_PC127,Offline,N/A,N/A
2026-04-01 05:45:00,Lab_219_PC128,In Use,AnonUser_0020,60
2026-04-01 05:45:00,Lab_219_PC129,Offline,N/A,N/A
2026-04-01 05:45:00,Lab_219_PC130,Offline,N/A,N/A
2026-04-01 05:45:00,Lab_219_PC131,Offline,N/A,N/A
2026-04-01 05:45:00,Lab_219_PC132,Offline,N/A,N/A
2026-04-01 05:45:00,Lab_219_PC133,In Use,AnonUser_0048,0
2026-04-01 05:45:00,Lab_219_PC134,In Use,AnonUser_0117,90
2026-04-01 05:45:00,Lab_219_PC135,Offline,N/A,N/A
2026-04-01 05:45:00,Lab_219_PC136,Offline,N/A,N/A
2026-04-01 05:45:00,Lab_219_PC137,In Use,AnonUser_0016,0
2026-04-01 05:45:00,Lab_219_PC138,Offline,N/A,N/A
2026-04-01 05:45:00,Lab_219_PC139,Offline,N/A,N/A
2026-04-01 05:45:00,Lab_219_PC140,Offline,N/A,N/A
2026-04-01 05:45:00,Lab_219_PC141,Offline,N/A,N/A
2026-04-01 05:45:00,Lab_219_PC142,Offline,N/A,N/A
2026-04-01 05:45:00,Lab_219_PC143,Offline,N/A,N/A
2026-04-01 05:45:00,Lab_219_PC144,Offline,N/A,N/A
2026-04-01 05:45:00,Lab_219_PC145,In Use,AnonUser_0046,165
2026-04-01 05:45:00,Lab_219_PC146,Offline,N/A,N/A
2026-04-01 05:45:00,Lab_219_PC147,Idle,AnonUser_0082,30
2026-04-01 05:45:00,Lab_219_PC148,In Use,AnonUser_0003,105
2026-04-01 05:45:00,Lab_219_PC149,Offline,N/A,N/A
2026-04-01 05:45:00,Lab_219_PC150,Offline,N/A,N/A
2026-04-01 05:45:00,Lab_219_PC151,Offline,N/A,N/A
2026-04-01 05:45:00,Lab_219_PC152,In Use,AnonUser_0093,60
2026-04-01 05:45:00,Lab_219_PC153,Offline,N/A,N/A
2026-04-01 05:45:00,Lab_219_PC154,Offline,N/A,N/A
2026-04-01 05:45:00,Lab_219_PC155,Offline,N/A,N/A
2026-04-01 05:45:00,Lab_219_PC156,Offline,N/A,N/A
2026-04-01 05:45:00,Lab_219_PC157,In Use,AnonUser_0069,0
2026-04-01 05:45:00,Lab_219_PC158,Offline,N/A,N/A
2026-04-01 05:45:00,Lab_219_PC159,In Use,AnonUser_0146,75
2026-04-01 05:45:00,Lab_219_PC160,Offline,N/A,N/A
2026-04-01 05:45:00,Lab_219_PC161,Offline,N/A,N/A
2026-04-01 05:45:00,Lab_219_PC162,Idle,AnonUser_0092,15
2026-04-01 05:45:00,Lab_219_PC163,Offline,N/A,N/A
2026-04-01 05:45:00,Lab_219_PC164,Offline,N/A,N/A
2026-04-01 05:45:00,Lab_219_PC165,Offline,N/A,N/A
2026-04-01 05:45:00,Lab_219_PC166,Offline,N/A,N/A
2026-04-01 05:45:00,Lab_219_PC167,In Use,AnonUser_0035,0
2026-04-01 05:45:00,Lab_219_PC168,Offline,N/A,N/A
2026-04-01 05:45:00,Lab_219_PC169,Offline,N/A,N/A
2026-04-01 05:45:00,Lab_219_PC170,Offline,N/A,N/A
2026-04-01 05:45:00,Lab_219_PC171,Offline,N/A,N/A
2026-04-01 05:45:00,Lab_219_PC172,Offline,N/A,N/A
2026-04-01 05:45:00,Lab_219_PC173,In Use,AnonUser_0091,165
2026-04-01 05:45:00,Lab_219_PC174,Offline,N/A,N/A
2026-04-01 05:45:00,Lab_219_PC175,In Use,AnonUser_0009,30
2026-04-01 05:45:00,Lab_219_PC176,Idle,AnonUser_0034,225
2026-04-01 05:45:00,Lab_219_PC177,Offline,N/A,N/A
2026-04-01 05:45:00,Lab_219_PC178,In Use,AnonUser_0033,30
2026-04-01 05:45:00,Lab_219_PC179,Offline,N/A,N/A
2026-04-01 06:00:00,Lab_202_PC001,Offline,N/A,N/A
2026-04-01 06:00:00,Lab_202_PC002,Offline,N/A,N/A
2026-04-01 06:00:00,Lab_202_PC003,Offline,N/A,N/A
2026-04-01 06:00:00,Lab_202_PC004,Offline,N/A,N/A
2026-04-01 06:00:00,Lab_202_PC005,Idle,AnonUser_0128,30
2026-04-01 06:00:00,Lab_202_PC006,In Use,AnonUser_0080,15
2026-04-01 06:00:00,Lab_202_PC007,Offline,N/A,N/A
2026-04-01 06:00:00,Lab_202_PC008,Offline,N/A,N/A
2026-04-01 06:00:00,Lab_202_PC009,In Use,AnonUser_0100,75
2026-04-01 06:00:00,Lab_202_PC010,Offline,N/A,N/A
2026-04-01 06:00:00,Lab_202_PC011,Offline,N/A,N/A
2026-04-01 06:00:00,Lab_202_PC012,In Use,AnonUser_0062,30
2026-04-01 06:00:00,Lab_202_PC013,Offline,N/A,N/A
2026-04-01 06:00:00,Lab_202_PC014,Offline,N/A,N/A
2026-04-01 06:00:00,Lab_202_PC015,Offline,N/A,N/A
2026-04-01 06:00:00,Lab_202_PC016,Offline,N/A,N/A
2026-04-01 06:00:00,Lab_202_PC017,Offline,N/A,N/A
2026-04-01 06:00:00,Lab_202_PC018,Idle,AnonUser_0030,0
2026-04-01 06:00:00,Lab_202_PC019,Offline,N/A,N/A
2026-04-01 06:00:00,Lab_202_PC020,Offline,N/A,N/A
2026-04-01 06:00:00,Lab_202_PC021,In Use,AnonUser_0011,105
2026-04-01 06:00:00,Lab_202_PC022,Offline,N/A,N/A
2026-04-01 06:00:00,Lab_202_PC023,Offline,N/A,N/A
2026-04-01 06:00:00,Lab_202_PC024,In Use,AnonUser_0005,75
2026-04-01 06:00:00,Lab_202_PC025,Offline,N/A,N/A
2026-04-01 06:00:00,Lab_202_PC026,Offline,N/A,N/A
2026-04-01 06:00:00,Lab_202_PC027,Offline,N/A,N/A
2026-04-01 06:00:00,Lab_202_PC028,In Use,AnonUser_0076,105
2026-04-01 06:00:00,Lab_202_PC029,Offline,N/A,N/A
2026-04-01 06:00:00,Lab_202_PC030,Offline,N/A,N/A
2026-04-01 06:00:00,Lab_206_PC031,Offline,N/A,N/A
2026-04-01 06:00:00,Lab_206_PC032,Offline,N/A,N/A
2026-04-01 06:00:00,Lab_206_PC033,Offline,N/A,N/A
2026-04-01 06:00:00,Lab_206_PC034,Idle,AnonUser_0148,135
2026-04-01 06:00:00,Lab_206_PC035,Offline,N/A,N/A
2026-04-01 06:00:00,Lab_206_PC036,In Use,AnonUser_0039,60
2026-04-01 06:00:00,Lab_206_PC037,Offline,N/A,N/A
2026-04-01 06:00:00,Lab_206_PC038,Offline,N/A,N/A
2026-04-01 06:00:00,Lab_206_PC039,Offline,N/A,N/A
2026-04-01 06:00:00,Lab_206_PC040,In Use,AnonUser_0165,0
2026-04-01 06:00:00,Lab_206_PC041,Offline,N/A,N/A
2026-04-01 06:00:00,Lab_206_PC042,In Use,AnonUser_0177,15
2026-04-01 06:00:00,Lab_206_PC043,Offline,N/A,N/A
2026-04-01 06:00:00,Lab_206_PC044,Offline,N/A,N/A
2026-04-01 06:00:00,Lab_206_PC045,In Use,AnonUser_0004,15
2026-04-01 06:00:00,Lab_206_PC046,Offline,N/A,N/A
2026-04-01 06:00:00,Lab_206_PC047,Offline,N/A,N/A
2026-04-01 06:00:00,Lab_206_PC048,Offline,N/A,N/A
2026-04-01 06:00:00,Lab_206_PC049,In Use,AnonUser_0084,30
2026-04-01 06:00:00,Lab_206_PC050,Idle,AnonUser_0176,105
2026-04-01 06:00:00,Lab_206_PC051,Offline,N/A,N/A
2026-04-01 06:00:00,Lab_206_PC052,Offline,N/A,N/A
2026-04-01 06:00:00,Lab_206_PC053,Offline,N/A,N/A
2026-04-01 06:00:00,Lab_206_PC054,Offline,N/A,N/A
2026-04-01 06:00:00,Lab_206_PC055,In Use,AnonUser_0058,45
2026-04-01 06:00:00,Lab_206_PC056,Offline,N/A,N/A
2026-04-01 06:00:00,Lab_206_PC057,In Use,AnonUser_0138,105
2026-04-01 06:00:00,Lab_206_PC058,Offline,N/A,N/A
2026-04-01 06:00:00,Lab_206_PC059,Offline,N/A,N/A
2026-04-01 06:00:00,Lab_206_PC060,Offline,N/A,N/A
2026-04-01 06:00:00,Lab_210_PC061,Offline,N/A,N/A
2026-04-01 06:00:00,Lab_210_PC062,Offline,N/A,N/A
2026-04-01 06:00:00,Lab_210_PC063,Offline,N/A,N/A
2026-04-01 06:00:00,Lab_210_PC064,In Use,AnonUser_0159,135
2026-04-01 06:00:00,Lab_210_PC065,In Use,AnonUser_0099,15
2026-04-01 06:00:00,Lab_210_PC066,In Use,AnonUser_0056,30
2026-04-01 06:00:00,Lab_210_PC067,Offline,N/A,N/A
2026-04-01 06:00:00,Lab_210_PC068,Offline,N/A,N/A
2026-04-01 06:00:00,Lab_210_PC069,Offline,N/A,N/A
2026-04-01 06:00:00,Lab_210_PC070,Offline,N/A,N/A
2026-04-01 06:00:00,Lab_210_PC071,Idle,AnonUser_0112,75
2026-04-01 06:00:00,Lab_210_PC072,Offline,N/A,N/A
2026-04-01 06:00:00,Lab_210_PC073,Offline,N/A,N/A
2026-04-01 06:00:00,Lab_210_PC074,In Use,AnonUser_0079,180
2026-04-01 06:00:00,Lab_210_PC075,In Use,AnonUser_0006,60
2026-04-01 06:00:00,Lab_210_PC076,Offline,N/A,N/A
2026-04-01 06:00:00,Lab_210_PC077,Offline,N/A,N/A
2026-04-01 06:00:00,Lab_210_PC078,In Use,AnonUser_0168,195
2026-04-01 06:00:00,Lab_210_PC079,Offline,N/A,N/A
2026-04-01 06:00:00,Lab_210_PC080,Offline,N/A,N/A
2026-04-01 06:00:00,Lab_210_PC081,Offline,N/A,N/A
2026-04-01 06:00:00,Lab_219_PC082,Offline,N/A,N/A
2026-04-01 06:00:00,Lab_219_PC083,Offline,N/A,N/A
2026-04-01 06:00:00,Lab_219_PC084,Offline,N/A,N/A
2026-04-01 06:00:00,Lab_219_PC085,Offline,N/A,N/A
2026-04-01 06:00:00,Lab_219_PC086,Offline,N/A,N/A
2026-04-01 06:00:00,Lab_219_PC087,Offline,N/A,N/A
2026-04-01 06:00:00,Lab_219_PC088,Offline,N/A,N/A
2026-04-01 06:00:00,Lab_219_PC089,Offline,N/A,N/A
2026-04-01 06:00:00,Lab_219_PC090,In Use,AnonUser_0024,120
2026-04-01 06:00:00,Lab_219_PC091,Offline,N/A,N/A
2026-04-01 06:00:00,Lab_219_PC092,In Use,AnonUser_0061,0
2026-04-01 06:00:00,Lab_219_PC093,Offline,N/A,N/A
2026-04-01 06:00:00,Lab_219_PC094,Offline,N/A,N/A
2026-04-01 06:00:00,Lab_219_PC095,Offline,N/A,N/A
2026-04-01 06:00:00,Lab_219_PC096,Offline,N/A,N/A
2026-04-01 06:00:00,Lab_219_PC097,Offline,N/A,N/A
2026-04-01 06:00:00,Lab_219_PC098,Offline,N/A,N/A
2026-04-01 06:00:00,Lab_219_PC099,Offline,N/A,N/A
2026-04-01 06:00:00,Lab_219_PC100,Offline,N/A,N/A
2026-04-01 06:00:00,Lab_219_PC101,Offline,N/A,N/A
2026-04-01 06:00:00,Lab_219_PC102,Offline,N/A,N/A
2026-04-01 06:00:00,Lab_219_PC103,In Use,AnonUser_0178,30
2026-04-01 06:00:00,Lab_219_PC104,In Use,AnonUser_0095,105
2026-04-01 06:00:00,Lab_219_PC105,Offline,N/A,N/A
2026-04-01 06:00:00,Lab_219_PC106,Offline,N/A,N/A
2026-04-01 06:00:00,Lab_219_PC107,Offline,N/A,N/A
2026-04-01 06:00:00,Lab_219_PC108,Offline,N/A,N/A
2026-04-01 06:00:00,Lab_219_PC109,Offline,N/A,N/A
2026-04-01 06:00:00,Lab_219_PC110,Offline,N/A,N/A
2026-04-01 06:00:00,Lab_219_PC111,Offline,N/A,N/A
2026-04-01 06:00:00,Lab_219_PC112,Offline,N/A,N/A
2026-04-01 06:00:00,Lab_219_PC113,Offline,N/A,N/A
2026-04-01 06:00:00,Lab_219_PC114,Offline,N/A,N/A
2026-04-01 06:00:00,Lab_219_PC115,Offline,N/A,N/A
2026-04-01 06:00:00,Lab_219_PC116,Offline,N/A,N/A
2026-04-01 06:00:00,Lab_219_PC117,Offline,N/A,N/A
2026-04-01 06:00:00,Lab_219_PC118,Offline,N/A,N/A
2026-04-01 06:00:00,Lab_219_PC119,Offline,N/A,N/A
2026-04-01 06:00:00,Lab_219_PC120,Idle,AnonUser_0175,225
2026-04-01 06:00:00,Lab_219_PC121,Offline,N/A,N/A
2026-04-01 06:00:00,Lab_219_PC122,Offline,N/A,N/A
2026-04-01 06:00:00,Lab_219_PC123,Offline,N/A,N/A
2026-04-01 06:00:00,Lab_219_PC124,Offline,N/A,N/A
2026-04-01 06:00:00,Lab_219_PC125,In Use,AnonUser_0073,45
2026-04-01 06:00:00,Lab_219_PC126,Offline,N/A,N/A
2026-04-01 06:00:00,Lab_219_PC127,Offline,N/A,N/A
2026-04-01 06:00:00,Lab_219_PC128,In Use,AnonUser_0020,45
2026-04-01 06:00:00,Lab_219_PC129,Offline,N/A,N/A
2026-04-01 06:00:00,Lab_219_PC130,Offline,N/A,N/A
2026-04-01 06:00:00,Lab_219_PC131,Offline,N/A,N/A
2026-04-01 06:00:00,Lab_219_PC132,Offline,N/A,N/A
2026-04-01 06:00:00,Lab_219_PC133,Offline,N/A,N/A
2026-04-01 06:00:00,Lab_219_PC134,In Use,AnonUser_0117,75
2026-04-01 06:00:00,Lab_219_PC135,Idle,AnonUser_0060,210
2026-04-01 06:00:00,Lab_219_PC136,Offline,N/A,N/A
2026-04-01 06:00:00,Lab_219_PC137,Offline,N/A,N/A
2026-04-01 06:00:00,Lab_219_PC138,Offline,N/A,N/A
2026-04-01 06:00:00,Lab_219_PC139,Offline,N/A,N/A
2026-04-01 06:00:00,Lab_219_PC140,Offline,N/A,N/A
2026-04-01 06:00:00,Lab_219_PC141,Offline,N/A,N/A
2026-04-01 06:00:00,Lab_219_PC142,Offline,N/A,N/A
2026-04-01 06:00:00,Lab_219_PC143,Offline,N/A,N/A
2026-04-01 06:00:00,Lab_219_PC144,Offline,N/A,N/A
2026-04-01 06:00:00,Lab_219_PC145,In Use,AnonUser_0046,150
2026-04-01 06:00:00,Lab_219_PC146,Offline,N/A,N/A
2026-04-01 06:00:00,Lab_219_PC147,In Use,AnonUser_0082,15
2026-04-01 06:00:00,Lab_219_PC148,In Use,AnonUser_0003,90
2026-04-01 06:00:00,Lab_219_PC149,Offline,N/A,N/A
2026-04-01 06:00:00,Lab_219_PC150,Offline,N/A,N/A
2026-04-01 06:00:00,Lab_219_PC151,Offline,N/A,N/A
2026-04-01 06:00:00,Lab_219_PC152,In Use,AnonUser_0093,45
2026-04-01 06:00:00,Lab_219_PC153,Offline,N/A,N/A
2026-04-01 06:00:00,Lab_219_PC154,Offline,N/A,N/A
2026-04-01 06:00:00,Lab_219_PC155,Offline,N/A,N/A
2026-04-01 06:00:00,Lab_219_PC156,Offline,N/A,N/A
2026-04-01 06:00:00,Lab_219_PC157,Offline,N/A,N/A
2026-04-01 06:00:00,Lab_219_PC158,Offline,N/A,N/A
2026-04-01 06:00:00,Lab_219_PC159,Idle,AnonUser_0146,60
2026-04-01 06:00:00,Lab_219_PC160,Offline,N/A,N/A
2026-04-01 06:00:00,Lab_219_PC161,Offline,N/A,N/A
2026-04-01 06:00:00,Lab_219_PC162,Idle,AnonUser_0092,0
2026-04-01 06:00:00,Lab_219_PC163,Offline,N/A,N/A
2026-04-01 06:00:00,Lab_219_PC164,Offline,N/A,N/A
2026-04-01 06:00:00,Lab_219_PC165,Offline,N/A,N/A
2026-04-01 06:00:00,Lab_219_PC166,Offline,N/A,N/A
2026-04-01 06:00:00,Lab_219_PC167,Offline,N/A,N/A
2026-04-01 06:00:00,Lab_219_PC168,Offline,N/A,N/A
2026-04-01 06:00:00,Lab_219_PC169,Offline,N/A,N/A
2026-04-01 06:00:00,Lab_219_PC170,Offline,N/A,N/A
2026-04-01 06:00:00,Lab_219_PC171,Offline,N/A,N/A
2026-04-01 06:00:00,Lab_219_PC172,Idle,AnonUser_0010,180
2026-04-01 06:00:00,Lab_219_PC173,In Use,AnonUser_0091,150
2026-04-01 06:00:00,Lab_219_PC174,Offline,N/A,N/A
2026-04-01 06:00:00,Lab_219_PC175,In Use,AnonUser_0009,15
2026-04-01 06:00:00,Lab_219_PC176,In Use,AnonUser_0034,210
2026-04-01 06:00:00,Lab_219_PC177,Offline,N/A,N/A
2026-04-01 06:00:00,Lab_219_PC178,Idle,AnonUser_0033,15
2026-04-01 06:00:00,Lab_219_PC179,Offline,N/A,N/A
2026-04-01 06:15:00,Lab_202_PC001,Offline,N/A,N/A
2026-04-01 06:15:00,Lab_202_PC002,Offline,N/A,N/A
2026-04-01 06:15:00,Lab_202_PC003,Offline,N/A,N/A
2026-04-01 06:15:00,Lab_202_PC004,Offline,N/A,N/A
2026-04-01 06:15:00,Lab_202_PC005,In Use,AnonUser_0128,15
2026-04-01 06:15:00,Lab_202_PC006,In Use,AnonUser_0080,0
2026-04-01 06:15:00,Lab_202_PC007,Offline,N/A,N/A
2026-04-01 06:15:00,Lab_202_PC008,Offline,N/A,N/A
2026-04-01 06:15:00,Lab_202_PC009,Idle,AnonUser_0100,60
2026-04-01 06:15:00,Lab_202_PC010,Offline,N/A,N/A
2026-04-01 06:15:00,Lab_202_PC011,Offline,N/A,N/A
2026-04-01 06:15:00,Lab_202_PC012,In Use,AnonUser_0062,15
2026-04-01 06:15:00,Lab_202_PC013,Offline,N/A,N/A
2026-04-01 06:15:00,Lab_202_PC014,Offline,N/A,N/A
2026-04-01 06:15:00,Lab_202_PC015,Offline,N/A,N/A
2026-04-01 06:15:00,Lab_202_PC016,Offline,N/A,N/A
2026-04-01 06:15:00,Lab_202_PC017,Offline,N/A,N/A
2026-04-01 06:15:00,Lab_202_PC018,Offline,N/A,N/A
2026-04-01 06:15:00,Lab_202_PC019,Offline,N/A,N/A
2026-04-01 06:15:00,Lab_202_PC020,Offline,N/A,N/A
2026-04-01 06:15:00,Lab_202_PC021,In Use,AnonUser_0011,90
2026-04-01 06:15:00,Lab_202_PC022,Offline,N/A,N/A
2026-04-01 06:15:00,Lab_202_PC023,Offline,N/A,N/A
2026-04-01 06:15:00,Lab_202_PC024,In Use,AnonUser_0005,60
2026-04-01 06:15:00,Lab_202_PC025,Offline,N/A,N/A
2026-04-01 06:15:00,Lab_202_PC026,Offline,N/A,N/A
2026-04-01 06:15:00,Lab_202_PC027,Offline,N/A,N/A
2026-04-01 06:15:00,Lab_202_PC028,In Use,AnonUser_0076,90
2026-04-01 06:15:00,Lab_202_PC029,Offline,N/A,N/A
2026-04-01 06:15:00,Lab_202_PC030,Offline,N/A,N/A
2026-04-01 06:15:00,Lab_206_PC031,Offline,N/A,N/A
2026-04-01 06:15:00,Lab_206_PC032,Offline,N/A,N/A
2026-04-01 06:15:00,Lab_206_PC033,Offline,N/A,N/A
2026-04-01 06:15:00,Lab_206_PC034,In Use,AnonUser_0148,120
2026-04-01 06:15:00,Lab_206_PC035,Offline,N/A,N/A
2026-04-01 06:15:00,Lab_206_PC036,In Use,AnonUser_0039,45
2026-04-01 06:15:00,Lab_206_PC037,Offline,N/A,N/A
2026-04-01 06:15:00,Lab_206_PC038,Offline,N/A,N/A
2026-04-01 06:15:00,Lab_206_PC039,Offline,N/A,N/A
2026-04-01 06:15:00,Lab_206_PC040,Offline,N/A,N/A
2026-04-01 06:15:00,Lab_206_PC041,Offline,N/A,N/A
2026-04-01 06:15:00,Lab_206_PC042,In Use,AnonUser_0177,0
2026-04-01 06:15:00,Lab_206_PC043,Offline,N/A,N/A
2026-04-01 06:15:00,Lab_206_PC044,Offline,N/A,N/A
2026-04-01 06:15:00,Lab_206_PC045,In Use,AnonUser_0004,0
2026-04-01 06:15:00,Lab_206_PC046,Offline,N/A,N/A
2026-04-01 06:15:00,Lab_206_PC047,Offline,N/A,N/A
2026-04-01 06:15:00,Lab_206_PC048,Offline,N/A,N/A
2026-04-01 06:15:00,Lab_206_PC049,In Use,AnonUser_0084,15
2026-04-01 06:15:00,Lab_206_PC050,In Use,AnonUser_0176,90
2026-04-01 06:15:00,Lab_206_PC051,Offline,N/A,N/A
2026-04-01 06:15:00,Lab_206_PC052,Offline,N/A,N/A
2026-04-01 06:15:00,Lab_206_PC053,Offline,N/A,N/A
2026-04-01 06:15:00,Lab_206_PC054,Offline,N/A,N/A
2026-04-01 06:15:00,Lab_206_PC055,In Use,AnonUser_0058,30
2026-04-01 06:15:00,Lab_206_PC056,Offline,N/A,N/A
2026-04-01 06:15:00,Lab_206_PC057,In Use,AnonUser_0138,90
2026-04-01 06:15:00,Lab_206_PC058,Offline,N/A,N/A
2026-04-01 06:15:00,Lab_206_PC059,Offline,N/A,N/A
2026-04-01 06:15:00,Lab_206_PC060,Offline,N/A,N/A
2026-04-01 06:15:00,Lab_210_PC061,Offline,N/A,N/A
2026-04-01 06:15:00,Lab_210_PC062,Offline,N/A,N/A
2026-04-01 06:15:00,Lab_210_PC063,Offline,N/A,N/A
2026-04-01 06:15:00,Lab_210_PC064,In Use,AnonUser_0159,120
2026-04-01 06:15:00,Lab_210_PC065,In Use,AnonUser_0099,0
2026-04-01 06:15:00,Lab_210_PC066,Idle,AnonUser_0056,15
2026-04-01 06:15:00,Lab_210_PC067,Offline,N/A,N/A
2026-04-01 06:15:00,Lab_210_PC068,Offline,N/A,N/A
2026-04-01 06:15:00,Lab_210_PC069,Offline,N/A,N/A
2026-04-01 06:15:00,Lab_210_PC070,Offline,N/A,N/A
2026-04-01 06:15:00,Lab_210_PC071,In Use,AnonUser_0112,60
2026-04-01 06:15:00,Lab_210_PC072,Offline,N/A,N/A
2026-04-01 06:15:00,Lab_210_PC073,Offline,N/A,N/A
2026-04-01 06:15:00,Lab_210_PC074,Idle,AnonUser_0079,165
2026-04-01 06:15:00,Lab_210_PC075,In Use,AnonUser_0006,45
2026-04-01 06:15:00,Lab_210_PC076,Offline,N/A,N/A
2026-04-01 06:15:00,Lab_210_PC077,Offline,N/A,N/A
2026-04-01 06:15:00,Lab_210_PC078,Idle,AnonUser_0168,180
2026-04-01 06:15:00,Lab_210_PC079,Offline,N/A,N/A
2026-04-01 06:15:00,Lab_210_PC080,Offline,N/A,N/A
2026-04-01 06:15:00,Lab_210_PC081,Offline,N/A,N/A
2026-04-01 06:15:00,Lab_219_PC082,Offline,N/A,N/A
2026-04-01 06:15:00,Lab_219_PC083,Offline,N/A,N/A
2026-04-01 06:15:00,Lab_219_PC084,Offline,N/A,N/A
2026-04-01 06:15:00,Lab_219_PC085,Offline,N/A,N/A
2026-04-01 06:15:00,Lab_219_PC086,Offline,N/A,N/A
2026-04-01 06:15:00,Lab_219_PC087,Offline,N/A,N/A
2026-04-01 06:15:00,Lab_219_PC088,Offline,N/A,N/A
2026-04-01 06:15:00,Lab_219_PC089,Offline,N/A,N/A
2026-04-01 06:15:00,Lab_219_PC090,In Use,AnonUser_0024,105
2026-04-01 06:15:00,Lab_219_PC091,Offline,N/A,N/A
2026-04-01 06:15:00,Lab_219_PC092,Idle,AnonUser_0121,195
2026-04-01 06:15:00,Lab_219_PC093,Offline,N/A,N/A
2026-04-01 06:15:00,Lab_219_PC094,Offline,N/A,N/A
2026-04-01 06:15:00,Lab_219_PC095,Offline,N/A,N/A
2026-04-01 06:15:00,Lab_219_PC096,Offline,N/A,N/A
2026-04-01 06:15:00,Lab_219_PC097,Offline,N/A,N/A
2026-04-01 06:15:00,Lab_219_PC098,Offline,N/A,N/A
2026-04-01 06:15:00,Lab_219_PC099,Offline,N/A,N/A
2026-04-01 06:15:00,Lab_219_PC100,Offline,N/A,N/A
2026-04-01 06:15:00,Lab_219_PC101,Offline,N/A,N/A
2026-04-01 06:15:00,Lab_219_PC102,Offline,N/A,N/A
2026-04-01 06:15:00,Lab_219_PC103,In Use,AnonUser_0178,15
2026-04-01 06:15:00,Lab_219_PC104,In Use,AnonUser_0095,90
2026-04-01 06:15:00,Lab_219_PC105,Idle,AnonUser_0047,150
2026-04-01 06:15:00,Lab_219_PC106,Offline,N/A,N/A
2026-04-01 06:15:00,Lab_219_PC107,Offline,N/A,N/A
2026-04-01 06:15:00,Lab_219_PC108,Offline,N/A,N/A
2026-04-01 06:15:00,Lab_219_PC109,Offline,N/A,N/A
2026-04-01 06:15:00,Lab_219_PC110,Offline,N/A,N/A
2026-04-01 06:15:00,Lab_219_PC111,Offline,N/A,N/A
2026-04-01 06:15:00,Lab_219_PC112,Offline,N/A,N/A
2026-04-01 06:15:00,Lab_219_PC113,Offline,N/A,N/A
2026-04-01 06:15:00,Lab_219_PC114,Offline,N/A,N/A
2026-04-01 06:15:00,Lab_219_PC115,Offline,N/A,N/A
2026-04-01 06:15:00,Lab_219_PC116,Offline,N/A,N/A
2026-04-01 06:15:00,Lab_219_PC117,Offline,N/A,N/A
2026-04-01 06:15:00,Lab_219_PC118,Offline,N/A,N/A
2026-04-01 06:15:00,Lab_219_PC119,Offline,N/A,N/A
2026-04-01 06:15:00,Lab_219_PC120,In Use,AnonUser_0175,210
2026-04-01 06:15:00,Lab_219_PC121,Offline,N/A,N/A
2026-04-01 06:15:00,Lab_219_PC122,Offline,N/A,N/A
2026-04-01 06:15:00,Lab_219_PC123,Offline,N/A,N/A
2026-04-01 06:15:00,Lab_219_PC124,Offline,N/A,N/A
2026-04-01 06:15:00,Lab_219_PC125,In Use,AnonUser_0073,30
2026-04-01 06:15:00,Lab_219_PC126,Offline,N/A,N/A
2026-04-01 06:15:00,Lab_219_PC127,Offline,N/A,N/A
2026-04-01 06:15:00,Lab_219_PC128,In Use,AnonUser_0020,30
2026-04-01 06:15:00,Lab_219_PC129,Offline,N/A,N/A
2026-04-01 06:15:00,Lab_219_PC130,Offline,N/A,N/A
2026-04-01 06:15:00,Lab_219_PC131,Offline,N/A,N/A
2026-04-01 06:15:00,Lab_219_PC132,Offline,N/A,N/A
2026-04-01 06:15:00,Lab_219_PC133,Offline,N/A,N/A
2026-04-01 06:15:00,Lab_219_PC134,In Use,AnonUser_0117,60
2026-04-01 06:15:00,Lab_219_PC135,In Use,AnonUser_0060,195
2026-04-01 06:15:00,Lab_219_PC136,Offline,N/A,N/A
2026-04-01 06:15:00,Lab_219_PC137,Offline,N/A,N/A
2026-04-01 06:15:00,Lab_219_PC138,Offline,N/A,N/A
2026-04-01 06:15:00,Lab_219_PC139,Offline,N/A,N/A
2026-04-01 06:15:00,Lab_219_PC140,Offline,N/A,N/A
2026-04-01 06:15:00,Lab_219_PC141,Offline,N/A,N/A
2026-04-01 06:15:00,Lab_219_PC142,Offline,N/A,N/A
2026-04-01 06:15:00,Lab_219_PC143,Offline,N/A,N/A
2026-04-01 06:15:00,Lab_219_PC144,Offline,N/A,N/A
2026-04-01 06:15:00,Lab_219_PC145,In Use,AnonUser_0046,135
2026-04-01 06:15:00,Lab_219_PC146,Offline,N/A,N/A
2026-04-01 06:15:00,Lab_219_PC147,Idle,AnonUser_0082,0
2026-04-01 06:15:00,Lab_219_PC148,In Use,AnonUser_0003,75
2026-04-01 06:15:00,Lab_219_PC149,Offline,N/A,N/A
2026-04-01 06:15:00,Lab_219_PC150,Offline,N/A,N/A
2026-04-01 06:15:00,Lab_219_PC151,Offline,N/A,N/A
2026-04-01 06:15:00,Lab_219_PC152,In Use,AnonUser_0093,30
2026-04-01 06:15:00,Lab_219_PC153,Offline,N/A,N/A
2026-04-01 06:15:00,Lab_219_PC154,Offline,N/A,N/A
2026-04-01 06:15:00,Lab_219_PC155,Idle,AnonUser_0164,135
2026-04-01 06:15:00,Lab_219_PC156,Offline,N/A,N/A
2026-04-01 06:15:00,Lab_219_PC157,Offline,N/A,N/A
2026-04-01 06:15:00,Lab_219_PC158,Offline,N/A,N/A
2026-04-01 06:15:00,Lab_219_PC159,In Use,AnonUser_0146,45
2026-04-01 06:15:00,Lab_219_PC160,Idle,AnonUser_0143,225
2026-04-01 06:15:00,Lab_219_PC161,Offline,N/A,N/A
2026-04-01 06:15:00,Lab_219_PC162,Offline,N/A,N/A
2026-04-01 06:15:00,Lab_219_PC163,Offline,N/A,N/A
2026-04-01 06:15:00,Lab_219_PC164,Offline,N/A,N/A
2026-04-01 06:15:00,Lab_219_PC165,Offline,N/A,N/A
2026-04-01 06:15:00,Lab_219_PC166,Offline,N/A,N/A
2026-04-01 06:15:00,Lab_219_PC167,Offline,N/A,N/A
2026-04-01 06:15:00,Lab_219_PC168,Offline,N/A,N/A
2026-04-01 06:15:00,Lab_219_PC169,Offline,N/A,N/A
2026-04-01 06:15:00,Lab_219_PC170,Offline,N/A,N/A
2026-04-01 06:15:00,Lab_219_PC171,Offline,N/A,N/A
2026-04-01 06:15:00,Lab_219_PC172,In Use,AnonUser_0010,165
2026-04-01 06:15:00,Lab_219_PC173,Idle,AnonUser_0091,135
2026-04-01 06:15:00,Lab_219_PC174,Offline,N/A,N/A
2026-04-01 06:15:00,Lab_219_PC175,In Use,AnonUser_0009,0
2026-04-01 06:15:00,Lab_219_PC176,In Use,AnonUser_0034,195
2026-04-01 06:15:00,Lab_219_PC177,Offline,N/A,N/A
2026-04-01 06:15:00,Lab_219_PC178,In Use,AnonUser_0033,0
2026-04-01 06:15:00,Lab_219_PC179,Offline,N/A,N/A
2026-04-01 06:30:00,Lab_202_PC001,Offline,N/A,N/A
2026-04-01 06:30:00,Lab_202_PC002,Offline,N/A,N/A
2026-04-01 06:30:00,Lab_202_PC003,Offline,N/A,N/A
2026-04-01 06:30:00,Lab_202_PC004,Offline,N/A,N/A
2026-04-01 06:30:00,Lab_202_PC005,In Use,AnonUser_0128,0
2026-04-01 06:30:00,Lab_202_PC006,Offline,N/A,N/A
2026-04-01 06:30:00,Lab_202_PC007,Offline,N/A,N/A
2026-04-01 06:30:00,Lab_202_PC008,Offline,N/A,N/A
2026-04-01 06:30:00,Lab_202_PC009,In Use,AnonUser_0100,45
2026-04-01 06:30:00,Lab_202_PC010,Offline,N/A,N/A
2026-04-01 06:30:00,Lab_202_PC011,Offline,N/A,N/A
2026-04-01 06:30:00,Lab_202_PC012,Idle,AnonUser_0062,0
2026-04-01 06:30:00,Lab_202_PC013,Offline,N/A,N/A
2026-04-01 06:30:00,Lab_202_PC014,Offline,N/A,N/A
2026-04-01 06:30:00,Lab_202_PC015,Offline,N/A,N/A
2026-04-01 06:30:00,Lab_202_PC016,Offline,N/A,N/A
2026-04-01 06:30:00,Lab_202_PC017,Offline,N/A,N/A
2026-04-01 06:30:00,Lab_202_PC018,Offline,N/A,N/A
2026-04-01 06:30:00,Lab_202_PC019,Offline,N/A,N/A
2026-04-01 06:30:00,Lab_202_PC020,In Use,AnonUser_0123,120
2026-04-01 06:30:00,Lab_202_PC021,In Use,AnonUser_0011,75
2026-04-01 06:30:00,Lab_202_PC022,Offline,N/A,N/A
2026-04-01 06:30:00,Lab_202_PC023,Offline,N/A,N/A
2026-04-01 06:30:00,Lab_202_PC024,In Use,AnonUser_0005,45
2026-04-01 06:30:00,Lab_202_PC025,Offline,N/A,N/A
2026-04-01 06:30:00,Lab_202_PC026,Offline,N/A,N/A
2026-04-01 06:30:00,Lab_202_PC027,Idle,AnonUser_0133,15
2026-04-01 06:30:00,Lab_202_PC028,In Use,AnonUser_0076,75
2026-04-01 06:30:00,Lab_202_PC029,Offline,N/A,N/A
2026-04-01 06:30:00,Lab_202_PC030,Offline,N/A,N/A
2026-04-01 06:30:00,Lab_206_PC031,Offline,N/A,N/A
2026-04-01 06:30:00,Lab_206_PC032,Offline,N/A,N/A
2026-04-01 06:30:00,Lab_206_PC033,Offline,N/A,N/A
2026-04-01 06:30:00,Lab_206_PC034,In Use,AnonUser_0148,105
2026-04-01 06:30:00,Lab_206_PC035,Offline,N/A,N/A
2026-04-01 06:30:00,Lab_206_PC036,In Use,AnonUser_0039,30
2026-04-01 06:30:00,Lab_206_PC037,Offline,N/A,N/A
2026-04-01 06:30:00,Lab_206_PC038,Offline,N/A,N/A
2026-04-01 06:30:00,Lab_206_PC039,Offline,N/A,N/A
2026-04-01 06:30:00,Lab_206_PC040,Offline,N/A,N/A
2026-04-01 06:30:00,Lab_206_PC041,Offline,N/A,N/A
2026-04-01 06:30:00,Lab_206_PC042,Offline,N/A,N/A
2026-04-01 06:30:00,Lab_206_PC043,Offline,N/A,N/A
2026-04-01 06:30:00,Lab_206_PC044,Offline,N/A,N/A
2026-04-01 06:30:00,Lab_206_PC045,Offline,N/A,N/A
2026-04-01 06:30:00,Lab_206_PC046,Offline,N/A,N/A
2026-04-01 06:30:00,Lab_206_PC047,Offline,N/A,N/A
2026-04-01 06:30:00,Lab_206_PC048,Offline,N/A,N/A
2026-04-01 06:30:00,Lab_206_PC049,In Use,AnonUser_0084,0
2026-04-01 06:30:00,Lab_206_PC050,Idle,AnonUser_0176,75
2026-04-01 06:30:00,Lab_206_PC051,Idle,AnonUser_0069,165
2026-04-01 06:30:00,Lab_206_PC052,Offline,N/A,N/A
2026-04-01 06:30:00,Lab_206_PC053,Offline,N/A,N/A
2026-04-01 06:30:00,Lab_206_PC054,Offline,N/A,N/A
2026-04-01 06:30:00,Lab_206_PC055,Idle,AnonUser_0058,15
2026-04-01 06:30:00,Lab_206_PC056,Offline,N/A,N/A
2026-04-01 06:30:00,Lab_206_PC057,Idle,AnonUser_0138,75
2026-04-01 06:30:00,Lab_206_PC058,Offline,N/A,N/A
2026-04-01 06:30:00,Lab_206_PC059,Offline,N/A,N/A
2026-04-01 06:30:00,Lab_206_PC060,Offline,N/A,N/A
2026-04-01 06:30:00,Lab_210_PC061,Offline,N/A,N/A
2026-04-01 06:30:00,Lab_210_PC062,Offline,N/A,N/A
2026-04-01 06:30:00,Lab_210_PC063,Offline,N/A,N/A
2026-04-01 06:30:00,Lab_210_PC064,In Use,AnonUser_0159,105
2026-04-01 06:30:00,Lab_210_PC065,Offline,N/A,N/A
2026-04-01 06:30:00,Lab_210_PC066,Idle,AnonUser_0056,0
2026-04-01 06:30:00,Lab_210_PC067,Offline,N/A,N/A
2026-04-01 06:30:00,Lab_210_PC068,Offline,N/A,N/A
2026-04-01 06:30:00,Lab_210_PC069,Offline,N/A,N/A
2026-04-01 06:30:00,Lab_210_PC070,Offline,N/A,N/A
2026-04-01 06:30:00,Lab_210_PC071,In Use,AnonUser_0112,45
2026-04-01 06:30:00,Lab_210_PC072,Offline,N/A,N/A
2026-04-01 06:30:00,Lab_210_PC073,Offline,N/A,N/A
2026-04-01 06:30:00,Lab_210_PC074,In Use,AnonUser_0079,150
2026-04-01 06:30:00,Lab_210_PC075,Idle,AnonUser_0006,30
2026-04-01 06:30:00,Lab_210_PC076,Offline,N/A,N/A
2026-04-01 06:30:00,Lab_210_PC077,Offline,N/A,N/A
2026-04-01 06:30:00,Lab_210_PC078,Idle,AnonUser_0168,165
2026-04-01 06:30:00,Lab_210_PC079,Offline,N/A,N/A
2026-04-01 06:30:00,Lab_210_PC080,Offline,N/A,N/A
2026-04-01 06:30:00,Lab_210_PC081,Offline,N/A,N/A
2026-04-01 06:30:00,Lab_219_PC082,Offline,N/A,N/A
2026-04-01 06:30:00,Lab_219_PC083,Offline,N/A,N/A
2026-04-01 06:30:00,Lab_219_PC084,Idle,AnonUser_0101,15
2026-04-01 06:30:00,Lab_219_PC085,Offline,N/A,N/A
2026-04-01 06:30:00,Lab_219_PC086,Offline,N/A,N/A
2026-04-01 06:30:00,Lab_219_PC087,Offline,N/A,N/A
2026-04-01 06:30:00,Lab_219_PC088,Offline,N/A,N/A
2026-04-01 06:30:00,Lab_219_PC089,Offline,N/A,N/A
2026-04-01 06:30:00,Lab_219_PC090,In Use,AnonUser_0024,90
2026-04-01 06:30:00,Lab_219_PC091,Offline,N/A,N/A
2026-04-01 06:30:00,Lab_219_PC092,In Use,AnonUser_0121,180
2026-04-01 06:30:00,Lab_219_PC093,Offline,N/A,N/A
2026-04-01 06:30:00,Lab_219_PC094,Offline,N/A,N/A
2026-04-01 06:30:00,Lab_219_PC095,Offline,N/A,N/A
2026-04-01 06:30:00,Lab_219_PC096,Offline,N/A,N/A
2026-04-01 06:30:00,Lab_219_PC097,Idle,AnonUser_0028,210
2026-04-01 06:30:00,Lab_219_PC098,Offline,N/A,N/A
2026-04-01 06:30:00,Lab_219_PC099,Offline,N/A,N/A
2026-04-01 06:30:00,Lab_219_PC100,Offline,N/A,N/A
2026-04-01 06:30:00,Lab_219_PC101,In Use,AnonUser_0158,165
2026-04-01 06:30:00,Lab_219_PC102,Offline,N/A,N/A
2026-04-01 06:30:00,Lab_219_PC103,Idle,AnonUser_0178,0
2026-04-01 06:30:00,Lab_219_PC104,In Use,AnonUser_0095,75
2026-04-01 06:30:00,Lab_219_PC105,In Use,AnonUser_0047,135
2026-04-01 06:30:00,Lab_219_PC106,Offline,N/A,N/A
2026-04-01 06:30:00,Lab_219_PC107,Offline,N/A,N/A
2026-04-01 06:30:00,Lab_219_PC108,Offline,N/A,N/A
2026-04-01 06:30:00,Lab_219_PC109,Offline,N/A,N/A
2026-04-01 06:30:00,Lab_219_PC110,Offline,N/A,N/A
2026-04-01 06:30:00,Lab_219_PC111,Offline,N/A,N/A
2026-04-01 06:30:00,Lab_219_PC112,Offline,N/A,N/A
2026-04-01 06:30:00,Lab_219_PC113,Offline,N/A,N/A
2026-04-01 06:30:00,Lab_219_PC114,Offline,N/A,N/A
2026-04-01 06:30:00,Lab_219_PC115,Idle,AnonUser_0002,60
2026-04-01 06:30:00,Lab_219_PC116,Offline,N/A,N/A
2026-04-01 06:30:00,Lab_219_PC117,Offline,N/A,N/A
2026-04-01 06:30:00,Lab_219_PC118,Offline,N/A,N/A
2026-04-01 06:30:00,Lab_219_PC119,Offline,N/A,N/A
2026-04-01 06:30:00,Lab_219_PC120,In Use,AnonUser_0175,195
2026-04-01 06:30:00,Lab_219_PC121,Offline,N/A,N/A
2026-04-01 06:30:00,Lab_219_PC122,Offline,N/A,N/A
2026-04-01 06:30:00,Lab_219_PC123,Offline,N/A,N/A
2026-04-01 06:30:00,Lab_219_PC124,Idle,AnonUser_0125,90
2026-04-01 06:30:00,Lab_219_PC125,In Use,AnonUser_0073,15
2026-04-01 06:30:00,Lab_219_PC126,Offline,N/A,N/A
2026-04-01 06:30:00,Lab_219_PC127,Offline,N/A,N/A
2026-04-01 06:30:00,Lab_219_PC128,In Use,AnonUser_0020,15
2026-04-01 06:30:00,Lab_219_PC129,Offline,N/A,N/A
2026-04-01 06:30:00,Lab_219_PC130,Offline,N/A,N/A
2026-04-01 06:30:00,Lab_219_PC131,Offline,N/A,N/A
2026-04-01 06:30:00,Lab_219_PC132,Offline,N/A,N/A
2026-04-01 06:30:00,Lab_219_PC133,Offline,N/A,N/A
2026-04-01 06:30:00,Lab_219_PC134,In Use,AnonUser_0117,45
2026-04-01 06:30:00,Lab_219_PC135,In Use,AnonUser_0060,180
2026-04-01 06:30:00,Lab_219_PC136,Offline,N/A,N/A
2026-04-01 06:30:00,Lab_219_PC137,Offline,N/A,N/A
2026-04-01 06:30:00,Lab_219_PC138,Offline,N/A,N/A
2026-04-01 06:30:00,Lab_219_PC139,Offline,N/A,N/A
2026-04-01 06:30:00,Lab_219_PC140,Offline,N/A,N/A
2026-04-01 06:30:00,Lab_219_PC141,Offline,N/A,N/A
2026-04-01 06:30:00,Lab_219_PC142,Offline,N/A,N/A
2026-04-01 06:30:00,Lab_219_PC143,Offline,N/A,N/A
2026-04-01 06:30:00,Lab_219_PC144,Offline,N/A,N/A
2026-04-01 06:30:00,Lab_219_PC145,In Use,AnonUser_0046,120
2026-04-01 06:30:00,Lab_219_PC146,Offline,N/A,N/A
2026-04-01 06:30:00,Lab_219_PC147,Offline,N/A,N/A
2026-04-01 06:30:00,Lab_219_PC148,In Use,AnonUser_0003,60
2026-04-01 06:30:00,Lab_219_PC149,Offline,N/A,N/A
2026-04-01 06:30:00,Lab_219_PC150,Offline,N/A,N/A
2026-04-01 06:30:00,Lab_219_PC151,Offline,N/A,N/A
2026-04-01 06:30:00,Lab_219_PC152,In Use,AnonUser_0093,15
2026-04-01 06:30:00,Lab_219_PC153,Offline,N/A,N/A
2026-04-01 06:30:00,Lab_219_PC154,Offline,N/A,N/A
2026-04-01 06:30:00,Lab_219_PC155,In Use,AnonUser_0164,120
2026-04-01 06:30:00,Lab_219_PC156,Offline,N/A,N/A
2026-04-01 06:30:00,Lab_219_PC157,Offline,N/A,N/A
2026-04-01 06:30:00,Lab_219_PC158,Offline,N/A,N/A
2026-04-01 06:30:00,Lab_219_PC159,In Use,AnonUser_0146,30
2026-04-01 06:30:00,Lab_219_PC160,In Use,AnonUser_0143,210
2026-04-01 06:30:00,Lab_219_PC161,Offline,N/A,N/A
2026-04-01 06:30:00,Lab_219_PC162,Offline,N/A,N/A
2026-04-01 06:30:00,Lab_219_PC163,Offline,N/A,N/A
2026-04-01 06:30:00,Lab_219_PC164,Offline,N/A,N/A
2026-04-01 06:30:00,Lab_219_PC165,In Use,AnonUser_0107,210
2026-04-01 06:30:00,Lab_219_PC166,Offline,N/A,N/A
2026-04-01 06:30:00,Lab_219_PC167,Offline,N/A,N/A
2026-04-01 06:30:00,Lab_219_PC168,Offline,N/A,N/A
2026-04-01 06:30:00,Lab_219_PC169,Offline,N/A,N/A
2026-04-01 06:30:00,Lab_219_PC170,Offline,N/A,N/A
2026-04-01 06:30:00,Lab_219_PC171,Offline,N/A,N/A
2026-04-01 06:30:00,Lab_219_PC172,In Use,AnonUser_0010,150
2026-04-01 06:30:00,Lab_219_PC173,In Use,AnonUser_0091,120
2026-04-01 06:30:00,Lab_219_PC174,Offline,N/A,N/A
2026-04-01 06:30:00,Lab_219_PC175,Offline,N/A,N/A
2026-04-01 06:30:00,Lab_219_PC176,In Use,AnonUser_0034,180
2026-04-01 06:30:00,Lab_219_PC177,In Use,AnonUser_0139,75
2026-04-01 06:30:00,Lab_219_PC178,Idle,AnonUser_0037,90
2026-04-01 06:30:00,Lab_219_PC179,Offline,N/A,N/A
2026-04-01 06:45:00,Lab_202_PC001,Offline,N/A,N/A
2026-04-01 06:45:00,Lab_202_PC002,Offline,N/A,N/A
2026-04-01 06:45:00,Lab_202_PC003,Offline,N/A,N/A
2026-04-01 06:45:00,Lab_202_PC004,Offline,N/A,N/A
2026-04-01 06:45:00,Lab_202_PC005,Offline,N/A,N/A
2026-04-01 06:45:00,Lab_202_PC006,Offline,N/A,N/A
2026-04-01 06:45:00,Lab_202_PC007,Offline,N/A,N/A
2026-04-01 06:45:00,Lab_202_PC008,Offline,N/A,N/A
2026-04-01 06:45:00,Lab_202_PC009,Idle,AnonUser_0100,30
2026-04-01 06:45:00,Lab_202_PC010,Offline,N/A,N/A
2026-04-01 06:45:00,Lab_202_PC011,Offline,N/A,N/A
2026-04-01 06:45:00,Lab_202_PC012,Offline,N/A,N/A
2026-04-01 06:45:00,Lab_202_PC013,Offline,N/A,N/A
2026-04-01 06:45:00,Lab_202_PC014,Offline,N/A,N/A
2026-04-01 06:45:00,Lab_202_PC015,Offline,N/A,N/A
2026-04-01 06:45:00,Lab_202_PC016,Offline,N/A,N/A
2026-04-01 06:45:00,Lab_202_PC017,Offline,N/A,N/A
2026-04-01 06:45:00,Lab_202_PC018,Offline,N/A,N/A
2026-04-01 06:45:00,Lab_202_PC019,Offline,N/A,N/A
2026-04-01 06:45:00,Lab_202_PC020,In Use,AnonUser_0123,105
2026-04-01 06:45:00,Lab_202_PC021,In Use,AnonUser_0011,60
2026-04-01 06:45:00,Lab_202_PC022,Offline,N/A,N/A
2026-04-01 06:45:00,Lab_202_PC023,Offline,N/A,N/A
2026-04-01 06:45:00,Lab_202_PC024,In Use,AnonUser_0005,30
2026-04-01 06:45:00,Lab_202_PC025,Offline,N/A,N/A
2026-04-01 06:45:00,Lab_202_PC026,Offline,N/A,N/A
2026-04-01 06:45:00,Lab_202_PC027,In Use,AnonUser_0133,0
2026-04-01 06:45:00,Lab_202_PC028,In Use,AnonUser_0076,60
2026-04-01 06:45:00,Lab_202_PC029,Offline,N/A,N/A
2026-04-01 06:45:00,Lab_202_PC030,Offline,N/A,N/A
2026-04-01 06:45:00,Lab_206_PC031,Offline,N/A,N/A
2026-04-01 06:45:00,Lab_206_PC032,Offline,N/A,N/A
2026-04-01 06:45:00,Lab_206_PC033,Offline,N/A,N/A
2026-04-01 06:45:00,Lab_206_PC034,In Use,AnonUser_0148,90
2026-04-01 06:45:00,Lab_206_PC035,Offline,N/A,N/A
2026-04-01 06:45:00,Lab_206_PC036,Idle,AnonUser_0039,15
2026-04-01 06:45:00,Lab_206_PC037,Offline,N/A,N/A
2026-04-01 06:45:00,Lab_206_PC038,Offline,N/A,N/A
2026-04-01 06:45:00,Lab_206_PC039,Offline,N/A,N/A
2026-04-01 06:45:00,Lab_206_PC040,Offline,N/A,N/A
2026-04-01 06:45:00,Lab_206_PC041,Offline,N/A,N/A
2026-04-01 06:45:00,Lab_206_PC042,In Use,AnonUser_0105,90
2026-04-01 06:45:00,Lab_206_PC043,Offline,N/A,N/A
2026-04-01 06:45:00,Lab_206_PC044,Idle,AnonUser_0009,90
2026-04-01 06:45:00,Lab_206_PC045,Offline,N/A,N/A
2026-04-01 06:45:00,Lab_206_PC046,In Use,AnonUser_0162,30
2026-04-01 06:45:00,Lab_206_PC047,Offline,N/A,N/A
2026-04-01 06:45:00,Lab_206_PC048,Offline,N/A,N/A
2026-04-01 06:45:00,Lab_206_PC049,Offline,N/A,N/A
2026-04-01 06:45:00,Lab_206_PC050,In Use,AnonUser_0176,60
2026-04-01 06:45:00,Lab_206_PC051,In Use,AnonUser_0069,150
2026-04-01 06:45:00,Lab_206_PC052,Offline,N/A,N/A
2026-04-01 06:45:00,Lab_206_PC053,Offline,N/A,N/A
2026-04-01 06:45:00,Lab_206_PC054,Offline,N/A,N/A
2026-04-01 06:45:00,Lab_206_PC055,In Use,AnonUser_0058,0
2026-04-01 06:45:00,Lab_206_PC056,Offline,N/A,N/A
2026-04-01 06:45:00,Lab_206_PC057,In Use,AnonUser_0138,60
2026-04-01 06:45:00,Lab_206_PC058,Offline,N/A,N/A
2026-04-01 06:45:00,Lab_206_PC059,Offline,N/A,N/A
2026-04-01 06:45:00,Lab_206_PC060,Offline,N/A,N/A
2026-04-01 06:45:00,Lab_210_PC061,Offline,N/A,N/A
2026-04-01 06:45:00,Lab_210_PC062,Offline,N/A,N/A
2026-04-01 06:45:00,Lab_210_PC063,Offline,N/A,N/A
2026-04-01 06:45:00,Lab_210_PC064,In Use,AnonUser_0159,90
2026-04-01 06:45:00,Lab_210_PC065,Offline,N/A,N/A
2026-04-01 06:45:00,Lab_210_PC066,Offline,N/A,N/A
2026-04-01 06:45:00,Lab_210_PC067,Idle,AnonUser_0096,165
2026-04-01 06:45:00,Lab_210_PC068,Offline,N/A,N/A
2026-04-01 06:45:00,Lab_210_PC069,Offline,N/A,N/A
2026-04-01 06:45:00,Lab_210_PC070,Offline,N/A,N/A
2026-04-01 06:45:00,Lab_210_PC071,In Use,AnonUser_0112,30
2026-04-01 06:45:00,Lab_210_PC072,Offline,N/A,N/A
2026-04-01 06:45:00,Lab_210_PC073,Offline,N/A,N/A
2026-04-01 06:45:00,Lab_210_PC074,In Use,AnonUser_0079,135
2026-04-01 06:45:00,Lab_210_PC075,Idle,AnonUser_0006,15
2026-04-01 06:45:00,Lab_210_PC076,Offline,N/A,N/A
2026-04-01 06:45:00,Lab_210_PC077,Offline,N/A,N/A
2026-04-01 06:45:00,Lab_210_PC078,In Use,AnonUser_0168,150
2026-04-01 06:45:00,Lab_210_PC079,Offline,N/A,N/A
2026-04-01 06:45:00,Lab_210_PC080,In Use,AnonUser_0134,150
2026-04-01 06:45:00,Lab_210_PC081,Offline,N/A,N/A
2026-04-01 06:45:00,Lab_219_PC082,Offline,N/A,N/A
2026-04-01 06:45:00,Lab_219_PC083,Offline,N/A,N/A
2026-04-01 06:45:00,Lab_219_PC084,In Use,AnonUser_0101,0
2026-04-01 06:45:00,Lab_219_PC085,Offline,N/A,N/A
2026-04-01 06:45:00,Lab_219_PC086,Offline,N/A,N/A
2026-04-01 06:45:00,Lab_219_PC087,Offline,N/A,N/A
2026-04-01 06:45:00,Lab_219_PC088,Offline,N/A,N/A
2026-04-01 06:45:00,Lab_219_PC089,Offline,N/A,N/A
2026-04-01 06:45:00,Lab_219_PC090,In Use,AnonUser_0024,75
2026-04-01 06:45:00,Lab_219_PC091,Offline,N/A,N/A
2026-04-01 06:45:00,Lab_219_PC092,In Use,AnonUser_0121,165
2026-04-01 06:45:00,Lab_219_PC093,Offline,N/A,N/A
2026-04-01 06:45:00,Lab_219_PC094,Offline,N/A,N/A
2026-04-01 06:45:00,Lab_219_PC095,Offline,N/A,N/A
2026-04-01 06:45:00,Lab_219_PC096,Offline,N/A,N/A
2026-04-01 06:45:00,Lab_219_PC097,In Use,AnonUser_0028,195
2026-04-01 06:45:00,Lab_219_PC098,Offline,N/A,N/A
2026-04-01 06:45:00,Lab_219_PC099,Offline,N/A,N/A
2026-04-01 06:45:00,Lab_219_PC100,Offline,N/A,N/A
2026-04-01 06:45:00,Lab_219_PC101,In Use,AnonUser_0158,150
2026-04-01 06:45:00,Lab_219_PC102,Offline,N/A,N/A
2026-04-01 06:45:00,Lab_219_PC103,Offline,N/A,N/A
2026-04-01 06:45:00,Lab_219_PC104,In Use,AnonUser_0095,60
2026-04-01 06:45:00,Lab_219_PC105,In Use,AnonUser_0047,120
2026-04-01 06:45:00,Lab_219_PC106,Offline,N/A,N/A
2026-04-01 06:45:00,Lab_219_PC107,Offline,N/A,N/A
2026-04-01 06:45:00,Lab_219_PC108,Offline,N/A,N/A
2026-04-01 06:45:00,Lab_219_PC109,Offline,N/A,N/A
2026-04-01 06:45:00,Lab_219_PC110,Offline,N/A,N/A
2026-04-01 06:45:00,Lab_219_PC111,Offline,N/A,N/A
2026-04-01 06:45:00,Lab_219_PC112,Offline,N/A,N/A
2026-04-01 06:45:00,Lab_219_PC113,Offline,N/A,N/A
2026-04-01 06:45:00,Lab_219_PC114,Offline,N/A,N/A
2026-04-01 06:45:00,Lab_219_PC115,In Use,AnonUser_0002,45
2026-04-01 06:45:00,Lab_219_PC116,Offline,N/A,N/A
2026-04-01 06:45:00,Lab_219_PC117,Offline,N/A,N/A
2026-04-01 06:45:00,Lab_219_PC118,Offline,N/A,N/A
2026-04-01 06:45:00,Lab_219_PC119,Offline,N/A,N/A
2026-04-01 06:45:00,Lab_219_PC120,In Use,AnonUser_0175,180
2026-04-01 06:45:00,Lab_219_PC121,Offline,N/A,N/A
2026-04-01 06:45:00,Lab_219_PC122,Offline,N/A,N/A
2026-04-01 06:45:00,Lab_219_PC123,Offline,N/A,N/A
2026-04-01 06:45:00,Lab_219_PC124,In Use,AnonUser_0125,75
2026-04-01 06:45:00,Lab_219_PC125,In Use,AnonUser_0073,0
2026-04-01 06:45:00,Lab_219_PC126,Offline,N/A,N/A
2026-04-01 06:45:00,Lab_219_PC127,Offline,N/A,N/A
2026-04-01 06:45:00,Lab_219_PC128,In Use,AnonUser_0020,0
2026-04-01 06:45:00,Lab_219_PC129,In Use,AnonUser_0038,225
2026-04-01 06:45:00,Lab_219_PC130,Offline,N/A,N/A
2026-04-01 06:45:00,Lab_219_PC131,Offline,N/A,N/A
2026-04-01 06:45:00,Lab_219_PC132,Offline,N/A,N/A
2026-04-01 06:45:00,Lab_219_PC133,Offline,N/A,N/A
2026-04-01 06:45:00,Lab_219_PC134,In Use,AnonUser_0117,30
2026-04-01 06:45:00,Lab_219_PC135,In Use,AnonUser_0060,165
2026-04-01 06:45:00,Lab_219_PC136,Offline,N/A,N/A
2026-04-01 06:45:00,Lab_219_PC137,Offline,N/A,N/A
2026-04-01 06:45:00,Lab_219_PC138,Offline,N/A,N/A
2026-04-01 06:45:00,Lab_219_PC139,Offline,N/A,N/A
2026-04-01 06:45:00,Lab_219_PC140,Offline,N/A,N/A
2026-04-01 06:45:00,Lab_219_PC141,Offline,N/A,N/A
2026-04-01 06:45:00,Lab_219_PC142,Offline,N/A,N/A
2026-04-01 06:45:00,Lab_219_PC143,Offline,N/A,N/A
2026-04-01 06:45:00,Lab_219_PC144,Offline,N/A,N/A
2026-04-01 06:45:00,Lab_219_PC145,In Use,AnonUser_0046,105
2026-04-01 06:45:00,Lab_219_PC146,Offline,N/A,N/A
2026-04-01 06:45:00,Lab_219_PC147,Offline,N/A,N/A
2026-04-01 06:45:00,Lab_219_PC148,In Use,AnonUser_0003,45
2026-04-01 06:45:00,Lab_219_PC149,Offline,N/A,N/A
2026-04-01 06:45:00,Lab_219_PC150,Offline,N/A,N/A
2026-04-01 06:45:00,Lab_219_PC151,Offline,N/A,N/A
2026-04-01 06:45:00,Lab_219_PC152,In Use,AnonUser_0093,0
2026-04-01 06:45:00,Lab_219_PC153,Offline,N/A,N/A
2026-04-01 06:45:00,Lab_219_PC154,Offline,N/A,N/A
2026-04-01 06:45:00,Lab_219_PC155,In Use,AnonUser_0164,105
2026-04-01 06:45:00,Lab_219_PC156,Offline,N/A,N/A
2026-04-01 06:45:00,Lab_219_PC157,Offline,N/A,N/A
2026-04-01 06:45:00,Lab_219_PC158,In Use,AnonUser_0067,60
2026-04-01 06:45:00,Lab_219_PC159,In Use,AnonUser_0146,15
2026-04-01 06:45:00,Lab_219_PC160,In Use,AnonUser_0143,195
2026-04-01 06:45:00,Lab_219_PC161,Offline,N/A,N/A
2026-04-01 06:45:00,Lab_219_PC162,Offline,N/A,N/A
2026-04-01 06:45:00,Lab_219_PC163,Offline,N/A,N/A
2026-04-01 06:45:00,Lab_219_PC164,Offline,N/A,N/A
2026-04-01 06:45:00,Lab_219_PC165,In Use,AnonUser_0107,195
2026-04-01 06:45:00,Lab_219_PC166,Offline,N/A,N/A
2026-04-01 06:45:00,Lab_219_PC167,Offline,N/A,N/A
2026-04-01 06:45:00,Lab_219_PC168,Offline,N/A,N/A
2026-04-01 06:45:00,Lab_219_PC169,Idle,AnonUser_0045,105
2026-04-01 06:45:00,Lab_219_PC170,Offline,N/A,N/A
2026-04-01 06:45:00,Lab_219_PC171,Offline,N/A,N/A
2026-04-01 06:45:00,Lab_219_PC172,Idle,AnonUser_0010,135
2026-04-01 06:45:00,Lab_219_PC173,In Use,AnonUser_0091,105
2026-04-01 06:45:00,Lab_219_PC174,Offline,N/A,N/A
2026-04-01 06:45:00,Lab_219_PC175,Offline,N/A,N/A
2026-04-01 06:45:00,Lab_219_PC176,Idle,AnonUser_0034,165
2026-04-01 06:45:00,Lab_219_PC177,In Use,AnonUser_0139,60
2026-04-01 06:45:00,Lab_219_PC178,In Use,AnonUser_0037,75
2026-04-01 06:45:00,Lab_219_PC179,Offline,N/A,N/A
2026-04-01 07:00:00,Lab_202_PC001,Idle,AnonUser_0099,180
2026-04-01 07:00:00,Lab_202_PC002,Offline,N/A,N/A
2026-04-01 07:00:00,Lab_202_PC003,Idle,AnonUser_0151,195
2026-04-01 07:00:00,Lab_202_PC004,In Use,AnonUser_0036,90
2026-04-01 07:00:00,Lab_202_PC005,In Use,AnonUser_0156,180
2026-04-01 07:00:00,Lab_202_PC006,Offline,N/A,N/A
2026-04-01 07:00:00,Lab_202_PC007,Offline,N/A,N/A
2026-04-01 07:00:00,Lab_202_PC008,Offline,N/A,N/A
2026-04-01 07:00:00,Lab_202_PC009,In Use,AnonUser_0100,15
2026-04-01 07:00:00,Lab_202_PC010,Offline,N/A,N/A
2026-04-01 07:00:00,Lab_202_PC011,In Use,AnonUser_0154,210
2026-04-01 07:00:00,Lab_202_PC012,In Use,AnonUser_0157,225
2026-04-01 07:00:00,Lab_202_PC013,Offline,N/A,N/A
2026-04-01 07:00:00,Lab_202_PC014,Offline,N/A,N/A
2026-04-01 07:00:00,Lab_202_PC015,Idle,AnonUser_0116,195
2026-04-01 07:00:00,Lab_202_PC016,Offline,N/A,N/A
2026-04-01 07:00:00,Lab_202_PC017,In Use,AnonUser_0153,90
2026-04-01 07:00:00,Lab_202_PC018,Idle,AnonUser_0019,0
2026-04-01 07:00:00,Lab_202_PC019,Offline,N/A,N/A
2026-04-01 07:00:00,Lab_202_PC020,Idle,AnonUser_0123,90
2026-04-01 07:00:00,Lab_202_PC021,In Use,AnonUser_0011,45
2026-04-01 07:00:00,Lab_202_PC022,Offline,N/A,N/A
2026-04-01 07:00:00,Lab_202_PC023,Offline,N/A,N/A
2026-04-01 07:00:00,Lab_202_PC024,In Use,AnonUser_0005,15
2026-04-01 07:00:00,Lab_202_PC025,In Use,AnonUser_0135,150
2026-04-01 07:00:00,Lab_202_PC026,In Use,AnonUser_0113,165
2026-04-01 07:00:00,Lab_202_PC027,Offline,N/A,N/A
2026-04-01 07:00:00,Lab_202_PC028,In Use,AnonUser_0076,45
2026-04-01 07:00:00,Lab_202_PC029,Offline,N/A,N/A
2026-04-01 07:00:00,Lab_202_PC030,Offline,N/A,N/A
2026-04-01 07:00:00,Lab_206_PC031,Offline,N/A,N/A
2026-04-01 07:00:00,Lab_206_PC032,Offline,N/A,N/A
2026-04-01 07:00:00,Lab_206_PC033,Offline,N/A,N/A
2026-04-01 07:00:00,Lab_206_PC034,In Use,AnonUser_0148,75
2026-04-01 07:00:00,Lab_206_PC035,In Use,AnonUser_0179,210
2026-04-01 07:00:00,Lab_206_PC036,In Use,AnonUser_0039,0
2026-04-01 07:00:00,Lab_206_PC037,In Use,AnonUser_0133,0
2026-04-01 07:00:00,Lab_206_PC038,Offline,N/A,N/A
2026-04-01 07:00:00,Lab_206_PC039,In Use,AnonUser_0065,30
2026-04-01 07:00:00,Lab_206_PC040,Offline,N/A,N/A
2026-04-01 07:00:00,Lab_206_PC041,In Use,AnonUser_0066,90
2026-04-01 07:00:00,Lab_206_PC042,In Use,AnonUser_0105,75
2026-04-01 07:00:00,Lab_206_PC043,In Use,AnonUser_0044,150
2026-04-01 07:00:00,Lab_206_PC044,In Use,AnonUser_0009,75
2026-04-01 07:00:00,Lab_206_PC045,In Use,AnonUser_0081,45
2026-04-01 07:00:00,Lab_206_PC046,In Use,AnonUser_0162,15
2026-04-01 07:00:00,Lab_206_PC047,Offline,N/A,N/A
2026-04-01 07:00:00,Lab_206_PC048,Offline,N/A,N/A
2026-04-01 07:00:00,Lab_206_PC049,Offline,N/A,N/A
2026-04-01 07:00:00,Lab_206_PC050,In Use,AnonUser_0176,45
2026-04-01 07:00:00,Lab_206_PC051,In Use,AnonUser_0069,135
2026-04-01 07:00:00,Lab_206_PC052,In Use,AnonUser_0035,210
2026-04-01 07:00:00,Lab_206_PC053,Idle,AnonUser_0029,45
2026-04-01 07:00:00,Lab_206_PC054,In Use,AnonUser_0054,90
2026-04-01 07:00:00,Lab_206_PC055,In Use,AnonUser_0008,105
2026-04-01 07:00:00,Lab_206_PC056,Offline,N/A,N/A
2026-04-01 07:00:00,Lab_206_PC057,In Use,AnonUser_0138,45
2026-04-01 07:00:00,Lab_206_PC058,Offline,N/A,N/A
2026-04-01 07:00:00,Lab_206_PC059,In Use,AnonUser_0021,225
2026-04-01 07:00:00,Lab_206_PC060,Offline,N/A,N/A
2026-04-01 07:00:00,Lab_210_PC061,Idle,AnonUser_0004,90
2026-04-01 07:00:00,Lab_210_PC062,Idle,AnonUser_0147,0
2026-04-01 07:00:00,Lab_210_PC063,Idle,AnonUser_0109,75
2026-04-01 07:00:00,Lab_210_PC064,In Use,AnonUser_0159,75
2026-04-01 07:00:00,Lab_210_PC065,Offline,N/A,N/A
2026-04-01 07:00:00,Lab_210_PC066,In Use,AnonUser_0023,30
2026-04-01 07:00:00,Lab_210_PC067,In Use,AnonUser_0096,150
2026-04-01 07:00:00,Lab_210_PC068,Idle,AnonUser_0142,165
2026-04-01 07:00:00,Lab_210_PC069,Offline,N/A,N/A
2026-04-01 07:00:00,Lab_210_PC070,In Use,AnonUser_0160,210
2026-04-01 07:00:00,Lab_210_PC071,In Use,AnonUser_0112,15
2026-04-01 07:00:00,Lab_210_PC072,Offline,N/A,N/A
2026-04-01 07:00:00,Lab_210_PC073,In Use,AnonUser_0137,150
2026-04-01 07:00:00,Lab_210_PC074,In Use,AnonUser_0079,120
2026-04-01 07:00:00,Lab_210_PC075,In Use,AnonUser_0006,0
2026-04-01 07:00:00,Lab_210_PC076,Idle,AnonUser_0094,195
2026-04-01 07:00:00,Lab_210_PC077,In Use,AnonUser_0106,225
2026-04-01 07:00:00,Lab_210_PC078,In Use,AnonUser_0168,135
2026-04-01 07:00:00,Lab_210_PC079,Offline,N/A,N/A
2026-04-01 07:00:00,Lab_210_PC080,In Use,AnonUser_0134,135
2026-04-01 07:00:00,Lab_210_PC081,Offline,N/A,N/A
2026-04-01 07:00:00,Lab_219_PC082,In Use,AnonUser_0141,60
2026-04-01 07:00:00,Lab_219_PC083,Offline,N/A,N/A
2026-04-01 07:00:00,Lab_219_PC084,In Use,AnonUser_0102,75
2026-04-01 07:00:00,Lab_219_PC085,In Use,AnonUser_0155,0
2026-04-01 07:00:00,Lab_219_PC086,In Use,AnonUser_0152,0
2026-04-01 07:00:00,Lab_219_PC087,In Use,AnonUser_0018,45
2026-04-01 07:00:00,Lab_219_PC088,Offline,N/A,N/A
2026-04-01 07:00:00,Lab_219_PC089,Offline,N/A,N/A
2026-04-01 07:00:00,Lab_219_PC090,In Use,AnonUser_0024,60
2026-04-01 07:00:00,Lab_219_PC091,Offline,N/A,N/A
2026-04-01 07:00:00,Lab_219_PC092,In Use,AnonUser_0121,150
2026-04-01 07:00:00,Lab_219_PC093,In Use,AnonUser_0053,225
2026-04-01 07:00:00,Lab_219_PC094,Offline,N/A,N/A
2026-04-01 07:00:00,Lab_219_PC095,In Use,AnonUser_0177,195
2026-04-01 07:00:00,Lab_219_PC096,Offline,N/A,N/A
2026-04-01 07:00:00,Lab_219_PC097,In Use,AnonUser_0028,180
2026-04-01 07:00:00,Lab_219_PC098,Idle,AnonUser_0072,30
2026-04-01 07:00:00,Lab_219_PC099,In Use,AnonUser_0132,60
2026-04-01 07:00:00,Lab_219_PC100,Idle,AnonUser_0027,135
2026-04-01 07:00:00,Lab_219_PC101,In Use,AnonUser_0158,135
2026-04-01 07:00:00,Lab_219_PC102,In Use,AnonUser_0170,105
2026-04-01 07:00:00,Lab_219_PC103,In Use,AnonUser_0068,60
2026-04-01 07:00:00,Lab_219_PC104,Idle,AnonUser_0095,45
2026-04-01 07:00:00,Lab_219_PC105,In Use,AnonUser_0047,105
2026-04-01 07:00:00,Lab_219_PC106,Offline,N/A,N/A
2026-04-01 07:00:00,Lab_219_PC107,In Use,AnonUser_0144,165
2026-04-01 07:00:00,Lab_219_PC108,Idle,AnonUser_0064,105
2026-04-01 07:00:00,Lab_219_PC109,Offline,N/A,N/A
2026-04-01 07:00:00,Lab_219_PC110,In Use,AnonUser_0150,225
2026-04-01 07:00:00,Lab_219_PC111,Offline,N/A,N/A
2026-04-01 07:00:00,Lab_219_PC112,In Use,AnonUser_0055,225
2026-04-01 07:00:00,Lab_219_PC113,Idle,AnonUser_0061,30
2026-04-01 07:00:00,Lab_219_PC114,Offline,N/A,N/A
2026-04-01 07:00:00,Lab_219_PC115,In Use,AnonUser_0002,30
2026-04-01 07:00:00,Lab_219_PC116,In Use,AnonUser_0070,15
2026-04-01 07:00:00,Lab_219_PC117,Offline,N/A,N/A
2026-04-01 07:00:00,Lab_219_PC118,In Use,AnonUser_0080,225
2026-04-01 07:00:00,Lab_219_PC119,Offline,N/A,N/A
2026-04-01 07:00:00,Lab_219_PC120,In Use,AnonUser_0175,165
2026-04-01 07:00:00,Lab_219_PC121,Offline,N/A,N/A
2026-04-01 07:00:00,Lab_219_PC122,In Use,AnonUser_0111,225
2026-04-01 07:00:00,Lab_219_PC123,Offline,N/A,N/A
2026-04-01 07:00:00,Lab_219_PC124,In Use,AnonUser_0125,60
2026-04-01 07:00:00,Lab_219_PC125,Offline,N/A,N/A
2026-04-01 07:00:00,Lab_219_PC126,Offline,N/A,N/A
2026-04-01 07:00:00,Lab_219_PC127,In Use,AnonUser_0013,195
2026-04-01 07:00:00,Lab_219_PC128,Offline,N/A,N/A
2026-04-01 07:00:00,Lab_219_PC129,In Use,AnonUser_0038,210
2026-04-01 07:00:00,Lab_219_PC130,In Use,AnonUser_0104,225
2026-04-01 07:00:00,Lab_219_PC131,Offline,N/A,N/A
2026-04-01 07:00:00,Lab_219_PC132,In Use,AnonUser_0062,75
2026-04-01 07:00:00,Lab_219_PC133,In Use,AnonUser_0122,90
2026-04-01 07:00:00,Lab_219_PC134,In Use,AnonUser_0117,15
2026-04-01 07:00:00,Lab_219_PC135,Idle,AnonUser_0060,150
2026-04-01 07:00:00,Lab_219_PC136,Offline,N/A,N/A
2026-04-01 07:00:00,Lab_219_PC137,Offline,N/A,N/A
2026-04-01 07:00:00,Lab_219_PC138,In Use,AnonUser_0077,120
2026-04-01 07:00:00,Lab_219_PC139,Offline,N/A,N/A
2026-04-01 07:00:00,Lab_219_PC140,In Use,AnonUser_0097,75
2026-04-01 07:00:00,Lab_219_PC141,Offline,N/A,N/A
2026-04-01 07:00:00,Lab_219_PC142,Offline,N/A,N/A
2026-04-01 07:00:00,Lab_219_PC143,In Use,AnonUser_0048,15
2026-04-01 07:00:00,Lab_219_PC144,In Use,AnonUser_0089,225
2026-04-01 07:00:00,Lab_219_PC145,In Use,AnonUser_0046,90
2026-04-01 07:00:00,Lab_219_PC146,Offline,N/A,N/A
2026-04-01 07:00:00,Lab_219_PC147,In Use,AnonUser_0173,60
2026-04-01 07:00:00,Lab_219_PC148,Idle,AnonUser_0003,30
2026-04-01 07:00:00,Lab_219_PC149,In Use,AnonUser_0145,120
2026-04-01 07:00:00,Lab_219_PC150,In Use,AnonUser_0114,165
2026-04-01 07:00:00,Lab_219_PC151,Offline,N/A,N/A
2026-04-01 07:00:00,Lab_219_PC152,Offline,N/A,N/A
2026-04-01 07:00:00,Lab_219_PC153,Offline,N/A,N/A
2026-04-01 07:00:00,Lab_219_PC154,In Use,AnonUser_0083,75
2026-04-01 07:00:00,Lab_219_PC155,In Use,AnonUser_0164,90
2026-04-01 07:00:00,Lab_219_PC156,In Use,AnonUser_0085,90
2026-04-01 07:00:00,Lab_219_PC157,In Use,AnonUser_0092,165
2026-04-01 07:00:00,Lab_219_PC158,In Use,AnonUser_0067,45
2026-04-01 07:00:00,Lab_219_PC159,Idle,AnonUser_0146,0
2026-04-01 07:00:00,Lab_219_PC160,Idle,AnonUser_0143,180
2026-04-01 07:00:00,Lab_219_PC161,Offline,N/A,N/A
2026-04-01 07:00:00,Lab_219_PC162,In Use,AnonUser_0120,15
2026-04-01 07:00:00,Lab_219_PC163,Offline,N/A,N/A
2026-04-01 07:00:00,Lab_219_PC164,Offline,N/A,N/A
2026-04-01 07:00:00,Lab_219_PC165,In Use,AnonUser_0107,180
2026-04-01 07:00:00,Lab_219_PC166,Offline,N/A,N/A
2026-04-01 07:00:00,Lab_219_PC167,In Use,AnonUser_0056,45
2026-04-01 07:00:00,Lab_219_PC168,In Use,AnonUser_0059,120
2026-04-01 07:00:00,Lab_219_PC169,Idle,AnonUser_0045,90
2026-04-01 07:00:00,Lab_219_PC170,Offline,N/A,N/A
2026-04-01 07:00:00,Lab_219_PC171,Offline,N/A,N/A
2026-04-01 07:00:00,Lab_219_PC172,In Use,AnonUser_0010,120
2026-04-01 07:00:00,Lab_219_PC173,In Use,AnonUser_0091,90
2026-04-01 07:00:00,Lab_219_PC174,Offline,N/A,N/A
2026-04-01 07:00:00,Lab_219_PC175,Idle,AnonUser_0031,180
2026-04-01 07:00:00,Lab_219_PC176,In Use,AnonUser_0034,150
2026-04-01 07:00:00,Lab_219_PC177,In Use,AnonUser_0139,45
2026-04-01 07:00:00,Lab_219_PC178,In Use,AnonUser_0037,60
2026-04-01 07:00:00,Lab_219_PC179,In Use,AnonUser_0110,90
2026-04-01 07:15:00,Lab_202_PC001,In Use,AnonUser_0099,165
2026-04-01 07:15:00,Lab_202_PC002,Offline,N/A,N/A
2026-04-01 07:15:00,Lab_202_PC003,In Use,AnonUser_0151,180
2026-04-01 07:15:00,Lab_202_PC004,Idle,AnonUser_0036,75
2026-04-01 07:15:00,Lab_202_PC005,In Use,AnonUser_0156,165
2026-04-01 07:15:00,Lab_202_PC006,Offline,N/A,N/A
2026-04-01 07:15:00,Lab_202_PC007,In Use,AnonUser_0032,165
2026-04-01 07:15:00,Lab_202_PC008,In Use,AnonUser_0001,135
2026-04-01 07:15:00,Lab_202_PC009,Idle,AnonUser_0100,0
2026-04-01 07:15:00,Lab_202_PC010,In Use,AnonUser_0012,90
2026-04-01 07:15:00,Lab_202_PC011,In Use,AnonUser_0154,195
2026-04-01 07:15:00,Lab_202_PC012,In Use,AnonUser_0157,210
2026-04-01 07:15:00,Lab_202_PC013,In Use,AnonUser_0017,150
2026-04-01 07:15:00,Lab_202_PC014,In Use,AnonUser_0014,0
2026-04-01 07:15:00,Lab_202_PC015,In Use,AnonUser_0116,180
2026-04-01 07:15:00,Lab_202_PC016,Offline,N/A,N/A
2026-04-01 07:15:00,Lab_202_PC017,In Use,AnonUser_0153,75
2026-04-01 07:15:00,Lab_202_PC018,In Use,AnonUser_0090,90
2026-04-01 07:15:00,Lab_202_PC019,Offline,N/A,N/A
2026-04-01 07:15:00,Lab_202_PC020,In Use,AnonUser_0123,75
2026-04-01 07:15:00,Lab_202_PC021,In Use,AnonUser_0011,30
2026-04-01 07:15:00,Lab_202_PC022,In Use,AnonUser_0098,0
2026-04-01 07:15:00,Lab_202_PC023,Idle,AnonUser_0033,210
2026-04-01 07:15:00,Lab_202_PC024,In Use,AnonUser_0005,0
2026-04-01 07:15:00,Lab_202_PC025,In Use,AnonUser_0135,135
2026-04-01 07:15:00,Lab_202_PC026,In Use,AnonUser_0113,150
2026-04-01 07:15:00,Lab_202_PC027,In Use,AnonUser_0129,225
2026-04-01 07:15:00,Lab_202_PC028,In Use,AnonUser_0076,30
2026-04-01 07:15:00,Lab_202_PC029,Offline,N/A,N/A
2026-04-01 07:15:00,Lab_202_PC030,Offline,N/A,N/A
2026-04-01 07:15:00,Lab_206_PC031,In Use,AnonUser_0086,15
2026-04-01 07:15:00,Lab_206_PC032,Offline,N/A,N/A
2026-04-01 07:15:00,Lab_206_PC033,In Use,AnonUser_0169,150
2026-04-01 07:15:00,Lab_206_PC034,In Use,AnonUser_0148,60
2026-04-01 07:15:00,Lab_206_PC035,In Use,AnonUser_0179,195
2026-04-01 07:15:00,Lab_206_PC036,Offline,N/A,N/A
2026-04-01 07:15:00,Lab_206_PC037,In Use,AnonUser_0171,180
2026-04-01 07:15:00,Lab_206_PC038,In Use,AnonUser_0178,105
2026-04-01 07:15:00,Lab_206_PC039,In Use,AnonUser_0065,15
2026-04-01 07:15:00,Lab_206_PC040,Offline,N/A,N/A
2026-04-01 07:15:00,Lab_206_PC041,In Use,AnonUser_0066,75
2026-04-01 07:15:00,Lab_206_PC042,In Use,AnonUser_0105,60
2026-04-01 07:15:00,Lab_206_PC043,In Use,AnonUser_0044,135
2026-04-01 07:15:00,Lab_206_PC044,Idle,AnonUser_0009,60
2026-04-01 07:15:00,Lab_206_PC045,In Use,AnonUser_0081,30
2026-04-01 07:15:00,Lab_206_PC046,In Use,AnonUser_0162,0
2026-04-01 07:15:00,Lab_206_PC047,In Use,AnonUser_0087,150
2026-04-01 07:15:00,Lab_206_PC048,Idle,AnonUser_0073,105
2026-04-01 07:15:00,Lab_206_PC049,In Use,AnonUser_0133,30
2026-04-01 07:15:00,Lab_206_PC050,In Use,AnonUser_0176,30
2026-04-01 07:15:00,Lab_206_PC051,In Use,AnonUser_0069,120
2026-04-01 07:15:00,Lab_206_PC052,In Use,AnonUser_0035,195
2026-04-01 07:15:00,Lab_206_PC053,In Use,AnonUser_0029,30
2026-04-01 07:15:00,Lab_206_PC054,In Use,AnonUser_0054,75
2026-04-01 07:15:00,Lab_206_PC055,In Use,AnonUser_0008,90
2026-04-01 07:15:00,Lab_206_PC056,In Use,AnonUser_0050,120
2026-04-01 07:15:00,Lab_206_PC057,In Use,AnonUser_0138,30
2026-04-01 07:15:00,Lab_206_PC058,In Use,AnonUser_0167,30
2026-04-01 07:15:00,Lab_206_PC059,Idle,AnonUser_0021,210
2026-04-01 07:15:00,Lab_206_PC060,In Use,AnonUser_0166,90
2026-04-01 07:15:00,Lab_210_PC061,In Use,AnonUser_0004,75
2026-04-01 07:15:00,Lab_210_PC062,In Use,AnonUser_0165,105
2026-04-01 07:15:00,Lab_210_PC063,In Use,AnonUser_0109,60
2026-04-01 07:15:00,Lab_210_PC064,In Use,AnonUser_0159,60
2026-04-01 07:15:00,Lab_210_PC065,Offline,N/A,N/A
2026-04-01 07:15:00,Lab_210_PC066,In Use,AnonUser_0023,15
2026-04-01 07:15:00,Lab_210_PC067,In Use,AnonUser_0096,135
2026-04-01 07:15:00,Lab_210_PC068,In Use,AnonUser_0142,150
2026-04-01 07:15:00,Lab_210_PC069,In Use,AnonUser_0057,180
2026-04-01 07:15:00,Lab_210_PC070,In Use,AnonUser_0160,195
2026-04-01 07:15:00,Lab_210_PC071,In Use,AnonUser_0112,0
2026-04-01 07:15:00,Lab_210_PC072,Offline,N/A,N/A
2026-04-01 07:15:00,Lab_210_PC073,In Use,AnonUser_0137,135
2026-04-01 07:15:00,Lab_210_PC074,Idle,AnonUser_0079,105
2026-04-01 07:15:00,Lab_210_PC075,Idle,AnonUser_0030,120
2026-04-01 07:15:00,Lab_210_PC076,Idle,AnonUser_0094,180
2026-04-01 07:15:00,Lab_210_PC077,In Use,AnonUser_0106,210
2026-04-01 07:15:00,Lab_210_PC078,Idle,AnonUser_0168,120
2026-04-01 07:15:00,Lab_210_PC079,Offline,N/A,N/A
2026-04-01 07:15:00,Lab_210_PC080,In Use,AnonUser_0134,120
2026-04-01 07:15:00,Lab_210_PC081,Idle,AnonUser_0074,210
2026-04-01 07:15:00,Lab_219_PC082,Idle,AnonUser_0141,45
2026-04-01 07:15:00,Lab_219_PC083,Idle,AnonUser_0058,165
2026-04-01 07:15:00,Lab_219_PC084,In Use,AnonUser_0102,60
2026-04-01 07:15:00,Lab_219_PC085,In Use,AnonUser_0130,165
2026-04-01 07:15:00,Lab_219_PC086,Offline,N/A,N/A
2026-04-01 07:15:00,Lab_219_PC087,In Use,AnonUser_0018,30
2026-04-01 07:15:00,Lab_219_PC088,Offline,N/A,N/A
2026-04-01 07:15:00,Lab_219_PC089,Offline,N/A,N/A
2026-04-01 07:15:00,Lab_219_PC090,In Use,AnonUser_0024,45
2026-04-01 07:15:00,Lab_219_PC091,In Use,AnonUser_0149,150
2026-04-01 07:15:00,Lab_219_PC092,In Use,AnonUser_0121,135
2026-04-01 07:15:00,Lab_219_PC093,In Use,AnonUser_0053,210
2026-04-01 07:15:00,Lab_219_PC094,Offline,N/A,N/A
2026-04-01 07:15:00,Lab_219_PC095,Idle,AnonUser_0177,180
2026-04-01 07:15:00,Lab_219_PC096,Offline,N/A,N/A
2026-04-01 07:15:00,Lab_219_PC097,In Use,AnonUser_0028,165
2026-04-01 07:15:00,Lab_219_PC098,In Use,AnonUser_0072,15
2026-04-01 07:15:00,Lab_219_PC099,In Use,AnonUser_0132,45
2026-04-01 07:15:00,Lab_219_PC100,In Use,AnonUser_0027,120
2026-04-01 07:15:00,Lab_219_PC101,In Use,AnonUser_0158,120
2026-04-01 07:15:00,Lab_219_PC102,In Use,AnonUser_0170,90
2026-04-01 07:15:00,Lab_219_PC103,In Use,AnonUser_0068,45
2026-04-01 07:15:00,Lab_219_PC104,In Use,AnonUser_0095,30
2026-04-01 07:15:00,Lab_219_PC105,In Use,AnonUser_0047,90
2026-04-01 07:15:00,Lab_219_PC106,In Use,AnonUser_0043,30
2026-04-01 07:15:00,Lab_219_PC107,In Use,AnonUser_0144,150
2026-04-01 07:15:00,Lab_219_PC108,In Use,AnonUser_0064,90
2026-04-01 07:15:00,Lab_219_PC109,Offline,N/A,N/A
2026-04-01 07:15:00,Lab_219_PC110,In Use,AnonUser_0150,210
2026-04-01 07:15:00,Lab_219_PC111,Offline,N/A,N/A
2026-04-01 07:15:00,Lab_219_PC112,Idle,AnonUser_0055,210
2026-04-01 07:15:00,Lab_219_PC113,In Use,AnonUser_0061,15
2026-04-01 07:15:00,Lab_219_PC114,Offline,N/A,N/A
2026-04-01 07:15:00,Lab_219_PC115,In Use,AnonUser_0002,15
2026-04-01 07:15:00,Lab_219_PC116,In Use,AnonUser_0070,0
2026-04-01 07:15:00,Lab_219_PC117,Offline,N/A,N/A
2026-04-01 07:15:00,Lab_219_PC118,In Use,AnonUser_0080,210
2026-04-01 07:15:00,Lab_219_PC119,Idle,AnonUser_0071,60
2026-04-01 07:15:00,Lab_219_PC120,In Use,AnonUser_0175,150
2026-04-01 07:15:00,Lab_219_PC121,Offline,N/A,N/A
2026-04-01 07:15:00,Lab_219_PC122,In Use,AnonUser_0111,210
2026-04-01 07:15:00,Lab_219_PC123,Offline,N/A,N/A
2026-04-01 07:15:00,Lab_219_PC124,Idle,AnonUser_0125,45
2026-04-01 07:15:00,Lab_219_PC125,In Use,AnonUser_0025,90
2026-04-01 07:15:00,Lab_219_PC126,In Use,AnonUser_0124,150
2026-04-01 07:15:00,Lab_219_PC127,In Use,AnonUser_0013,180
2026-04-01 07:15:00,Lab_219_PC128,Offline,N/A,N/A
2026-04-01 07:15:00,Lab_219_PC129,Idle,AnonUser_0038,195
2026-04-01 07:15:00,Lab_219_PC130,In Use,AnonUser_0104,210
2026-04-01 07:15:00,Lab_219_PC131,In Use,AnonUser_0155,105
2026-04-01 07:15:00,Lab_219_PC132,In Use,AnonUser_0062,60
2026-04-01 07:15:00,Lab_219_PC133,In Use,AnonUser_0122,75
2026-04-01 07:15:00,Lab_219_PC134,In Use,AnonUser_0117,0
2026-04-01 07:15:00,Lab_219_PC135,In Use,AnonUser_0060,135
2026-04-01 07:15:00,Lab_219_PC136,In Use,AnonUser_0016,210
2026-04-01 07:15:00,Lab_219_PC137,Offline,N/A,N/A
2026-04-01 07:15:00,Lab_219_PC138,In Use,AnonUser_0077,105
2026-04-01 07:15:00,Lab_219_PC139,Offline,N/A,N/A
2026-04-01 07:15:00,Lab_219_PC140,In Use,AnonUser_0097,60
2026-04-01 07:15:00,Lab_219_PC141,Offline,N/A,N/A
2026-04-01 07:15:00,Lab_219_PC142,Offline,N/A,N/A
2026-04-01 07:15:00,Lab_219_PC143,In Use,AnonUser_0048,0
2026-04-01 07:15:00,Lab_219_PC144,Idle,AnonUser_0089,210
2026-04-01 07:15:00,Lab_219_PC145,In Use,AnonUser_0046,75
2026-04-01 07:15:00,Lab_219_PC146,Offline,N/A,N/A
2026-04-01 07:15:00,Lab_219_PC147,Idle,AnonUser_0173,45
2026-04-01 07:15:00,Lab_219_PC148,Idle,AnonUser_0003,15
2026-04-01 07:15:00,Lab_219_PC149,In Use,AnonUser_0145,105
2026-04-01 07:15:00,Lab_219_PC150,In Use,AnonUser_0114,150
2026-04-01 07:15:00,Lab_219_PC151,Offline,N/A,N/A
2026-04-01 07:15:00,Lab_219_PC152,Offline,N/A,N/A
2026-04-01 07:15:00,Lab_219_PC153,Offline,N/A,N/A
2026-04-01 07:15:00,Lab_219_PC154,In Use,AnonUser_0083,60
2026-04-01 07:15:00,Lab_219_PC155,In Use,AnonUser_0164,75
2026-04-01 07:15:00,Lab_219_PC156,In Use,AnonUser_0085,75
2026-04-01 07:15:00,Lab_219_PC157,In Use,AnonUser_0092,150
2026-04-01 07:15:00,Lab_219_PC158,Idle,AnonUser_0067,30
2026-04-01 07:15:00,Lab_219_PC159,In Use,AnonUser_0063,30
2026-04-01 07:15:00,Lab_219_PC160,In Use,AnonUser_0143,165
2026-04-01 07:15:00,Lab_219_PC161,Idle,AnonUser_0136,210
2026-04-01 07:15:00,Lab_219_PC162,In Use,AnonUser_0120,0
2026-04-01 07:15:00,Lab_219_PC163,Offline,N/A,N/A
2026-04-01 07:15:00,Lab_219_PC164,Idle,AnonUser_0039,135
2026-04-01 07:15:00,Lab_219_PC165,In Use,AnonUser_0107,165
2026-04-01 07:15:00,Lab_219_PC166,In Use,AnonUser_0022,165
2026-04-01 07:15:00,Lab_219_PC167,In Use,AnonUser_0056,30
2026-04-01 07:15:00,Lab_219_PC168,In Use,AnonUser_0059,105
2026-04-01 07:15:00,Lab_219_PC169,In Use,AnonUser_0045,75
2026-04-01 07:15:00,Lab_219_PC170,In Use,AnonUser_0146,60
2026-04-01 07:15:00,Lab_219_PC171,In Use,AnonUser_0115,195
2026-04-01 07:15:00,Lab_219_PC172,In Use,AnonUser_0010,105
2026-04-01 07:15:00,Lab_219_PC173,In Use,AnonUser_0091,75
2026-04-01 07:15:00,Lab_219_PC174,Idle,AnonUser_0075,150
2026-04-01 07:15:00,Lab_219_PC175,Idle,AnonUser_0031,165
2026-04-01 07:15:00,Lab_219_PC176,In Use,AnonUser_0034,135
2026-04-01 07:15:00,Lab_219_PC177,In Use,AnonUser_0139,30
2026-04-01 07:15:00,Lab_219_PC178,In Use,AnonUser_0037,45
2026-04-01 07:15:00,Lab_219_PC179,In Use,AnonUser_0110,75
2026-04-01 07:30:00,Lab_202_PC001,In Use,AnonUser_0099,150
2026-04-01 07:30:00,Lab_202_PC002,In Use,AnonUser_0101,75
2026-04-01 07:30:00,Lab_202_PC003,Idle,AnonUser_0151,165
2026-04-01 07:30:00,Lab_202_PC004,In Use,AnonUser_0036,60
2026-04-01 07:30:00,Lab_202_PC005,In Use,AnonUser_0156,150
2026-04-01 07:30:00,Lab_202_PC006,Offline,N/A,N/A
2026-04-01 07:30:00,Lab_202_PC007,Idle,AnonUser_0032,150
2026-04-01 07:30:00,Lab_202_PC008,In Use,AnonUser_0001,120
2026-04-01 07:30:00,Lab_202_PC009,In Use,AnonUser_0052,120
2026-04-01 07:30:00,Lab_202_PC010,In Use,AnonUser_0012,75
2026-04-01 07:30:00,Lab_202_PC011,In Use,AnonUser_0154,180
2026-04-01 07:30:00,Lab_202_PC012,In Use,AnonUser_0157,195
2026-04-01 07:30:00,Lab_202_PC013,In Use,AnonUser_0017,135
2026-04-01 07:30:00,Lab_202_PC014,Offline,N/A,N/A
2026-04-01 07:30:00,Lab_202_PC015,In Use,AnonUser_0116,165
2026-04-01 07:30:00,Lab_202_PC016,In Use,AnonUser_0108,0
2026-04-01 07:30:00,Lab_202_PC017,In Use,AnonUser_0153,60
2026-04-01 07:30:00,Lab_202_PC018,In Use,AnonUser_0090,75
2026-04-01 07:30:00,Lab_202_PC019,Idle,AnonUser_0131,120
2026-04-01 07:30:00,Lab_202_PC020,In Use,AnonUser_0123,60
2026-04-01 07:30:00,Lab_202_PC021,In Use,AnonUser_0011,15
2026-04-01 07:30:00,Lab_202_PC022,In Use,AnonUser_0006,180
2026-04-01 07:30:00,Lab_202_PC023,In Use,AnonUser_0033,195
2026-04-01 07:30:00,Lab_202_PC024,In Use,AnonUser_0019,135
2026-04-01 07:30:00,Lab_202_PC025,In Use,AnonUser_0135,120
2026-04-01 07:30:00,Lab_202_PC026,In Use,AnonUser_0113,135
2026-04-01 07:30:00,Lab_202_PC027,In Use,AnonUser_0129,210
2026-04-01 07:30:00,Lab_202_PC028,In Use,AnonUser_0076,15
2026-04-01 07:30:00,Lab_202_PC029,In Use,AnonUser_0082,210
2026-04-01 07:30:00,Lab_202_PC030,In Use,AnonUser_0174,30
2026-04-01 07:30:00,Lab_206_PC031,Idle,AnonUser_0086,0
2026-04-01 07:30:00,Lab_206_PC032,Idle,AnonUser_0147,30
2026-04-01 07:30:00,Lab_206_PC033,In Use,AnonUser_0169,135
2026-04-01 07:30:00,Lab_206_PC034,In Use,AnonUser_0148,45
2026-04-01 07:30:00,Lab_206_PC035,In Use,AnonUser_0179,180
2026-04-01 07:30:00,Lab_206_PC036,Offline,N/A,N/A
2026-04-01 07:30:00,Lab_206_PC037,In Use,AnonUser_0171,165
2026-04-01 07:30:00,Lab_206_PC038,In Use,AnonUser_0178,90
2026-04-01 07:30:00,Lab_206_PC039,In Use,AnonUser_0065,0
2026-04-01 07:30:00,Lab_206_PC040,In Use,AnonUser_0049,60
2026-04-01 07:30:00,Lab_206_PC041,Idle,AnonUser_0066,60
2026-04-01 07:30:00,Lab_206_PC042,In Use,AnonUser_0105,45
2026-04-01 07:30:00,Lab_206_PC043,In Use,AnonUser_0044,120
2026-04-01 07:30:00,Lab_206_PC044,In Use,AnonUser_0009,45
2026-04-01 07:30:00,Lab_206_PC045,In Use,AnonUser_0081,15
2026-04-01 07:30:00,Lab_206_PC046,Offline,N/A,N/A
2026-04-01 07:30:00,Lab_206_PC047,In Use,AnonUser_0087,135
2026-04-01 07:30:00,Lab_206_PC048,In Use,AnonUser_0073,90
2026-04-01 07:30:00,Lab_206_PC049,Idle,AnonUser_0133,15
2026-04-01 07:30:00,Lab_206_PC050,In Use,AnonUser_0176,15
2026-04-01 07:30:00,Lab_206_PC051,In Use,AnonUser_0069,105
2026-04-01 07:30:00,Lab_206_PC052,In Use,AnonUser_0035,180
2026-04-01 07:30:00,Lab_206_PC053,Idle,AnonUser_0029,15
2026-04-01 07:30:00,Lab_206_PC054,In Use,AnonUser_0054,60
2026-04-01 07:30:00,Lab_206_PC055,In Use,AnonUser_0008,75
2026-04-01 07:30:00,Lab_206_PC056,In Use,AnonUser_0050,105
2026-04-01 07:30:00,Lab_206_PC057,In Use,AnonUser_0138,15
2026-04-01 07:30:00,Lab_206_PC058,In Use,AnonUser_0167,15
2026-04-01 07:30:00,Lab_206_PC059,In Use,AnonUser_0021,195
2026-04-01 07:30:00,Lab_206_PC060,In Use,AnonUser_0166,75
2026-04-01 07:30:00,Lab_210_PC061,In Use,AnonUser_0004,60
2026-04-01 07:30:00,Lab_210_PC062,In Use,AnonUser_0165,90
2026-04-01 07:30:00,Lab_210_PC063,In Use,AnonUser_0109,45
2026-04-01 07:30:00,Lab_210_PC064,In Use,AnonUser_0159,45
2026-04-01 07:30:00,Lab_210_PC065,In Use,AnonUser_0051,15
2026-04-01 07:30:00,Lab_210_PC066,In Use,AnonUser_0023,0
2026-04-01 07:30:00,Lab_210_PC067,In Use,AnonUser_0096,120
2026-04-01 07:30:00,Lab_210_PC068,In Use,AnonUser_0142,135
2026-04-01 07:30:00,Lab_210_PC069,Idle,AnonUser_0057,165
2026-04-01 07:30:00,Lab_210_PC070,In Use,AnonUser_0160,180
2026-04-01 07:30:00,Lab_210_PC071,In Use,AnonUser_0015,180
2026-04-01 07:30:00,Lab_210_PC072,Idle,AnonUser_0172,0
2026-04-01 07:30:00,Lab_210_PC073,In Use,AnonUser_0137,120
2026-04-01 07:30:00,Lab_210_PC074,In Use,AnonUser_0079,90
2026-04-01 07:30:00,Lab_210_PC075,In Use,AnonUser_0030,105
2026-04-01 07:30:00,Lab_210_PC076,In Use,AnonUser_0094,165
2026-04-01 07:30:00,Lab_210_PC077,In Use,AnonUser_0106,195
2026-04-01 07:30:00,Lab_210_PC078,In Use,AnonUser_0168,105
2026-04-01 07:30:00,Lab_210_PC079,Idle,AnonUser_0112,30
2026-04-01 07:30:00,Lab_210_PC080,In Use,AnonUser_0134,105
2026-04-01 07:30:00,Lab_210_PC081,In Use,AnonUser_0074,195
2026-04-01 07:30:00,Lab_219_PC082,In Use,AnonUser_0141,30
2026-04-01 07:30:00,Lab_219_PC083,In Use,AnonUser_0058,150
2026-04-01 07:30:00,Lab_219_PC084,In Use,AnonUser_0102,45
2026-04-01 07:30:00,Lab_219_PC085,In Use,AnonUser_0130,150
2026-04-01 07:30:00,Lab_219_PC086,Offline,N/A,N/A
2026-04-01 07:30:00,Lab_219_PC087,In Use,AnonUser_0018,15
2026-04-01 07:30:00,Lab_219_PC088,In Use,AnonUser_0098,210
2026-04-01 07:30:00,Lab_219_PC089,Idle,AnonUser_0041,105
2026-04-01 07:30:00,Lab_219_PC090,In Use,AnonUser_0024,30
2026-04-01 07:30:00,Lab_219_PC091,In Use,AnonUser_0149,135
2026-04-01 07:30:00,Lab_219_PC092,Idle,AnonUser_0121,120
2026-04-01 07:30:00,Lab_219_PC093,In Use,AnonUser_0053,195
2026-04-01 07:30:00,Lab_219_PC094,Offline,N/A,N/A
2026-04-01 07:30:00,Lab_219_PC095,In Use,AnonUser_0177,165
2026-04-01 07:30:00,Lab_219_PC096,In Use,AnonUser_0103,210
2026-04-01 07:30:00,Lab_219_PC097,In Use,AnonUser_0028,150
2026-04-01 07:30:00,Lab_219_PC098,In Use,AnonUser_0072,0
2026-04-01 07:30:00,Lab_219_PC099,In Use,AnonUser_0132,30
2026-04-01 07:30:00,Lab_219_PC100,In Use,AnonUser_0027,105
2026-04-01 07:30:00,Lab_219_PC101,In Use,AnonUser_0158,105
2026-04-01 07:30:00,Lab_219_PC102,In Use,AnonUser_0170,75
2026-04-01 07:30:00,Lab_219_PC103,In Use,AnonUser_0068,30
2026-04-01 07:30:00,Lab_219_PC104,In Use,AnonUser_0095,15
2026-04-01 07:30:00,Lab_219_PC105,In Use,AnonUser_0047,75
2026-04-01 07:30:00,Lab_219_PC106,In Use,AnonUser_0043,15
2026-04-01 07:30:00,Lab_219_PC107,In Use,AnonUser_0144,135
2026-04-01 07:30:00,Lab_219_PC108,In Use,AnonUser_0064,75
2026-04-01 07:30:00,Lab_219_PC109,In Use,AnonUser_0152,210
2026-04-01 07:30:00,Lab_219_PC110,In Use,AnonUser_0150,195
2026-04-01 07:30:00,Lab_219_PC111,In Use,AnonUser_0126,135
2026-04-01 07:30:00,Lab_219_PC112,In Use,AnonUser_0055,195
2026-04-01 07:30:00,Lab_219_PC113,In Use,AnonUser_0061,0
2026-04-01 07:30:00,Lab_219_PC114,Offline,N/A,N/A
2026-04-01 07:30:00,Lab_219_PC115,In Use,AnonUser_0002,0
2026-04-01 07:30:00,Lab_219_PC116,In Use,AnonUser_0026,105
2026-04-01 07:30:00,Lab_219_PC117,Offline,N/A,N/A
2026-04-01 07:30:00,Lab_219_PC118,In Use,AnonUser_0080,195
2026-04-01 07:30:00,Lab_219_PC119,In Use,AnonUser_0071,45
2026-04-01 07:30:00,Lab_219_PC120,In Use,AnonUser_0175,135
2026-04-01 07:30:00,Lab_219_PC121,In Use,AnonUser_0084,30
2026-04-01 07:30:00,Lab_219_PC122,In Use,AnonUser_0111,195
2026-04-01 07:30:00,Lab_219_PC123,In Use,AnonUser_0128,15
2026-04-01 07:30:00,Lab_219_PC124,In Use,AnonUser_0125,30
2026-04-01 07:30:00,Lab_219_PC125,Idle,AnonUser_0025,75
2026-04-01 07:30:00,Lab_219_PC126,In Use,AnonUser_0124,135
2026-04-01 07:30:00,Lab_219_PC127,Idle,AnonUser_0013,165
2026-04-01 07:30:00,Lab_219_PC128,In Use,AnonUser_0161,60
2026-04-01 07:30:00,Lab_219_PC129,In Use,AnonUser_0038,180
2026-04-01 07:30:00,Lab_219_PC130,In Use,AnonUser_0104,195
2026-04-01 07:30:00,Lab_219_PC131,Idle,AnonUser_0155,90
2026-04-01 07:30:00,Lab_219_PC132,In Use,AnonUser_0062,45
2026-04-01 07:30:00,Lab_219_PC133,In Use,AnonUser_0122,60
2026-04-01 07:30:00,Lab_219_PC134,In Use,AnonUser_0088,195
2026-04-01 07:30:00,Lab_219_PC135,In Use,AnonUser_0060,120
2026-04-01 07:30:00,Lab_219_PC136,In Use,AnonUser_0016,195
2026-04-01 07:30:00,Lab_219_PC137,Offline,N/A,N/A
2026-04-01 07:30:00,Lab_219_PC138,Idle,AnonUser_0077,90
2026-04-01 07:30:00,Lab_219_PC139,In Use,AnonUser_0093,75
2026-04-01 07:30:00,Lab_219_PC140,In Use,AnonUser_0097,45
2026-04-01 07:30:00,Lab_219_PC141,In Use,AnonUser_0140,165
2026-04-01 07:30:00,Lab_219_PC142,Offline,N/A,N/A
2026-04-01 07:30:00,Lab_219_PC143,Offline,N/A,N/A
2026-04-01 07:30:00,Lab_219_PC144,Idle,AnonUser_0089,195
2026-04-01 07:30:00,Lab_219_PC145,In Use,AnonUser_0046,60
2026-04-01 07:30:00,Lab_219_PC146,Offline,N/A,N/A
2026-04-01 07:30:00,Lab_219_PC147,In Use,AnonUser_0173,30
2026-04-01 07:30:00,Lab_219_PC148,In Use,AnonUser_0003,0
2026-04-01 07:30:00,Lab_219_PC149,In Use,AnonUser_0145,90
2026-04-01 07:30:00,Lab_219_PC150,In Use,AnonUser_0114,135
2026-04-01 07:30:00,Lab_219_PC151,In Use,AnonUser_0040,75
2026-04-01 07:30:00,Lab_219_PC152,Offline,N/A,N/A
2026-04-01 07:30:00,Lab_219_PC153,In Use,AnonUser_0020,150
2026-04-01 07:30:00,Lab_219_PC154,In Use,AnonUser_0083,45
2026-04-01 07:30:00,Lab_219_PC155,In Use,AnonUser_0164,60
2026-04-01 07:30:00,Lab_219_PC156,In Use,AnonUser_0085,60
2026-04-01 07:30:00,Lab_219_PC157,In Use,AnonUser_0092,135
2026-04-01 07:30:00,Lab_219_PC158,Idle,AnonUser_0067,15
2026-04-01 07:30:00,Lab_219_PC159,In Use,AnonUser_0063,15
2026-04-01 07:30:00,Lab_219_PC160,Idle,AnonUser_0143,150
2026-04-01 07:30:00,Lab_219_PC161,In Use,AnonUser_0136,195
2026-04-01 07:30:00,Lab_219_PC162,In Use,AnonUser_0014,210
2026-04-01 07:30:00,Lab_219_PC163,In Use,AnonUser_0005,165
2026-04-01 07:30:00,Lab_219_PC164,In Use,AnonUser_0039,120
2026-04-01 07:30:00,Lab_219_PC165,In Use,AnonUser_0107,150
2026-04-01 07:30:00,Lab_219_PC166,In Use,AnonUser_0022,150
2026-04-01 07:30:00,Lab_219_PC167,In Use,AnonUser_0056,15
2026-04-01 07:30:00,Lab_219_PC168,Idle,AnonUser_0059,90
2026-04-01 07:30:00,Lab_219_PC169,In Use,AnonUser_0045,60
2026-04-01 07:30:00,Lab_219_PC170,In Use,AnonUser_0146,45
2026-04-01 07:30:00,Lab_219_PC171,In Use,AnonUser_0115,180
2026-04-01 07:30:00,Lab_219_PC172,Idle,AnonUser_0010,90
2026-04-01 07:30:00,Lab_219_PC173,In Use,AnonUser_0091,60
2026-04-01 07:30:00,Lab_219_PC174,In Use,AnonUser_0075,135
2026-04-01 07:30:00,Lab_219_PC175,In Use,AnonUser_0031,150
2026-04-01 07:30:00,Lab_219_PC176,Idle,AnonUser_0034,120
2026-04-01 07:30:00,Lab_219_PC177,In Use,AnonUser_0139,15
2026-04-01 07:30:00,Lab_219_PC178,In Use,AnonUser_0037,30
2026-04-01 07:30:00,Lab_219_PC179,In Use,AnonUser_0110,60
2026-04-01 07:45:00,Lab_202_PC001,In Use,AnonUser_0099,135
2026-04-01 07:45:00,Lab_202_PC002,In Use,AnonUser_0101,60
2026-04-01 07:45:00,Lab_202_PC003,In Use,AnonUser_0151,150
2026-04-01 07:45:00,Lab_202_PC004,In Use,AnonUser_0036,45
2026-04-01 07:45:00,Lab_202_PC005,In Use,AnonUser_0156,135
2026-04-01 07:45:00,Lab_202_PC006,Offline,N/A,N/A
2026-04-01 07:45:00,Lab_202_PC007,Idle,AnonUser_0032,135
2026-04-01 07:45:00,Lab_202_PC008,In Use,AnonUser_0001,105
2026-04-01 07:45:00,Lab_202_PC009,In Use,AnonUser_0052,105
2026-04-01 07:45:00,Lab_202_PC010,In Use,AnonUser_0012,60
2026-04-01 07:45:00,Lab_202_PC011,Idle,AnonUser_0154,165
2026-04-01 07:45:00,Lab_202_PC012,Idle,AnonUser_0157,180
2026-04-01 07:45:00,Lab_202_PC013,In Use,AnonUser_0017,120
2026-04-01 07:45:00,Lab_202_PC014,Offline,N/A,N/A
2026-04-01 07:45:00,Lab_202_PC015,In Use,AnonUser_0116,150
2026-04-01 07:45:00,Lab_202_PC016,In Use,AnonUser_0108,135
2026-04-01 07:45:00,Lab_202_PC017,In Use,AnonUser_0153,45
2026-04-01 07:45:00,Lab_202_PC018,Idle,AnonUser_0090,60
2026-04-01 07:45:00,Lab_202_PC019,In Use,AnonUser_0131,105
2026-04-01 07:45:00,Lab_202_PC020,In Use,AnonUser_0123,45
2026-04-01 07:45:00,Lab_202_PC021,Idle,AnonUser_0011,0
2026-04-01 07:45:00,Lab_202_PC022,In Use,AnonUser_0006,165
2026-04-01 07:45:00,Lab_202_PC023,In Use,AnonUser_0033,180
2026-04-01 07:45:00,Lab_202_PC024,In Use,AnonUser_0019,120
2026-04-01 07:45:00,Lab_202_PC025,Idle,AnonUser_0135,105
2026-04-01 07:45:00,Lab_202_PC026,In Use,AnonUser_0113,120
2026-04-01 07:45:00,Lab_202_PC027,In Use,AnonUser_0129,195
2026-04-01 07:45:00,Lab_202_PC028,In Use,AnonUser_0076,0
2026-04-01 07:45:00,Lab_202_PC029,In Use,AnonUser_0082,195
2026-04-01 07:45:00,Lab_202_PC030,Idle,AnonUser_0174,15
2026-04-01 07:45:00,Lab_206_PC031,Offline,N/A,N/A
2026-04-01 07:45:00,Lab_206_PC032,In Use,AnonUser_0147,15
2026-04-01 07:45:00,Lab_206_PC033,Idle,AnonUser_0169,120
2026-04-01 07:45:00,Lab_206_PC034,Idle,AnonUser_0148,30
2026-04-01 07:45:00,Lab_206_PC035,Idle,AnonUser_0179,165
2026-04-01 07:45:00,Lab_206_PC036,In Use,AnonUser_0070,30
2026-04-01 07:45:00,Lab_206_PC037,In Use,AnonUser_0171,150
2026-04-01 07:45:00,Lab_206_PC038,In Use,AnonUser_0178,75
2026-04-01 07:45:00,Lab_206_PC039,Idle,AnonUser_0086,120
2026-04-01 07:45:00,Lab_206_PC040,In Use,AnonUser_0049,45
2026-04-01 07:45:00,Lab_206_PC041,In Use,AnonUser_0066,45
2026-04-01 07:45:00,Lab_206_PC042,Idle,AnonUser_0105,30
2026-04-01 07:45:00,Lab_206_PC043,In Use,AnonUser_0044,105
2026-04-01 07:45:00,Lab_206_PC044,In Use,AnonUser_0009,30
2026-04-01 07:45:00,Lab_206_PC045,In Use,AnonUser_0081,0
2026-04-01 07:45:00,Lab_206_PC046,Offline,N/A,N/A
2026-04-01 07:45:00,Lab_206_PC047,In Use,AnonUser_0087,120
2026-04-01 07:45:00,Lab_206_PC048,Idle,AnonUser_0073,75
2026-04-01 07:45:00,Lab_206_PC049,In Use,AnonUser_0133,0
2026-04-01 07:45:00,Lab_206_PC050,Idle,AnonUser_0176,0
2026-04-01 07:45:00,Lab_206_PC051,In Use,AnonUser_0069,90
2026-04-01 07:45:00,Lab_206_PC052,In Use,AnonUser_0035,165
2026-04-01 07:45:00,Lab_206_PC053,Idle,AnonUser_0029,0
2026-04-01 07:45:00,Lab_206_PC054,In Use,AnonUser_0054,45
2026-04-01 07:45:00,Lab_206_PC055,In Use,AnonUser_0008,60
2026-04-01 07:45:00,Lab_206_PC056,In Use,AnonUser_0050,90
2026-04-01 07:45:00,Lab_206_PC057,In Use,AnonUser_0138,0
2026-04-01 07:45:00,Lab_206_PC058,In Use,AnonUser_0167,0
2026-04-01 07:45:00,Lab_206_PC059,Idle,AnonUser_0021,180
2026-04-01 07:45:00,Lab_206_PC060,In Use,AnonUser_0166,60
2026-04-01 07:45:00,Lab_210_PC061,In Use,AnonUser_0004,45
2026-04-01 07:45:00,Lab_210_PC062,In Use,AnonUser_0165,75
2026-04-01 07:45:00,Lab_210_PC063,Idle,AnonUser_0109,30
2026-04-01 07:45:00,Lab_210_PC064,In Use,AnonUser_0159,30
2026-04-01 07:45:00,Lab_210_PC065,In Use,AnonUser_0051,0
2026-04-01 07:45:00,Lab_210_PC066,Offline,N/A,N/A
2026-04-01 07:45:00,Lab_210_PC067,In Use,AnonUser_0096,105
2026-04-01 07:45:00,Lab_210_PC068,In Use,AnonUser_0142,120
2026-04-01 07:45:00,Lab_210_PC069,In Use,AnonUser_0057,150
2026-04-01 07:45:00,Lab_210_PC070,In Use,AnonUser_0160,165
2026-04-01 07:45:00,Lab_210_PC071,In Use,AnonUser_0015,165
2026-04-01 07:45:00,Lab_210_PC072,Idle,AnonUser_0172,90
2026-04-01 07:45:00,Lab_210_PC073,In Use,AnonUser_0137,105
2026-04-01 07:45:00,Lab_210_PC074,In Use,AnonUser_0079,75
2026-04-01 07:45:00,Lab_210_PC075,In Use,AnonUser_0030,90
2026-04-01 07:45:00,Lab_210_PC076,In Use,AnonUser_0094,150
2026-04-01 07:45:00,Lab_210_PC077,In Use,AnonUser_0106,180
2026-04-01 07:45:00,Lab_210_PC078,Idle,AnonUser_0168,90
2026-04-01 07:45:00,Lab_210_PC079,In Use,AnonUser_0112,15
2026-04-01 07:45:00,Lab_210_PC080,In Use,AnonUser_0134,90
2026-04-01 07:45:00,Lab_210_PC081,In Use,AnonUser_0074,180
2026-04-01 07:45:00,Lab_219_PC082,In Use,AnonUser_0141,15
2026-04-01 07:45:00,Lab_219_PC083,In Use,AnonUser_0058,135
2026-04-01 07:45:00,Lab_219_PC084,Idle,AnonUser_0102,30
2026-04-01 07:45:00,Lab_219_PC085,In Use,AnonUser_0130,135
2026-04-01 07:45:00,Lab_219_PC086,Idle,AnonUser_0100,195
2026-04-01 07:45:00,Lab_219_PC087,In Use,AnonUser_0018,0
2026-04-01 07:45:00,Lab_219_PC088,In Use,AnonUser_0098,195
2026-04-01 07:45:00,Lab_219_PC089,In Use,AnonUser_0041,90
2026-04-01 07:45:00,Lab_219_PC090,Idle,AnonUser_0024,15
2026-04-01 07:45:00,Lab_219_PC091,In Use,AnonUser_0149,120
2026-04-01 07:45:00,Lab_219_PC092,In Use,AnonUser_0121,105
2026-04-01 07:45:00,Lab_219_PC093,In Use,AnonUser_0053,180
2026-04-01 07:45:00,Lab_219_PC094,In Use,AnonUser_0120,150
2026-04-01 07:45:00,Lab_219_PC095,In Use,AnonUser_0177,150
2026-04-01 07:45:00,Lab_219_PC096,In Use,AnonUser_0103,195
2026-04-01 07:45:00,Lab_219_PC097,In Use,AnonUser_0028,135
2026-04-01 07:45:00,Lab_219_PC098,Idle,AnonUser_0119,210
2026-04-01 07:45:00,Lab_219_PC099,In Use,AnonUser_0132,15
2026-04-01 07:45:00,Lab_219_PC100,Idle,AnonUser_0027,90
2026-04-01 07:45:00,Lab_219_PC101,In Use,AnonUser_0158,90
2026-04-01 07:45:00,Lab_219_PC102,In Use,AnonUser_0170,60
2026-04-01 07:45:00,Lab_219_PC103,Idle,AnonUser_0068,15
2026-04-01 07:45:00,Lab_219_PC104,In Use,AnonUser_0095,0
2026-04-01 07:45:00,Lab_219_PC105,In Use,AnonUser_0047,60
2026-04-01 07:45:00,Lab_219_PC106,In Use,AnonUser_0043,0
2026-04-01 07:45:00,Lab_219_PC107,In Use,AnonUser_0144,120
2026-04-01 07:45:00,Lab_219_PC108,In Use,AnonUser_0064,60
2026-04-01 07:45:00,Lab_219_PC109,In Use,AnonUser_0152,195
2026-04-01 07:45:00,Lab_219_PC110,In Use,AnonUser_0150,180
2026-04-01 07:45:00,Lab_219_PC111,In Use,AnonUser_0126,120
2026-04-01 07:45:00,Lab_219_PC112,In Use,AnonUser_0055,180
2026-04-01 07:45:00,Lab_219_PC113,Offline,N/A,N/A
2026-04-01 07:45:00,Lab_219_PC114,In Use,AnonUser_0078,210
2026-04-01 07:45:00,Lab_219_PC115,Offline,N/A,N/A
2026-04-01 07:45:00,Lab_219_PC116,In Use,AnonUser_0026,90
2026-04-01 07:45:00,Lab_219_PC117,In Use,AnonUser_0118,30
2026-04-01 07:45:00,Lab_219_PC118,In Use,AnonUser_0080,180
2026-04-01 07:45:00,Lab_219_PC119,In Use,AnonUser_0071,30
2026-04-01 07:45:00,Lab_219_PC120,In Use,AnonUser_0175,120
2026-04-01 07:45:00,Lab_219_PC121,In Use,AnonUser_0084,15
2026-04-01 07:45:00,Lab_219_PC122,Idle,AnonUser_0111,180
2026-04-01 07:45:00,Lab_219_PC123,In Use,AnonUser_0128,0
2026-04-01 07:45:00,Lab_219_PC124,In Use,AnonUser_0125,15
2026-04-01 07:45:00,Lab_219_PC125,In Use,AnonUser_0025,60
2026-04-01 07:45:00,Lab_219_PC126,In Use,AnonUser_0124,120
2026-04-01 07:45:00,Lab_219_PC127,In Use,AnonUser_0013,150
2026-04-01 07:45:00,Lab_219_PC128,In Use,AnonUser_0161,45
2026-04-01 07:45:00,Lab_219_PC129,In Use,AnonUser_0038,165
2026-04-01 07:45:00,Lab_219_PC130,In Use,AnonUser_0104,180
2026-04-01 07:45:00,Lab_219_PC131,Idle,AnonUser_0155,75
2026-04-01 07:45:00,Lab_219_PC132,In Use,AnonUser_0062,30
2026-04-01 07:45:00,Lab_219_PC133,In Use,AnonUser_0122,45
2026-04-01 07:45:00,Lab_219_PC134,In Use,AnonUser_0088,180
2026-04-01 07:45:00,Lab_219_PC135,Idle,AnonUser_0060,105
2026-04-01 07:45:00,Lab_219_PC136,Idle,AnonUser_0016,180
2026-04-01 07:45:00,Lab_219_PC137,Offline,N/A,N/A
2026-04-01 07:45:00,Lab_219_PC138,In Use,AnonUser_0077,75
2026-04-01 07:45:00,Lab_219_PC139,In Use,AnonUser_0093,60
2026-04-01 07:45:00,Lab_219_PC140,In Use,AnonUser_0097,30
2026-04-01 07:45:00,Lab_219_PC141,In Use,AnonUser_0140,150
2026-04-01 07:45:00,Lab_219_PC142,Offline,N/A,N/A
2026-04-01 07:45:00,Lab_219_PC143,Offline,N/A,N/A
2026-04-01 07:45:00,Lab_219_PC144,In Use,AnonUser_0089,180
2026-04-01 07:45:00,Lab_219_PC145,In Use,AnonUser_0046,45
2026-04-01 07:45:00,Lab_219_PC146,Offline,N/A,N/A
2026-04-01 07:45:00,Lab_219_PC147,In Use,AnonUser_0173,15
2026-04-01 07:45:00,Lab_219_PC148,Idle,AnonUser_0023,45
2026-04-01 07:45:00,Lab_219_PC149,In Use,AnonUser_0145,75
2026-04-01 07:45:00,Lab_219_PC150,In Use,AnonUser_0114,120
2026-04-01 07:45:00,Lab_219_PC151,In Use,AnonUser_0040,60
2026-04-01 07:45:00,Lab_219_PC152,Idle,AnonUser_0162,105
2026-04-01 07:45:00,Lab_219_PC153,In Use,AnonUser_0020,135
2026-04-01 07:45:00,Lab_219_PC154,In Use,AnonUser_0083,30
2026-04-01 07:45:00,Lab_219_PC155,In Use,AnonUser_0164,45
2026-04-01 07:45:00,Lab_219_PC156,In Use,AnonUser_0085,45
2026-04-01 07:45:00,Lab_219_PC157,In Use,AnonUser_0092,120
2026-04-01 07:45:00,Lab_219_PC158,In Use,AnonUser_0067,0
2026-04-01 07:45:00,Lab_219_PC159,In Use,AnonUser_0063,0
2026-04-01 07:45:00,Lab_219_PC160,In Use,AnonUser_0143,135
2026-04-01 07:45:00,Lab_219_PC161,In Use,AnonUser_0136,180
2026-04-01 07:45:00,Lab_219_PC162,In Use,AnonUser_0014,195
2026-04-01 07:45:00,Lab_219_PC163,In Use,AnonUser_0005,150
2026-04-01 07:45:00,Lab_219_PC164,In Use,AnonUser_0039,105
2026-04-01 07:45:00,Lab_219_PC165,In Use,AnonUser_0107,135
2026-04-01 07:45:00,Lab_219_PC166,In Use,AnonUser_0022,135
2026-04-01 07:45:00,Lab_219_PC167,In Use,AnonUser_0056,0
2026-04-01 07:45:00,Lab_219_PC168,In Use,AnonUser_0059,75
2026-04-01 07:45:00,Lab_219_PC169,Idle,AnonUser_0045,45
2026-04-01 07:45:00,Lab_219_PC170,Idle,AnonUser_0146,30
2026-04-01 07:45:00,Lab_219_PC171,Idle,AnonUser_0115,165
2026-04-01 07:45:00,Lab_219_PC172,In Use,AnonUser_0010,75
2026-04-01 07:45:00,Lab_219_PC173,In Use,AnonUser_0091,45
2026-04-01 07:45:00,Lab_219_PC174,In Use,AnonUser_0075,120
2026-04-01 07:45:00,Lab_219_PC175,In Use,AnonUser_0031,135
2026-04-01 07:45:00,Lab_219_PC176,In Use,AnonUser_0034,105
2026-04-01 07:45:00,Lab_219_PC177,In Use,AnonUser_0139,0
2026-04-01 07:45:00,Lab_219_PC178,In Use,AnonUser_0037,15
2026-04-01 07:45:00,Lab_219_PC179,In Use,AnonUser_0110,45
2026-04-01 08:00:00,Lab_202_PC001,In Use,AnonUser_0099,120
2026-04-01 08:00:00,Lab_202_PC002,In Use,AnonUser_0101,45
2026-04-01 08:00:00,Lab_202_PC003,Idle,AnonUser_0151,135
2026-04-01 08:00:00,Lab_202_PC004,Idle,AnonUser_0036,30
2026-04-01 08:00:00,Lab_202_PC005,In Use,AnonUser_0156,120
2026-04-01 08:00:00,Lab_202_PC006,In Use,AnonUser_0042,210
2026-04-01 08:00:00,Lab_202_PC007,In Use,AnonUser_0032,120
2026-04-01 08:00:00,Lab_202_PC008,In Use,AnonUser_0001,90
2026-04-01 08:00:00,Lab_202_PC009,In Use,AnonUser_0052,90
2026-04-01 08:00:00,Lab_202_PC010,In Use,AnonUser_0012,45
2026-04-01 08:00:00,Lab_202_PC011,Idle,AnonUser_0154,150
2026-04-01 08:00:00,Lab_202_PC012,In Use,AnonUser_0157,165
2026-04-01 08:00:00,Lab_202_PC013,In Use,AnonUser_0017,105
2026-04-01 08:00:00,Lab_202_PC014,Offline,N/A,N/A
2026-04-01 08:00:00,Lab_202_PC015,In Use,AnonUser_0116,135
2026-04-01 08:00:00,Lab_202_PC016,In Use,AnonUser_0108,120
2026-04-01 08:00:00,Lab_202_PC017,In Use,AnonUser_0153,30
2026-04-01 08:00:00,Lab_202_PC018,In Use,AnonUser_0090,45
2026-04-01 08:00:00,Lab_202_PC019,Idle,AnonUser_0131,90
2026-04-01 08:00:00,Lab_202_PC020,In Use,AnonUser_0123,30
2026-04-01 08:00:00,Lab_202_PC021,Offline,N/A,N/A
2026-04-01 08:00:00,Lab_202_PC022,In Use,AnonUser_0006,150
2026-04-01 08:00:00,Lab_202_PC023,Idle,AnonUser_0033,165
2026-04-01 08:00:00,Lab_202_PC024,In Use,AnonUser_0019,105
2026-04-01 08:00:00,Lab_202_PC025,In Use,AnonUser_0135,90
2026-04-01 08:00:00,Lab_202_PC026,In Use,AnonUser_0113,105
2026-04-01 08:00:00,Lab_202_PC027,In Use,AnonUser_0129,180
2026-04-01 08:00:00,Lab_202_PC028,In Use,AnonUser_0072,15
2026-04-01 08:00:00,Lab_202_PC029,In Use,AnonUser_0082,180
2026-04-01 08:00:00,Lab_202_PC030,In Use,AnonUser_0174,0
2026-04-01 08:00:00,Lab_206_PC031,Offline,N/A,N/A
2026-04-01 08:00:00,Lab_206_PC032,In Use,AnonUser_0147,0
2026-04-01 08:00:00,Lab_206_PC033,In Use,AnonUser_0169,105
2026-04-01 08:00:00,Lab_206_PC034,In Use,AnonUser_0148,15
2026-04-01 08:00:00,Lab_206_PC035,In Use,AnonUser_0179,150
2026-04-01 08:00:00,Lab_206_PC036,Idle,AnonUser_0070,15
2026-04-01 08:00:00,Lab_206_PC037,In Use,AnonUser_0171,135
2026-04-01 08:00:00,Lab_206_PC038,In Use,AnonUser_0178,60
2026-04-01 08:00:00,Lab_206_PC039,In Use,AnonUser_0086,105
2026-04-01 08:00:00,Lab_206_PC040,In Use,AnonUser_0049,30
2026-04-01 08:00:00,Lab_206_PC041,Idle,AnonUser_0066,30
2026-04-01 08:00:00,Lab_206_PC042,In Use,AnonUser_0105,15
2026-04-01 08:00:00,Lab_206_PC043,In Use,AnonUser_0044,90
2026-04-01 08:00:00,Lab_206_PC044,Idle,AnonUser_0009,15
2026-04-01 08:00:00,Lab_206_PC045,In Use,AnonUser_0061,75
2026-04-01 08:00:00,Lab_206_PC046,In Use,AnonUser_0048,90
2026-04-01 08:00:00,Lab_206_PC047,In Use,AnonUser_0087,105
2026-04-01 08:00:00,Lab_206_PC048,In Use,AnonUser_0073,60
2026-04-01 08:00:00,Lab_206_PC049,Offline,N/A,N/A
2026-04-01 08:00:00,Lab_206_PC050,In Use,AnonUser_0065,210
2026-04-01 08:00:00,Lab_206_PC051,In Use,AnonUser_0069,75
2026-04-01 08:00:00,Lab_206_PC052,In Use,AnonUser_0035,150
2026-04-01 08:00:00,Lab_206_PC053,In Use,AnonUser_0176,45
2026-04-01 08:00:00,Lab_206_PC054,In Use,AnonUser_0054,30
2026-04-01 08:00:00,Lab_206_PC055,In Use,AnonUser_0008,45
2026-04-01 08:00:00,Lab_206_PC056,In Use,AnonUser_0050,75
2026-04-01 08:00:00,Lab_206_PC057,In Use,AnonUser_0076,0
2026-04-01 08:00:00,Lab_206_PC058,Offline,N/A,N/A
2026-04-01 08:00:00,Lab_206_PC059,In Use,AnonUser_0021,165
2026-04-01 08:00:00,Lab_206_PC060,In Use,AnonUser_0166,45
2026-04-01 08:00:00,Lab_210_PC061,Idle,AnonUser_0004,30
2026-04-01 08:00:00,Lab_210_PC062,In Use,AnonUser_0165,60
2026-04-01 08:00:00,Lab_210_PC063,Idle,AnonUser_0109,15
2026-04-01 08:00:00,Lab_210_PC064,Idle,AnonUser_0159,15
2026-04-01 08:00:00,Lab_210_PC065,In Use,AnonUser_0163,75
2026-04-01 08:00:00,Lab_210_PC066,In Use,AnonUser_0011,60
2026-04-01 08:00:00,Lab_210_PC067,In Use,AnonUser_0096,90
2026-04-01 08:00:00,Lab_210_PC068,In Use,AnonUser_0142,105
2026-04-01 08:00:00,Lab_210_PC069,In Use,AnonUser_0057,135
2026-04-01 08:00:00,Lab_210_PC070,In Use,AnonUser_0160,150
2026-04-01 08:00:00,Lab_210_PC071,In Use,AnonUser_0015,150
2026-04-01 08:00:00,Lab_210_PC072,In Use,AnonUser_0172,75
2026-04-01 08:00:00,Lab_210_PC073,Idle,AnonUser_0137,90
2026-04-01 08:00:00,Lab_210_PC074,Idle,AnonUser_0079,60
2026-04-01 08:00:00,Lab_210_PC075,In Use,AnonUser_0030,75
2026-04-01 08:00:00,Lab_210_PC076,In Use,AnonUser_0094,135
2026-04-01 08:00:00,Lab_210_PC077,In Use,AnonUser_0106,165
2026-04-01 08:00:00,Lab_210_PC078,In Use,AnonUser_0168,75
2026-04-01 08:00:00,Lab_210_PC079,In Use,AnonUser_0112,0
2026-04-01 08:00:00,Lab_210_PC080,In Use,AnonUser_0134,75
2026-04-01 08:00:00,Lab_210_PC081,In Use,AnonUser_0074,165
2026-04-01 08:00:00,Lab_219_PC082,In Use,AnonUser_0141,0
2026-04-01 08:00:00,Lab_219_PC083,Idle,AnonUser_0058,120
2026-04-01 08:00:00,Lab_219_PC084,In Use,AnonUser_0102,15
2026-04-01 08:00:00,Lab_219_PC085,In Use,AnonUser_0130,120
2026-04-01 08:00:00,Lab_219_PC086,In Use,AnonUser_0100,180
2026-04-01 08:00:00,Lab_219_PC087,Offline,N/A,N/A
2026-04-01 08:00:00,Lab_219_PC088,In Use,AnonUser_0098,180
2026-04-01 08:00:00,Lab_219_PC089,In Use,AnonUser_0041,75
2026-04-01 08:00:00,Lab_219_PC090,In Use,AnonUser_0024,0
2026-04-01 08:00:00,Lab_219_PC091,In Use,AnonUser_0149,105
2026-04-01 08:00:00,Lab_219_PC092,In Use,AnonUser_0121,90
2026-04-01 08:00:00,Lab_219_PC093,In Use,AnonUser_0053,165
2026-04-01 08:00:00,Lab_219_PC094,In Use,AnonUser_0120,135
2026-04-01 08:00:00,Lab_219_PC095,In Use,AnonUser_0177,135
2026-04-01 08:00:00,Lab_219_PC096,In Use,AnonUser_0103,180
2026-04-01 08:00:00,Lab_219_PC097,In Use,AnonUser_0028,120
2026-04-01 08:00:00,Lab_219_PC098,In Use,AnonUser_0119,195
2026-04-01 08:00:00,Lab_219_PC099,In Use,AnonUser_0132,0
2026-04-01 08:00:00,Lab_219_PC100,In Use,AnonUser_0027,75
2026-04-01 08:00:00,Lab_219_PC101,Idle,AnonUser_0158,75
2026-04-01 08:00:00,Lab_219_PC102,In Use,AnonUser_0170,45
2026-04-01 08:00:00,Lab_219_PC103,In Use,AnonUser_0068,0
2026-04-01 08:00:00,Lab_219_PC104,Offline,N/A,N/A
2026-04-01 08:00:00,Lab_219_PC105,In Use,AnonUser_0047,45
2026-04-01 08:00:00,Lab_219_PC106,Offline,N/A,N/A
2026-04-01 08:00:00,Lab_219_PC107,In Use,AnonUser_0144,105
2026-04-01 08:00:00,Lab_219_PC108,In Use,AnonUser_0064,45
2026-04-01 08:00:00,Lab_219_PC109,Idle,AnonUser_0152,180
2026-04-01 08:00:00,Lab_219_PC110,Idle,AnonUser_0150,165
2026-04-01 08:00:00,Lab_219_PC111,In Use,AnonUser_0126,105
2026-04-01 08:00:00,Lab_219_PC112,In Use,AnonUser_0055,165
2026-04-01 08:00:00,Lab_219_PC113,Offline,N/A,N/A
2026-04-01 08:00:00,Lab_219_PC114,In Use,AnonUser_0078,195
2026-04-01 08:00:00,Lab_219_PC115,Offline,N/A,N/A
2026-04-01 08:00:00,Lab_219_PC116,In Use,AnonUser_0026,75
2026-04-01 08:00:00,Lab_219_PC117,In Use,AnonUser_0118,15
2026-04-01 08:00:00,Lab_219_PC118,Idle,AnonUser_0080,165
2026-04-01 08:00:00,Lab_219_PC119,In Use,AnonUser_0071,15
2026-04-01 08:00:00,Lab_219_PC120,In Use,AnonUser_0175,105
2026-04-01 08:00:00,Lab_219_PC121,Idle,AnonUser_0084,0
2026-04-01 08:00:00,Lab_219_PC122,In Use,AnonUser_0111,165
2026-04-01 08:00:00,Lab_219_PC123,Idle,AnonUser_0029,90
2026-04-01 08:00:00,Lab_219_PC124,In Use,AnonUser_0125,0
2026-04-01 08:00:00,Lab_219_PC125,In Use,AnonUser_0025,45
2026-04-01 08:00:00,Lab_219_PC126,In Use,AnonUser_0124,105
2026-04-01 08:00:00,Lab_219_PC127,In Use,AnonUser_0013,135
2026-04-01 08:00:00,Lab_219_PC128,In Use,AnonUser_0161,30
2026-04-01 08:00:00,Lab_219_PC129,In Use,AnonUser_0038,150
2026-04-01 08:00:00,Lab_219_PC130,In Use,AnonUser_0104,165
2026-04-01 08:00:00,Lab_219_PC131,In Use,AnonUser_0155,60
2026-04-01 08:00:00,Lab_219_PC132,In Use,AnonUser_0062,15
2026-04-01 08:00:00,Lab_219_PC133,In Use,AnonUser_0122,30
2026-04-01 08:00:00,Lab_219_PC134,In Use,AnonUser_0088,165
2026-04-01 08:00:00,Lab_219_PC135,In Use,AnonUser_0060,90
2026-04-01 08:00:00,Lab_219_PC136,In Use,AnonUser_0016,165
2026-04-01 08:00:00,Lab_219_PC137,In Use,AnonUser_0007,45
2026-04-01 08:00:00,Lab_219_PC138,In Use,AnonUser_0077,60
2026-04-01 08:00:00,Lab_219_PC139,In Use,AnonUser_0093,45
2026-04-01 08:00:00,Lab_219_PC140,In Use,AnonUser_0097,15
2026-04-01 08:00:00,Lab_219_PC141,In Use,AnonUser_0140,135
2026-04-01 08:00:00,Lab_219_PC142,Idle,AnonUser_0002,60
2026-04-01 08:00:00,Lab_219_PC143,Offline,N/A,N/A
2026-04-01 08:00:00,Lab_219_PC144,In Use,AnonUser_0089,165
2026-04-01 08:00:00,Lab_219_PC145,In Use,AnonUser_0046,30
2026-04-01 08:00:00,Lab_219_PC146,Offline,N/A,N/A
2026-04-01 08:00:00,Lab_219_PC147,In Use,AnonUser_0173,0
2026-04-01 08:00:00,Lab_219_PC148,In Use,AnonUser_0023,30
2026-04-01 08:00:00,Lab_219_PC149,In Use,AnonUser_0145,60
2026-04-01 08:00:00,Lab_219_PC150,In Use,AnonUser_0114,105
2026-04-01 08:00:00,Lab_219_PC151,In Use,AnonUser_0040,45
2026-04-01 08:00:00,Lab_219_PC152,In Use,AnonUser_0162,90
2026-04-01 08:00:00,Lab_219_PC153,Idle,AnonUser_0020,120
2026-04-01 08:00:00,Lab_219_PC154,In Use,AnonUser_0083,15
2026-04-01 08:00:00,Lab_219_PC155,In Use,AnonUser_0164,30
2026-04-01 08:00:00,Lab_219_PC156,In Use,AnonUser_0085,30
2026-04-01 08:00:00,Lab_219_PC157,In Use,AnonUser_0092,105
2026-04-01 08:00:00,Lab_219_PC158,Offline,N/A,N/A
2026-04-01 08:00:00,Lab_219_PC159,Idle,AnonUser_0167,60
2026-04-01 08:00:00,Lab_219_PC160,In Use,AnonUser_0143,120
2026-04-01 08:00:00,Lab_219_PC161,In Use,AnonUser_0136,165
2026-04-01 08:00:00,Lab_219_PC162,In Use,AnonUser_0014,180
2026-04-01 08:00:00,Lab_219_PC163,In Use,AnonUser_0005,135
2026-04-01 08:00:00,Lab_219_PC164,In Use,AnonUser_0039,90
2026-04-01 08:00:00,Lab_219_PC165,In Use,AnonUser_0107,120
2026-04-01 08:00:00,Lab_219_PC166,In Use,AnonUser_0022,120
2026-04-01 08:00:00,Lab_219_PC167,Idle,AnonUser_0051,165
2026-04-01 08:00:00,Lab_219_PC168,Idle,AnonUser_0059,60
2026-04-01 08:00:00,Lab_219_PC169,In Use,AnonUser_0045,30
2026-04-01 08:00:00,Lab_219_PC170,In Use,AnonUser_0146,15
2026-04-01 08:00:00,Lab_219_PC171,In Use,AnonUser_0115,150
2026-04-01 08:00:00,Lab_219_PC172,In Use,AnonUser_0010,60
2026-04-01 08:00:00,Lab_219_PC173,In Use,AnonUser_0091,30
2026-04-01 08:00:00,Lab_219_PC174,Idle,AnonUser_0075,105
2026-04-01 08:00:00,Lab_219_PC175,In Use,AnonUser_0031,120
2026-04-01 08:00:00,Lab_219_PC176,In Use,AnonUser_0034,90
2026-04-01 08:00:00,Lab_219_PC177,Idle,AnonUser_0056,45
2026-04-01 08:00:00,Lab_219_PC178,In Use,AnonUser_0037,0
2026-04-01 08:00:00,Lab_219_PC179,In Use,AnonUser_0110,30
2026-04-01 08:15:00,Lab_202_PC001,Idle,AnonUser_0099,105
2026-04-01 08:15:00,Lab_202_PC002,In Use,AnonUser_0101,30
2026-04-01 08:15:00,Lab_202_PC003,In Use,AnonUser_0151,120
2026-04-01 08:15:00,Lab_202_PC004,Idle,AnonUser_0036,15
2026-04-01 08:15:00,Lab_202_PC005,In Use,AnonUser_0156,105
2026-04-01 08:15:00,Lab_202_PC006,In Use,AnonUser_0042,195
2026-04-01 08:15:00,Lab_202_PC007,In Use,AnonUser_0032,105
2026-04-01 08:15:00,Lab_202_PC008,In Use,AnonUser_0001,75
2026-04-01 08:15:00,Lab_202_PC009,In Use,AnonUser_0052,75
2026-04-01 08:15:00,Lab_202_PC010,In Use,AnonUser_0012,30
2026-04-01 08:15:00,Lab_202_PC011,In Use,AnonUser_0154,135
2026-04-01 08:15:00,Lab_202_PC012,Idle,AnonUser_0157,150
2026-04-01 08:15:00,Lab_202_PC013,Idle,AnonUser_0017,90
2026-04-01 08:15:00,Lab_202_PC014,Offline,N/A,N/A
2026-04-01 08:15:00,Lab_202_PC015,In Use,AnonUser_0116,120
2026-04-01 08:15:00,Lab_202_PC016,In Use,AnonUser_0108,105
2026-04-01 08:15:00,Lab_202_PC017,In Use,AnonUser_0153,15
2026-04-01 08:15:00,Lab_202_PC018,In Use,AnonUser_0090,30
2026-04-01 08:15:00,Lab_202_PC019,In Use,AnonUser_0131,75
2026-04-01 08:15:00,Lab_202_PC020,In Use,AnonUser_0123,15
2026-04-01 08:15:00,Lab_202_PC021,Offline,N/A,N/A
2026-04-01 08:15:00,Lab_202_PC022,Idle,AnonUser_0006,135
2026-04-01 08:15:00,Lab_202_PC023,In Use,AnonUser_0033,150
2026-04-01 08:15:00,Lab_202_PC024,In Use,AnonUser_0019,90
2026-04-01 08:15:00,Lab_202_PC025,Idle,AnonUser_0135,75
2026-04-01 08:15:00,Lab_202_PC026,In Use,AnonUser_0113,90
2026-04-01 08:15:00,Lab_202_PC027,In Use,AnonUser_0129,165
2026-04-01 08:15:00,Lab_202_PC028,In Use,AnonUser_0072,0
2026-04-01 08:15:00,Lab_202_PC029,In Use,AnonUser_0082,165
2026-04-01 08:15:00,Lab_202_PC030,Idle,AnonUser_0003,135
2026-04-01 08:15:00,Lab_206_PC031,In Use,AnonUser_0117,225
2026-04-01 08:15:00,Lab_206_PC032,Offline,N/A,N/A
2026-04-01 08:15:00,Lab_206_PC033,In Use,AnonUser_0169,90
2026-04-01 08:15:00,Lab_206_PC034,In Use,AnonUser_0148,0
2026-04-01 08:15:00,Lab_206_PC035,In Use,AnonUser_0179,135
2026-04-01 08:15:00,Lab_206_PC036,In Use,AnonUser_0070,0
2026-04-01 08:15:00,Lab_206_PC037,In Use,AnonUser_0171,120
2026-04-01 08:15:00,Lab_206_PC038,In Use,AnonUser_0178,45
2026-04-01 08:15:00,Lab_206_PC039,In Use,AnonUser_0086,90
2026-04-01 08:15:00,Lab_206_PC040,In Use,AnonUser_0049,15
2026-04-01 08:15:00,Lab_206_PC041,Idle,AnonUser_0066,15
2026-04-01 08:15:00,Lab_206_PC042,Idle,AnonUser_0105,0
2026-04-01 08:15:00,Lab_206_PC043,Idle,AnonUser_0044,75
2026-04-01 08:15:00,Lab_206_PC044,In Use,AnonUser_0009,0
2026-04-01 08:15:00,Lab_206_PC045,In Use,AnonUser_0061,60
2026-04-01 08:15:00,Lab_206_PC046,Idle,AnonUser_0048,75
2026-04-01 08:15:00,Lab_206_PC047,In Use,AnonUser_0087,90
2026-04-01 08:15:00,Lab_206_PC048,In Use,AnonUser_0073,45
2026-04-01 08:15:00,Lab_206_PC049,In Use,AnonUser_0128,30
2026-04-01 08:15:00,Lab_206_PC050,In Use,AnonUser_0065,195
2026-04-01 08:15:00,Lab_206_PC051,In Use,AnonUser_0069,60
2026-04-01 08:15:00,Lab_206_PC052,In Use,AnonUser_0035,135
2026-04-01 08:15:00,Lab_206_PC053,In Use,AnonUser_0176,30
2026-04-01 08:15:00,Lab_206_PC054,In Use,AnonUser_0054,15
2026-04-01 08:15:00,Lab_206_PC055,In Use,AnonUser_0008,30
2026-04-01 08:15:00,Lab_206_PC056,In Use,AnonUser_0050,60
2026-04-01 08:15:00,Lab_206_PC057,Offline,N/A,N/A
2026-04-01 08:15:00,Lab_206_PC058,Offline,N/A,N/A
2026-04-01 08:15:00,Lab_206_PC059,In Use,AnonUser_0021,150
2026-04-01 08:15:00,Lab_206_PC060,In Use,AnonUser_0166,30
2026-04-01 08:15:00,Lab_210_PC061,In Use,AnonUser_0004,15
2026-04-01 08:15:00,Lab_210_PC062,In Use,AnonUser_0165,45
2026-04-01 08:15:00,Lab_210_PC063,In Use,AnonUser_0109,0
2026-04-01 08:15:00,Lab_210_PC064,In Use,AnonUser_0159,0
2026-04-01 08:15:00,Lab_210_PC065,In Use,AnonUser_0163,60
2026-04-01 08:15:00,Lab_210_PC066,Idle,AnonUser_0011,45
2026-04-01 08:15:00,Lab_210_PC067,In Use,AnonUser_0096,75
2026-04-01 08:15:00,Lab_210_PC068,In Use,AnonUser_0142,90
2026-04-01 08:15:00,Lab_210_PC069,In Use,AnonUser_0057,120
2026-04-01 08:15:00,Lab_210_PC070,In Use,AnonUser_0160,135
2026-04-01 08:15:00,Lab_210_PC071,In Use,AnonUser_0015,135
2026-04-01 08:15:00,Lab_210_PC072,Idle,AnonUser_0172,60
2026-04-01 08:15:00,Lab_210_PC073,In Use,AnonUser_0137,75
2026-04-01 08:15:00,Lab_210_PC074,In Use,AnonUser_0079,45
2026-04-01 08:15:00,Lab_210_PC075,In Use,AnonUser_0030,60
2026-04-01 08:15:00,Lab_210_PC076,In Use,AnonUser_0094,120
2026-04-01 08:15:00,Lab_210_PC077,In Use,AnonUser_0106,150
2026-04-01 08:15:00,Lab_210_PC078,In Use,AnonUser_0168,60
2026-04-01 08:15:00,Lab_210_PC079,In Use,AnonUser_0063,45
2026-04-01 08:15:00,Lab_210_PC080,Idle,AnonUser_0134,60
2026-04-01 08:15:00,Lab_210_PC081,In Use,AnonUser_0074,150
2026-04-01 08:15:00,Lab_219_PC082,In Use,AnonUser_0133,120
2026-04-01 08:15:00,Lab_219_PC083,Idle,AnonUser_0058,105
2026-04-01 08:15:00,Lab_219_PC084,In Use,AnonUser_0102,0
2026-04-01 08:15:00,Lab_219_PC085,Idle,AnonUser_0130,105
2026-04-01 08:15:00,Lab_219_PC086,Idle,AnonUser_0100,165
2026-04-01 08:15:00,Lab_219_PC087,Idle,AnonUser_0147,105
2026-04-01 08:15:00,Lab_219_PC088,Idle,AnonUser_0098,165
2026-04-01 08:15:00,Lab_219_PC089,In Use,AnonUser_0041,60
2026-04-01 08:15:00,Lab_219_PC090,In Use,AnonUser_0043,105
2026-04-01 08:15:00,Lab_219_PC091,In Use,AnonUser_0149,90
2026-04-01 08:15:00,Lab_219_PC092,In Use,AnonUser_0121,75
2026-04-01 08:15:00,Lab_219_PC093,In Use,AnonUser_0053,150
2026-04-01 08:15:00,Lab_219_PC094,In Use,AnonUser_0120,120
2026-04-01 08:15:00,Lab_219_PC095,In Use,AnonUser_0177,120
2026-04-01 08:15:00,Lab_219_PC096,In Use,AnonUser_0103,165
2026-04-01 08:15:00,Lab_219_PC097,In Use,AnonUser_0028,105
2026-04-01 08:15:00,Lab_219_PC098,In Use,AnonUser_0119,180
2026-04-01 08:15:00,Lab_219_PC099,In Use,AnonUser_0024,165
2026-04-01 08:15:00,Lab_219_PC100,Idle,AnonUser_0027,60
2026-04-01 08:15:00,Lab_219_PC101,In Use,AnonUser_0158,60
2026-04-01 08:15:00,Lab_219_PC102,In Use,AnonUser_0170,30
2026-04-01 08:15:00,Lab_219_PC103,Offline,N/A,N/A
2026-04-01 08:15:00,Lab_219_PC104,Offline,N/A,N/A
2026-04-01 08:15:00,Lab_219_PC105,In Use,AnonUser_0047,30
2026-04-01 08:15:00,Lab_219_PC106,In Use,AnonUser_0139,15
2026-04-01 08:15:00,Lab_219_PC107,In Use,AnonUser_0144,90
2026-04-01 08:15:00,Lab_219_PC108,In Use,AnonUser_0064,30
2026-04-01 08:15:00,Lab_219_PC109,In Use,AnonUser_0152,165
2026-04-01 08:15:00,Lab_219_PC110,In Use,AnonUser_0150,150
2026-04-01 08:15:00,Lab_219_PC111,In Use,AnonUser_0126,90
2026-04-01 08:15:00,Lab_219_PC112,In Use,AnonUser_0055,150
2026-04-01 08:15:00,Lab_219_PC113,Offline,N/A,N/A
2026-04-01 08:15:00,Lab_219_PC114,In Use,AnonUser_0078,180
2026-04-01 08:15:00,Lab_219_PC115,In Use,AnonUser_0076,135
2026-04-01 08:15:00,Lab_219_PC116,Idle,AnonUser_0026,60
2026-04-01 08:15:00,Lab_219_PC117,In Use,AnonUser_0118,0
2026-04-01 08:15:00,Lab_219_PC118,Idle,AnonUser_0080,150
2026-04-01 08:15:00,Lab_219_PC119,In Use,AnonUser_0071,0
2026-04-01 08:15:00,Lab_219_PC120,In Use,AnonUser_0175,90
2026-04-01 08:15:00,Lab_219_PC121,Offline,N/A,N/A
2026-04-01 08:15:00,Lab_219_PC122,In Use,AnonUser_0111,150
2026-04-01 08:15:00,Lab_219_PC123,In Use,AnonUser_0029,75
2026-04-01 08:15:00,Lab_219_PC124,Offline,N/A,N/A
2026-04-01 08:15:00,Lab_219_PC125,In Use,AnonUser_0025,30
2026-04-01 08:15:00,Lab_219_PC126,In Use,AnonUser_0124,90
2026-04-01 08:15:00,Lab_219_PC127,In Use,AnonUser_0013,120
2026-04-01 08:15:00,Lab_219_PC128,In Use,AnonUser_0161,15
2026-04-01 08:15:00,Lab_219_PC129,In Use,AnonUser_0038,135
2026-04-01 08:15:00,Lab_219_PC130,In Use,AnonUser_0104,150
2026-04-01 08:15:00,Lab_219_PC131,In Use,AnonUser_0155,45
2026-04-01 08:15:00,Lab_219_PC132,In Use,AnonUser_0062,0
2026-04-01 08:15:00,Lab_219_PC133,In Use,AnonUser_0122,15
2026-04-01 08:15:00,Lab_219_PC134,Idle,AnonUser_0088,150
2026-04-01 08:15:00,Lab_219_PC135,Idle,AnonUser_0060,75
2026-04-01 08:15:00,Lab_219_PC136,In Use,AnonUser_0016,150
2026-04-01 08:15:00,Lab_219_PC137,In Use,AnonUser_0007,30
2026-04-01 08:15:00,Lab_219_PC138,In Use,AnonUser_0077,45
2026-04-01 08:15:00,Lab_219_PC139,In Use,AnonUser_0093,30
2026-04-01 08:15:00,Lab_219_PC140,In Use,AnonUser_0097,0
2026-04-01 08:15:00,Lab_219_PC141,In Use,AnonUser_0140,120
2026-04-01 08:15:00,Lab_219_PC142,In Use,AnonUser_0002,45
2026-04-01 08:15:00,Lab_219_PC143,In Use,AnonUser_0084,150
2026-04-01 08:15:00,Lab_219_PC144,Idle,AnonUser_0089,150
2026-04-01 08:15:00,Lab_219_PC145,In Use,AnonUser_0046,15
2026-04-01 08:15:00,Lab_219_PC146,In Use,AnonUser_0018,150
2026-04-01 08:15:00,Lab_219_PC147,Offline,N/A,N/A
2026-04-01 08:15:00,Lab_219_PC148,In Use,AnonUser_0023,15
2026-04-01 08:15:00,Lab_219_PC149,In Use,AnonUser_0145,45
2026-04-01 08:15:00,Lab_219_PC150,Idle,AnonUser_0114,90
2026-04-01 08:15:00,Lab_219_PC151,In Use,AnonUser_0040,30
2026-04-01 08:15:00,Lab_219_PC152,In Use,AnonUser_0162,75
2026-04-01 08:15:00,Lab_219_PC153,In Use,AnonUser_0020,105
2026-04-01 08:15:00,Lab_219_PC154,In Use,AnonUser_0083,0
2026-04-01 08:15:00,Lab_219_PC155,In Use,AnonUser_0164,15
2026-04-01 08:15:00,Lab_219_PC156,In Use,AnonUser_0085,15
2026-04-01 08:15:00,Lab_219_PC157,In Use,AnonUser_0092,90
2026-04-01 08:15:00,Lab_219_PC158,Idle,AnonUser_0125,150
2026-04-01 08:15:00,Lab_219_PC159,Idle,AnonUser_0167,45
2026-04-01 08:15:00,Lab_219_PC160,In Use,AnonUser_0143,105
2026-04-01 08:15:00,Lab_219_PC161,In Use,AnonUser_0136,150
2026-04-01 08:15:00,Lab_219_PC162,In Use,AnonUser_0014,165
2026-04-01 08:15:00,Lab_219_PC163,In Use,AnonUser_0005,120
2026-04-01 08:15:00,Lab_219_PC164,In Use,AnonUser_0039,75
2026-04-01 08:15:00,Lab_219_PC165,In Use,AnonUser_0107,105
2026-04-01 08:15:00,Lab_219_PC166,In Use,AnonUser_0022,105
2026-04-01 08:15:00,Lab_219_PC167,In Use,AnonUser_0051,150
2026-04-01 08:15:00,Lab_219_PC168,Idle,AnonUser_0059,45
2026-04-01 08:15:00,Lab_219_PC169,In Use,AnonUser_0045,15
2026-04-01 08:15:00,Lab_219_PC170,In Use,AnonUser_0146,0
2026-04-01 08:15:00,Lab_219_PC171,In Use,AnonUser_0115,135
2026-04-01 08:15:00,Lab_219_PC172,In Use,AnonUser_0010,45
2026-04-01 08:15:00,Lab_219_PC173,Idle,AnonUser_0091,15
2026-04-01 08:15:00,Lab_219_PC174,In Use,AnonUser_0075,90
2026-04-01 08:15:00,Lab_219_PC175,In Use,AnonUser_0031,105
2026-04-01 08:15:00,Lab_219_PC176,In Use,AnonUser_0034,75
2026-04-01 08:15:00,Lab_219_PC177,In Use,AnonUser_0056,30
2026-04-01 08:15:00,Lab_219_PC178,In Use,AnonUser_0068,165
2026-04-01 08:15:00,Lab_219_PC179,In Use,AnonUser_0110,15
2026-04-01 08:30:00,Lab_202_PC001,Idle,AnonUser_0099,90
2026-04-01 08:30:00,Lab_202_PC002,In Use,AnonUser_0101,15
2026-04-01 08:30:00,Lab_202_PC003,In Use,AnonUser_0151,105
2026-04-01 08:30:00,Lab_202_PC004,In Use,AnonUser_0036,0
2026-04-01 08:30:00,Lab_202_PC005,In Use,AnonUser_0156,90
2026-04-01 08:30:00,Lab_202_PC006,In Use,AnonUser_0042,180
2026-04-01 08:30:00,Lab_202_PC007,In Use,AnonUser_0032,90
2026-04-01 08:30:00,Lab_202_PC008,In Use,AnonUser_0001,60
2026-04-01 08:30:00,Lab_202_PC009,In Use,AnonUser_0052,60
2026-04-01 08:30:00,Lab_202_PC010,Idle,AnonUser_0012,15
2026-04-01 08:30:00,Lab_202_PC011,In Use,AnonUser_0154,120
2026-04-01 08:30:00,Lab_202_PC012,In Use,AnonUser_0157,135
2026-04-01 08:30:00,Lab_202_PC013,In Use,AnonUser_0017,75
2026-04-01 08:30:00,Lab_202_PC014,Offline,N/A,N/A
2026-04-01 08:30:00,Lab_202_PC015,In Use,AnonUser_0116,105
2026-04-01 08:30:00,Lab_202_PC016,In Use,AnonUser_0108,90
2026-04-01 08:30:00,Lab_202_PC017,Idle,AnonUser_0153,0
2026-04-01 08:30:00,Lab_202_PC018,In Use,AnonUser_0090,15
2026-04-01 08:30:00,Lab_202_PC019,In Use,AnonUser_0131,60
2026-04-01 08:30:00,Lab_202_PC020,In Use,AnonUser_0123,0
2026-04-01 08:30:00,Lab_202_PC021,Idle,AnonUser_0037,60
2026-04-01 08:30:00,Lab_202_PC022,In Use,AnonUser_0006,120
2026-04-01 08:30:00,Lab_202_PC023,In Use,AnonUser_0033,135
2026-04-01 08:30:00,Lab_202_PC024,In Use,AnonUser_0019,75
2026-04-01 08:30:00,Lab_202_PC025,In Use,AnonUser_0135,60
2026-04-01 08:30:00,Lab_202_PC026,In Use,AnonUser_0113,75
2026-04-01 08:30:00,Lab_202_PC027,In Use,AnonUser_0129,150
2026-04-01 08:30:00,Lab_202_PC028,In Use,AnonUser_0112,120
2026-04-01 08:30:00,Lab_202_PC029,In Use,AnonUser_0082,150
2026-04-01 08:30:00,Lab_202_PC030,In Use,AnonUser_0003,120
2026-04-01 08:30:00,Lab_206_PC031,In Use,AnonUser_0117,210
2026-04-01 08:30:00,Lab_206_PC032,In Use,AnonUser_0081,165
2026-04-01 08:30:00,Lab_206_PC033,In Use,AnonUser_0169,75
2026-04-01 08:30:00,Lab_206_PC034,Offline,N/A,N/A
2026-04-01 08:30:00,Lab_206_PC035,In Use,AnonUser_0179,120
2026-04-01 08:30:00,Lab_206_PC036,Offline,N/A,N/A
2026-04-01 08:30:00,Lab_206_PC037,In Use,AnonUser_0171,105
2026-04-01 08:30:00,Lab_206_PC038,In Use,AnonUser_0178,30
2026-04-01 08:30:00,Lab_206_PC039,Idle,AnonUser_0086,75
2026-04-01 08:30:00,Lab_206_PC040,In Use,AnonUser_0049,0
2026-04-01 08:30:00,Lab_206_PC041,In Use,AnonUser_0066,0
2026-04-01 08:30:00,Lab_206_PC042,Offline,N/A,N/A
2026-04-01 08:30:00,Lab_206_PC043,In Use,AnonUser_0044,60
2026-04-01 08:30:00,Lab_206_PC044,In Use,AnonUser_0174,210
2026-04-01 08:30:00,Lab_206_PC045,In Use,AnonUser_0061,45
2026-04-01 08:30:00,Lab_206_PC046,In Use,AnonUser_0048,60
2026-04-01 08:30:00,Lab_206_PC047,In Use,AnonUser_0087,75
2026-04-01 08:30:00,Lab_206_PC048,In Use,AnonUser_0073,30
2026-04-01 08:30:00,Lab_206_PC049,In Use,AnonUser_0128,15
2026-04-01 08:30:00,Lab_206_PC050,In Use,AnonUser_0065,180
2026-04-01 08:30:00,Lab_206_PC051,In Use,AnonUser_0069,45
2026-04-01 08:30:00,Lab_206_PC052,In Use,AnonUser_0035,120
2026-04-01 08:30:00,Lab_206_PC053,In Use,AnonUser_0176,15
2026-04-01 08:30:00,Lab_206_PC054,In Use,AnonUser_0054,0
2026-04-01 08:30:00,Lab_206_PC055,In Use,AnonUser_0008,15
2026-04-01 08:30:00,Lab_206_PC056,In Use,AnonUser_0050,45
2026-04-01 08:30:00,Lab_206_PC057,In Use,AnonUser_0148,105
2026-04-01 08:30:00,Lab_206_PC058,In Use,AnonUser_0067,180
2026-04-01 08:30:00,Lab_206_PC059,In Use,AnonUser_0021,135
2026-04-01 08:30:00,Lab_206_PC060,In Use,AnonUser_0166,15
2026-04-01 08:30:00,Lab_210_PC061,Idle,AnonUser_0004,0
2026-04-01 08:30:00,Lab_210_PC062,In Use,AnonUser_0165,30
2026-04-01 08:30:00,Lab_210_PC063,Idle,AnonUser_0009,120
2026-04-01 08:30:00,Lab_210_PC064,Offline,N/A,N/A
2026-04-01 08:30:00,Lab_210_PC065,Idle,AnonUser_0163,45
2026-04-01 08:30:00,Lab_210_PC066,In Use,AnonUser_0011,30
2026-04-01 08:30:00,Lab_210_PC067,In Use,AnonUser_0096,60
2026-04-01 08:30:00,Lab_210_PC068,In Use,AnonUser_0142,75
2026-04-01 08:30:00,Lab_210_PC069,In Use,AnonUser_0057,105
2026-04-01 08:30:00,Lab_210_PC070,In Use,AnonUser_0160,120
2026-04-01 08:30:00,Lab_210_PC071,In Use,AnonUser_0015,120
2026-04-01 08:30:00,Lab_210_PC072,In Use,AnonUser_0172,45
2026-04-01 08:30:00,Lab_210_PC073,In Use,AnonUser_0137,60
2026-04-01 08:30:00,Lab_210_PC074,In Use,AnonUser_0079,30
2026-04-01 08:30:00,Lab_210_PC075,In Use,AnonUser_0030,45
2026-04-01 08:30:00,Lab_210_PC076,In Use,AnonUser_0094,105
2026-04-01 08:30:00,Lab_210_PC077,In Use,AnonUser_0106,135
2026-04-01 08:30:00,Lab_210_PC078,Idle,AnonUser_0168,45
2026-04-01 08:30:00,Lab_210_PC079,In Use,AnonUser_0063,30
2026-04-01 08:30:00,Lab_210_PC080,In Use,AnonUser_0134,45
2026-04-01 08:30:00,Lab_210_PC081,In Use,AnonUser_0074,135
2026-04-01 08:30:00,Lab_219_PC082,In Use,AnonUser_0133,105
2026-04-01 08:30:00,Lab_219_PC083,In Use,AnonUser_0058,90
2026-04-01 08:30:00,Lab_219_PC084,Offline,N/A,N/A
2026-04-01 08:30:00,Lab_219_PC085,In Use,AnonUser_0130,90
2026-04-01 08:30:00,Lab_219_PC086,In Use,AnonUser_0100,150
2026-04-01 08:30:00,Lab_219_PC087,In Use,AnonUser_0147,90
2026-04-01 08:30:00,Lab_219_PC088,Idle,AnonUser_0098,150
2026-04-01 08:30:00,Lab_219_PC089,In Use,AnonUser_0041,45
2026-04-01 08:30:00,Lab_219_PC090,In Use,AnonUser_0043,90
2026-04-01 08:30:00,Lab_219_PC091,Idle,AnonUser_0149,75
2026-04-01 08:30:00,Lab_219_PC092,In Use,AnonUser_0121,60
2026-04-01 08:30:00,Lab_219_PC093,In Use,AnonUser_0053,135
2026-04-01 08:30:00,Lab_219_PC094,In Use,AnonUser_0120,105
2026-04-01 08:30:00,Lab_219_PC095,In Use,AnonUser_0177,105
2026-04-01 08:30:00,Lab_219_PC096,Idle,AnonUser_0103,150
2026-04-01 08:30:00,Lab_219_PC097,In Use,AnonUser_0028,90
2026-04-01 08:30:00,Lab_219_PC098,In Use,AnonUser_0119,165
2026-04-01 08:30:00,Lab_219_PC099,In Use,AnonUser_0024,150
2026-04-01 08:30:00,Lab_219_PC100,In Use,AnonUser_0027,45
2026-04-01 08:30:00,Lab_219_PC101,Idle,AnonUser_0158,45
2026-04-01 08:30:00,Lab_219_PC102,In Use,AnonUser_0170,15
2026-04-01 08:30:00,Lab_219_PC103,In Use,AnonUser_0173,30
2026-04-01 08:30:00,Lab_219_PC104,Offline,N/A,N/A
2026-04-01 08:30:00,Lab_219_PC105,In Use,AnonUser_0047,15
2026-04-01 08:30:00,Lab_219_PC106,In Use,AnonUser_0139,0
2026-04-01 08:30:00,Lab_219_PC107,In Use,AnonUser_0144,75
2026-04-01 08:30:00,Lab_219_PC108,Idle,AnonUser_0064,15
2026-04-01 08:30:00,Lab_219_PC109,In Use,AnonUser_0152,150
2026-04-01 08:30:00,Lab_219_PC110,In Use,AnonUser_0150,135
2026-04-01 08:30:00,Lab_219_PC111,In Use,AnonUser_0126,75
2026-04-01 08:30:00,Lab_219_PC112,In Use,AnonUser_0055,135
2026-04-01 08:30:00,Lab_219_PC113,Offline,N/A,N/A
2026-04-01 08:30:00,Lab_219_PC114,In Use,AnonUser_0078,165
2026-04-01 08:30:00,Lab_219_PC115,In Use,AnonUser_0076,120
2026-04-01 08:30:00,Lab_219_PC116,In Use,AnonUser_0026,45
2026-04-01 08:30:00,Lab_219_PC117,Offline,N/A,N/A
2026-04-01 08:30:00,Lab_219_PC118,In Use,AnonUser_0080,135
2026-04-01 08:30:00,Lab_219_PC119,Offline,N/A,N/A
2026-04-01 08:30:00,Lab_219_PC120,In Use,AnonUser_0175,75
2026-04-01 08:30:00,Lab_219_PC121,Offline,N/A,N/A
2026-04-01 08:30:00,Lab_219_PC122,Idle,AnonUser_0111,135
2026-04-01 08:30:00,Lab_219_PC123,In Use,AnonUser_0029,60
2026-04-01 08:30:00,Lab_219_PC124,In Use,AnonUser_0095,0
2026-04-01 08:30:00,Lab_219_PC125,In Use,AnonUser_0025,15
2026-04-01 08:30:00,Lab_219_PC126,In Use,AnonUser_0124,75
2026-04-01 08:30:00,Lab_219_PC127,In Use,AnonUser_0013,105
2026-04-01 08:30:00,Lab_219_PC128,In Use,AnonUser_0161,0
2026-04-01 08:30:00,Lab_219_PC129,Idle,AnonUser_0038,120
2026-04-01 08:30:00,Lab_219_PC130,In Use,AnonUser_0104,135
2026-04-01 08:30:00,Lab_219_PC131,In Use,AnonUser_0155,30
2026-04-01 08:30:00,Lab_219_PC132,Offline,N/A,N/A
2026-04-01 08:30:00,Lab_219_PC133,In Use,AnonUser_0122,0
2026-04-01 08:30:00,Lab_219_PC134,In Use,AnonUser_0088,135
2026-04-01 08:30:00,Lab_219_PC135,In Use,AnonUser_0060,60
2026-04-01 08:30:00,Lab_219_PC136,In Use,AnonUser_0016,135
2026-04-01 08:30:00,Lab_219_PC137,In Use,AnonUser_0007,15
2026-04-01 08:30:00,Lab_219_PC138,In Use,AnonUser_0077,30
2026-04-01 08:30:00,Lab_219_PC139,In Use,AnonUser_0093,15
2026-04-01 08:30:00,Lab_219_PC140,Offline,N/A,N/A
2026-04-01 08:30:00,Lab_219_PC141,In Use,AnonUser_0140,105
2026-04-01 08:30:00,Lab_219_PC142,Idle,AnonUser_0002,30
2026-04-01 08:30:00,Lab_219_PC143,In Use,AnonUser_0084,135
2026-04-01 08:30:00,Lab_219_PC144,In Use,AnonUser_0089,135
2026-04-01 08:30:00,Lab_219_PC145,Idle,AnonUser_0046,0
2026-04-01 08:30:00,Lab_219_PC146,Idle,AnonUser_0018,135
2026-04-01 08:30:00,Lab_219_PC147,In Use,AnonUser_0127,210
2026-04-01 08:30:00,Lab_219_PC148,Idle,AnonUser_0023,0
2026-04-01 08:30:00,Lab_219_PC149,In Use,AnonUser_0145,30
2026-04-01 08:30:00,Lab_219_PC150,In Use,AnonUser_0114,75
2026-04-01 08:30:00,Lab_219_PC151,In Use,AnonUser_0040,15
2026-04-01 08:30:00,Lab_219_PC152,In Use,AnonUser_0162,60
2026-04-01 08:30:00,Lab_219_PC153,In Use,AnonUser_0020,90
2026-04-01 08:30:00,Lab_219_PC154,Offline,N/A,N/A
2026-04-01 08:30:00,Lab_219_PC155,Idle,AnonUser_0164,0
2026-04-01 08:30:00,Lab_219_PC156,In Use,AnonUser_0085,0
2026-04-01 08:30:00,Lab_219_PC157,In Use,AnonUser_0092,75
2026-04-01 08:30:00,Lab_219_PC158,In Use,AnonUser_0125,135
2026-04-01 08:30:00,Lab_219_PC159,Idle,AnonUser_0167,30
2026-04-01 08:30:00,Lab_219_PC160,In Use,AnonUser_0143,90
2026-04-01 08:30:00,Lab_219_PC161,In Use,AnonUser_0136,135
2026-04-01 08:30:00,Lab_219_PC162,In Use,AnonUser_0014,150
2026-04-01 08:30:00,Lab_219_PC163,In Use,AnonUser_0005,105
2026-04-01 08:30:00,Lab_219_PC164,Idle,AnonUser_0039,60
2026-04-01 08:30:00,Lab_219_PC165,In Use,AnonUser_0107,90
2026-04-01 08:30:00,Lab_219_PC166,In Use,AnonUser_0022,90
2026-04-01 08:30:00,Lab_219_PC167,In Use,AnonUser_0051,135
2026-04-01 08:30:00,Lab_219_PC168,In Use,AnonUser_0059,30
2026-04-01 08:30:00,Lab_219_PC169,Idle,AnonUser_0045,0
2026-04-01 08:30:00,Lab_219_PC170,In Use,AnonUser_0072,225
2026-04-01 08:30:00,Lab_219_PC171,In Use,AnonUser_0115,120
2026-04-01 08:30:00,Lab_219_PC172,In Use,AnonUser_0010,30
2026-04-01 08:30:00,Lab_219_PC173,In Use,AnonUser_0091,0
2026-04-01 08:30:00,Lab_219_PC174,In Use,AnonUser_0075,75
2026-04-01 08:30:00,Lab_219_PC175,In Use,AnonUser_0031,90
2026-04-01 08:30:00,Lab_219_PC176,In Use,AnonUser_0034,60
2026-04-01 08:30:00,Lab_219_PC177,In Use,AnonUser_0056,15
2026-04-01 08:30:00,Lab_219_PC178,In Use,AnonUser_0068,150
2026-04-01 08:30:00,Lab_219_PC179,In Use,AnonUser_0110,0
2026-04-01 08:45:00,Lab_202_PC001,In Use,AnonUser_0099,75
2026-04-01 08:45:00,Lab_202_PC002,Idle,AnonUser_0101,0
2026-04-01 08:45:00,Lab_202_PC003,In Use,AnonUser_0151,90
2026-04-01 08:45:00,Lab_202_PC004,Offline,N/A,N/A
2026-04-01 08:45:00,Lab_202_PC005,In Use,AnonUser_0156,75
2026-04-01 08:45:00,Lab_202_PC006,In Use,AnonUser_0042,165
2026-04-01 08:45:00,Lab_202_PC007,In Use,AnonUser_0032,75
2026-04-01 08:45:00,Lab_202_PC008,In Use,AnonUser_0001,45
2026-04-01 08:45:00,Lab_202_PC009,In Use,AnonUser_0052,45
2026-04-01 08:45:00,Lab_202_PC010,In Use,AnonUser_0012,0
2026-04-01 08:45:00,Lab_202_PC011,In Use,AnonUser_0154,105
2026-04-01 08:45:00,Lab_202_PC012,Idle,AnonUser_0157,120
2026-04-01 08:45:00,Lab_202_PC013,In Use,AnonUser_0017,60
2026-04-01 08:45:00,Lab_202_PC014,Idle,AnonUser_0118,30
2026-04-01 08:45:00,Lab_202_PC015,In Use,AnonUser_0116,90
2026-04-01 08:45:00,Lab_202_PC016,In Use,AnonUser_0108,75
2026-04-01 08:45:00,Lab_202_PC017,In Use,AnonUser_0153,135
2026-04-01 08:45:00,Lab_202_PC018,In Use,AnonUser_0090,0
2026-04-01 08:45:00,Lab_202_PC019,In Use,AnonUser_0131,45
2026-04-01 08:45:00,Lab_202_PC020,Offline,N/A,N/A
2026-04-01 08:45:00,Lab_202_PC021,In Use,AnonUser_0037,45
2026-04-01 08:45:00,Lab_202_PC022,In Use,AnonUser_0006,105
2026-04-01 08:45:00,Lab_202_PC023,In Use,AnonUser_0033,120
2026-04-01 08:45:00,Lab_202_PC024,In Use,AnonUser_0019,60
2026-04-01 08:45:00,Lab_202_PC025,In Use,AnonUser_0135,45
2026-04-01 08:45:00,Lab_202_PC026,In Use,AnonUser_0113,60
2026-04-01 08:45:00,Lab_202_PC027,In Use,AnonUser_0129,135
2026-04-01 08:45:00,Lab_202_PC028,Idle,AnonUser_0112,105
2026-04-01 08:45:00,Lab_202_PC029,Idle,AnonUser_0082,135
2026-04-01 08:45:00,Lab_202_PC030,In Use,AnonUser_0003,105
2026-04-01 08:45:00,Lab_206_PC031,In Use,AnonUser_0117,195
2026-04-01 08:45:00,Lab_206_PC032,In Use,AnonUser_0081,150
2026-04-01 08:45:00,Lab_206_PC033,Idle,AnonUser_0169,60
2026-04-01 08:45:00,Lab_206_PC034,Offline,N/A,N/A
2026-04-01 08:45:00,Lab_206_PC035,In Use,AnonUser_0179,105
2026-04-01 08:45:00,Lab_206_PC036,In Use,AnonUser_0132,30
2026-04-01 08:45:00,Lab_206_PC037,In Use,AnonUser_0171,90
2026-04-01 08:45:00,Lab_206_PC038,In Use,AnonUser_0178,15
2026-04-01 08:45:00,Lab_206_PC039,In Use,AnonUser_0086,60
2026-04-01 08:45:00,Lab_206_PC040,Offline,N/A,N/A
2026-04-01 08:45:00,Lab_206_PC041,In Use,AnonUser_0123,90
2026-04-01 08:45:00,Lab_206_PC042,In Use,AnonUser_0109,0
2026-04-01 08:45:00,Lab_206_PC043,Idle,AnonUser_0044,45
2026-04-01 08:45:00,Lab_206_PC044,Idle,AnonUser_0174,195
2026-04-01 08:45:00,Lab_206_PC045,Idle,AnonUser_0061,30
2026-04-01 08:45:00,Lab_206_PC046,In Use,AnonUser_0048,45
2026-04-01 08:45:00,Lab_206_PC047,In Use,AnonUser_0087,60
2026-04-01 08:45:00,Lab_206_PC048,In Use,AnonUser_0073,15
2026-04-01 08:45:00,Lab_206_PC049,In Use,AnonUser_0128,0
2026-04-01 08:45:00,Lab_206_PC050,In Use,AnonUser_0065,165
2026-04-01 08:45:00,Lab_206_PC051,Idle,AnonUser_0069,30
2026-04-01 08:45:00,Lab_206_PC052,In Use,AnonUser_0035,105
2026-04-01 08:45:00,Lab_206_PC053,In Use,AnonUser_0176,0
2026-04-01 08:45:00,Lab_206_PC054,Offline,N/A,N/A
2026-04-01 08:45:00,Lab_206_PC055,In Use,AnonUser_0008,0
2026-04-01 08:45:00,Lab_206_PC056,In Use,AnonUser_0050,30
2026-04-01 08:45:00,Lab_206_PC057,In Use,AnonUser_0148,90
2026-04-01 08:45:00,Lab_206_PC058,In Use,AnonUser_0067,165
2026-04-01 08:45:00,Lab_206_PC059,In Use,AnonUser_0021,120
2026-04-01 08:45:00,Lab_206_PC060,In Use,AnonUser_0166,0
2026-04-01 08:45:00,Lab_210_PC061,Offline,N/A,N/A
2026-04-01 08:45:00,Lab_210_PC062,Idle,AnonUser_0165,15
2026-04-01 08:45:00,Lab_210_PC063,In Use,AnonUser_0009,105
2026-04-01 08:45:00,Lab_210_PC064,Offline,N/A,N/A
2026-04-01 08:45:00,Lab_210_PC065,In Use,AnonUser_0163,30
2026-04-01 08:45:00,Lab_210_PC066,In Use,AnonUser_0011,15
2026-04-01 08:45:00,Lab_210_PC067,In Use,AnonUser_0096,45
2026-04-01 08:45:00,Lab_210_PC068,Idle,AnonUser_0142,60
2026-04-01 08:45:00,Lab_210_PC069,In Use,AnonUser_0057,90
2026-04-01 08:45:00,Lab_210_PC070,In Use,AnonUser_0160,105
2026-04-01 08:45:00,Lab_210_PC071,In Use,AnonUser_0015,105
2026-04-01 08:45:00,Lab_210_PC072,In Use,AnonUser_0172,30
2026-04-01 08:45:00,Lab_210_PC073,In Use,AnonUser_0137,45
2026-04-01 08:45:00,Lab_210_PC074,In Use,AnonUser_0079,15
2026-04-01 08:45:00,Lab_210_PC075,In Use,AnonUser_0030,30
2026-04-01 08:45:00,Lab_210_PC076,In Use,AnonUser_0094,90
2026-04-01 08:45:00,Lab_210_PC077,In Use,AnonUser_0106,120
2026-04-01 08:45:00,Lab_210_PC078,In Use,AnonUser_0168,30
2026-04-01 08:45:00,Lab_210_PC079,Idle,AnonUser_0063,15
2026-04-01 08:45:00,Lab_210_PC080,In Use,AnonUser_0134,30
2026-04-01 08:45:00,Lab_210_PC081,In Use,AnonUser_0074,120
2026-04-01 08:45:00,Lab_219_PC082,In Use,AnonUser_0133,90
2026-04-01 08:45:00,Lab_219_PC083,In Use,AnonUser_0058,75
2026-04-01 08:45:00,Lab_219_PC084,In Use,AnonUser_0097,0
2026-04-01 08:45:00,Lab_219_PC085,In Use,AnonUser_0130,75
2026-04-01 08:45:00,Lab_219_PC086,In Use,AnonUser_0100,135
2026-04-01 08:45:00,Lab_219_PC087,In Use,AnonUser_0147,75
2026-04-01 08:45:00,Lab_219_PC088,In Use,AnonUser_0098,135
2026-04-01 08:45:00,Lab_219_PC089,In Use,AnonUser_0041,30
2026-04-01 08:45:00,Lab_219_PC090,Idle,AnonUser_0043,75
2026-04-01 08:45:00,Lab_219_PC091,In Use,AnonUser_0149,60
2026-04-01 08:45:00,Lab_219_PC092,In Use,AnonUser_0121,45
2026-04-01 08:45:00,Lab_219_PC093,In Use,AnonUser_0053,120
2026-04-01 08:45:00,Lab_219_PC094,In Use,AnonUser_0120,90
2026-04-01 08:45:00,Lab_219_PC095,In Use,AnonUser_0177,90
2026-04-01 08:45:00,Lab_219_PC096,In Use,AnonUser_0103,135
2026-04-01 08:45:00,Lab_219_PC097,In Use,AnonUser_0028,75
2026-04-01 08:45:00,Lab_219_PC098,In Use,AnonUser_0119,150
2026-04-01 08:45:00,Lab_219_PC099,In Use,AnonUser_0024,135
2026-04-01 08:45:00,Lab_219_PC100,Idle,AnonUser_0027,30
2026-04-01 08:45:00,Lab_219_PC101,In Use,AnonUser_0158,30
2026-04-01 08:45:00,Lab_219_PC102,In Use,AnonUser_0170,0
2026-04-01 08:45:00,Lab_219_PC103,In Use,AnonUser_0173,15
2026-04-01 08:45:00,Lab_219_PC104,Offline,N/A,N/A
2026-04-01 08:45:00,Lab_219_PC105,In Use,AnonUser_0047,0
2026-04-01 08:45:00,Lab_219_PC106,In Use,AnonUser_0139,30
2026-04-01 08:45:00,Lab_219_PC107,Idle,AnonUser_0144,60
2026-04-01 08:45:00,Lab_219_PC108,In Use,AnonUser_0064,0
2026-04-01 08:45:00,Lab_219_PC109,In Use,AnonUser_0152,135
2026-04-01 08:45:00,Lab_219_PC110,In Use,AnonUser_0150,120
2026-04-01 08:45:00,Lab_219_PC111,In Use,AnonUser_0126,60
2026-04-01 08:45:00,Lab_219_PC112,In Use,AnonUser_0055,120
2026-04-01 08:45:00,Lab_219_PC113,Offline,N/A,N/A
2026-04-01 08:45:00,Lab_219_PC114,In Use,AnonUser_0078,150
2026-04-01 08:45:00,Lab_219_PC115,In Use,AnonUser_0076,105
2026-04-01 08:45:00,Lab_219_PC116,In Use,AnonUser_0026,30
2026-04-01 08:45:00,Lab_219_PC117,Offline,N/A,N/A
2026-04-01 08:45:00,Lab_219_PC118,In Use,AnonUser_0080,120
2026-04-01 08:45:00,Lab_219_PC119,Offline,N/A,N/A
2026-04-01 08:45:00,Lab_219_PC120,In Use,AnonUser_0175,60
2026-04-01 08:45:00,Lab_219_PC121,In Use,AnonUser_0071,60
2026-04-01 08:45:00,Lab_219_PC122,Idle,AnonUser_0111,120
2026-04-01 08:45:00,Lab_219_PC123,In Use,AnonUser_0029,45
2026-04-01 08:45:00,Lab_219_PC124,In Use,AnonUser_0066,105
2026-04-01 08:45:00,Lab_219_PC125,In Use,AnonUser_0025,0
2026-04-01 08:45:00,Lab_219_PC126,In Use,AnonUser_0124,60
2026-04-01 08:45:00,Lab_219_PC127,In Use,AnonUser_0013,90
2026-04-01 08:45:00,Lab_219_PC128,In Use,AnonUser_0105,150
2026-04-01 08:45:00,Lab_219_PC129,Idle,AnonUser_0038,105
2026-04-01 08:45:00,Lab_219_PC130,In Use,AnonUser_0104,120
2026-04-01 08:45:00,Lab_219_PC131,In Use,AnonUser_0155,15
2026-04-01 08:45:00,Lab_219_PC132,In Use,AnonUser_0036,15
2026-04-01 08:45:00,Lab_219_PC133,Offline,N/A,N/A
2026-04-01 08:45:00,Lab_219_PC134,In Use,AnonUser_0088,120
2026-04-01 08:45:00,Lab_219_PC135,In Use,AnonUser_0060,45
2026-04-01 08:45:00,Lab_219_PC136,In Use,AnonUser_0016,120
2026-04-01 08:45:00,Lab_219_PC137,Idle,AnonUser_0007,0
2026-04-01 08:45:00,Lab_219_PC138,In Use,AnonUser_0077,15
2026-04-01 08:45:00,Lab_219_PC139,In Use,AnonUser_0093,0
2026-04-01 08:45:00,Lab_219_PC140,In Use,AnonUser_0070,165
2026-04-01 08:45:00,Lab_219_PC141,In Use,AnonUser_0140,90
2026-04-01 08:45:00,Lab_219_PC142,In Use,AnonUser_0002,15
2026-04-01 08:45:00,Lab_219_PC143,Idle,AnonUser_0084,120
2026-04-01 08:45:00,Lab_219_PC144,In Use,AnonUser_0089,120
2026-04-01 08:45:00,Lab_219_PC145,Idle,AnonUser_0159,30
2026-04-01 08:45:00,Lab_219_PC146,In Use,AnonUser_0018,120
2026-04-01 08:45:00,Lab_219_PC147,In Use,AnonUser_0127,195
2026-04-01 08:45:00,Lab_219_PC148,Idle,AnonUser_0083,0
2026-04-01 08:45:00,Lab_219_PC149,In Use,AnonUser_0145,15
2026-04-01 08:45:00,Lab_219_PC150,In Use,AnonUser_0114,60
2026-04-01 08:45:00,Lab_219_PC151,In Use,AnonUser_0040,0
2026-04-01 08:45:00,Lab_219_PC152,In Use,AnonUser_0162,45
2026-04-01 08:45:00,Lab_219_PC153,In Use,AnonUser_0020,75
2026-04-01 08:45:00,Lab_219_PC154,In Use,AnonUser_0054,165
2026-04-01 08:45:00,Lab_219_PC155,In Use,AnonUser_0164,45
2026-04-01 08:45:00,Lab_219_PC156,Idle,AnonUser_0102,135
2026-04-01 08:45:00,Lab_219_PC157,In Use,AnonUser_0092,60
2026-04-01 08:45:00,Lab_219_PC158,Idle,AnonUser_0125,120
2026-04-01 08:45:00,Lab_219_PC159,In Use,AnonUser_0167,15
2026-04-01 08:45:00,Lab_219_PC160,In Use,AnonUser_0143,75
2026-04-01 08:45:00,Lab_219_PC161,In Use,AnonUser_0136,120
2026-04-01 08:45:00,Lab_219_PC162,Idle,AnonUser_0014,135
2026-04-01 08:45:00,Lab_219_PC163,Idle,AnonUser_0005,90
2026-04-01 08:45:00,Lab_219_PC164,In Use,AnonUser_0039,45
2026-04-01 08:45:00,Lab_219_PC165,In Use,AnonUser_0107,75
2026-04-01 08:45:00,Lab_219_PC166,In Use,AnonUser_0022,75
2026-04-01 08:45:00,Lab_219_PC167,Idle,AnonUser_0051,120
2026-04-01 08:45:00,Lab_219_PC168,In Use,AnonUser_0059,15
2026-04-01 08:45:00,Lab_219_PC169,Offline,N/A,N/A
2026-04-01 08:45:00,Lab_219_PC170,In Use,AnonUser_0072,210
2026-04-01 08:45:00,Lab_219_PC171,In Use,AnonUser_0115,105
2026-04-01 08:45:00,Lab_219_PC172,In Use,AnonUser_0010,15
2026-04-01 08:45:00,Lab_219_PC173,In Use,AnonUser_0062,165
2026-04-01 08:45:00,Lab_219_PC174,In Use,AnonUser_0075,60
2026-04-01 08:45:00,Lab_219_PC175,Idle,AnonUser_0031,75
2026-04-01 08:45:00,Lab_219_PC176,In Use,AnonUser_0034,45
2026-04-01 08:45:00,Lab_219_PC177,In Use,AnonUser_0056,0
2026-04-01 08:45:00,Lab_219_PC178,In Use,AnonUser_0068,135
2026-04-01 08:45:00,Lab_219_PC179,Offline,N/A,N/A
2026-04-01 09:00:00,Lab_202_PC001,In Use,AnonUser_0099,60
2026-04-01 09:00:00,Lab_202_PC002,In Use,AnonUser_0101,0
2026-04-01 09:00:00,Lab_202_PC003,In Use,AnonUser_0151,75
2026-04-01 09:00:00,Lab_202_PC004,In Use,AnonUser_0161,90
2026-04-01 09:00:00,Lab_202_PC005,In Use,AnonUser_0156,60
2026-04-01 09:00:00,Lab_202_PC006,Idle,AnonUser_0042,150
2026-04-01 09:00:00,Lab_202_PC007,In Use,AnonUser_0032,60
2026-04-01 09:00:00,Lab_202_PC008,In Use,AnonUser_0001,30
2026-04-01 09:00:00,Lab_202_PC009,In Use,AnonUser_0052,30
2026-04-01 09:00:00,Lab_202_PC010,In Use,AnonUser_0122,120
2026-04-01 09:00:00,Lab_202_PC011,Idle,AnonUser_0154,90
2026-04-01 09:00:00,Lab_202_PC012,In Use,AnonUser_0157,105
2026-04-01 09:00:00,Lab_202_PC013,In Use,AnonUser_0017,45
2026-04-01 09:00:00,Lab_202_PC014,In Use,AnonUser_0118,15
2026-04-01 09:00:00,Lab_202_PC015,In Use,AnonUser_0116,75
2026-04-01 09:00:00,Lab_202_PC016,Idle,AnonUser_0108,60
2026-04-01 09:00:00,Lab_202_PC017,In Use,AnonUser_0153,120
2026-04-01 09:00:00,Lab_202_PC018,Offline,N/A,N/A
2026-04-01 09:00:00,Lab_202_PC019,In Use,AnonUser_0131,30
2026-04-01 09:00:00,Lab_202_PC020,In Use,AnonUser_0049,210
2026-04-01 09:00:00,Lab_202_PC021,In Use,AnonUser_0037,30
2026-04-01 09:00:00,Lab_202_PC022,Idle,AnonUser_0006,90
2026-04-01 09:00:00,Lab_202_PC023,Idle,AnonUser_0033,105
2026-04-01 09:00:00,Lab_202_PC024,Idle,AnonUser_0019,45
2026-04-01 09:00:00,Lab_202_PC025,In Use,AnonUser_0135,30
2026-04-01 09:00:00,Lab_202_PC026,In Use,AnonUser_0113,45
2026-04-01 09:00:00,Lab_202_PC027,In Use,AnonUser_0129,120
2026-04-01 09:00:00,Lab_202_PC028,In Use,AnonUser_0112,90
2026-04-01 09:00:00,Lab_202_PC029,Idle,AnonUser_0082,120
2026-04-01 09:00:00,Lab_202_PC030,In Use,AnonUser_0003,90
2026-04-01 09:00:00,Lab_206_PC031,In Use,AnonUser_0117,180
2026-04-01 09:00:00,Lab_206_PC032,In Use,AnonUser_0081,135
2026-04-01 09:00:00,Lab_206_PC033,In Use,AnonUser_0169,45
2026-04-01 09:00:00,Lab_206_PC034,Offline,N/A,N/A
2026-04-01 09:00:00,Lab_206_PC035,Idle,AnonUser_0179,90
2026-04-01 09:00:00,Lab_206_PC036,Idle,AnonUser_0132,15
2026-04-01 09:00:00,Lab_206_PC037,In Use,AnonUser_0171,75
2026-04-01 09:00:00,Lab_206_PC038,Idle,AnonUser_0178,0
2026-04-01 09:00:00,Lab_206_PC039,In Use,AnonUser_0086,45
2026-04-01 09:00:00,Lab_206_PC040,Offline,N/A,N/A
2026-04-01 09:00:00,Lab_206_PC041,In Use,AnonUser_0123,75
2026-04-01 09:00:00,Lab_206_PC042,In Use,AnonUser_0095,150
2026-04-01 09:00:00,Lab_206_PC043,In Use,AnonUser_0044,30
2026-04-01 09:00:00,Lab_206_PC044,In Use,AnonUser_0174,180
2026-04-01 09:00:00,Lab_206_PC045,In Use,AnonUser_0061,15
2026-04-01 09:00:00,Lab_206_PC046,In Use,AnonUser_0048,30
2026-04-01 09:00:00,Lab_206_PC047,In Use,AnonUser_0087,45
2026-04-01 09:00:00,Lab_206_PC048,In Use,AnonUser_0073,0
2026-04-01 09:00:00,Lab_206_PC049,In Use,AnonUser_0110,120
2026-04-01 09:00:00,Lab_206_PC050,Idle,AnonUser_0065,150
2026-04-01 09:00:00,Lab_206_PC051,In Use,AnonUser_0069,15
2026-04-01 09:00:00,Lab_206_PC052,In Use,AnonUser_0035,90
2026-04-01 09:00:00,Lab_206_PC053,Offline,N/A,N/A
2026-04-01 09:00:00,Lab_206_PC054,Idle,AnonUser_0090,0
2026-04-01 09:00:00,Lab_206_PC055,Offline,N/A,N/A
2026-04-01 09:00:00,Lab_206_PC056,In Use,AnonUser_0050,15
2026-04-01 09:00:00,Lab_206_PC057,In Use,AnonUser_0148,75
2026-04-01 09:00:00,Lab_206_PC058,In Use,AnonUser_0067,150
2026-04-01 09:00:00,Lab_206_PC059,In Use,AnonUser_0021,105
2026-04-01 09:00:00,Lab_206_PC060,In Use,AnonUser_0091,90
2026-04-01 09:00:00,Lab_210_PC061,Offline,N/A,N/A
2026-04-01 09:00:00,Lab_210_PC062,In Use,AnonUser_0165,0
2026-04-01 09:00:00,Lab_210_PC063,In Use,AnonUser_0009,90
2026-04-01 09:00:00,Lab_210_PC064,In Use,AnonUser_0141,30
2026-04-01 09:00:00,Lab_210_PC065,In Use,AnonUser_0163,15
2026-04-01 09:00:00,Lab_210_PC066,In Use,AnonUser_0011,0
2026-04-01 09:00:00,Lab_210_PC067,In Use,AnonUser_0096,30
2026-04-01 09:00:00,Lab_210_PC068,In Use,AnonUser_0142,45
2026-04-01 09:00:00,Lab_210_PC069,In Use,AnonUser_0057,75
2026-04-01 09:00:00,Lab_210_PC070,Idle,AnonUser_0160,90
2026-04-01 09:00:00,Lab_210_PC071,In Use,AnonUser_0015,90
2026-04-01 09:00:00,Lab_210_PC072,Idle,AnonUser_0172,15
2026-04-01 09:00:00,Lab_210_PC073,In Use,AnonUser_0137,30
2026-04-01 09:00:00,Lab_210_PC074,In Use,AnonUser_0079,0
2026-04-01 09:00:00,Lab_210_PC075,In Use,AnonUser_0030,15
2026-04-01 09:00:00,Lab_210_PC076,In Use,AnonUser_0094,75
2026-04-01 09:00:00,Lab_210_PC077,In Use,AnonUser_0106,105
2026-04-01 09:00:00,Lab_210_PC078,In Use,AnonUser_0168,15
2026-04-01 09:00:00,Lab_210_PC079,In Use,AnonUser_0063,0
2026-04-01 09:00:00,Lab_210_PC080,In Use,AnonUser_0134,15
2026-04-01 09:00:00,Lab_210_PC081,Idle,AnonUser_0074,105
2026-04-01 09:00:00,Lab_219_PC082,In Use,AnonUser_0133,75
2026-04-01 09:00:00,Lab_219_PC083,In Use,AnonUser_0058,60
2026-04-01 09:00:00,Lab_219_PC084,Offline,N/A,N/A
2026-04-01 09:00:00,Lab_219_PC085,In Use,AnonUser_0130,60
2026-04-01 09:00:00,Lab_219_PC086,In Use,AnonUser_0100,120
2026-04-01 09:00:00,Lab_219_PC087,In Use,AnonUser_0147,60
2026-04-01 09:00:00,Lab_219_PC088,In Use,AnonUser_0098,120
2026-04-01 09:00:00,Lab_219_PC089,In Use,AnonUser_0041,15
2026-04-01 09:00:00,Lab_219_PC090,In Use,AnonUser_0043,60
2026-04-01 09:00:00,Lab_219_PC091,In Use,AnonUser_0149,45
2026-04-01 09:00:00,Lab_219_PC092,In Use,AnonUser_0121,30
2026-04-01 09:00:00,Lab_219_PC093,In Use,AnonUser_0053,105
2026-04-01 09:00:00,Lab_219_PC094,In Use,AnonUser_0120,75
2026-04-01 09:00:00,Lab_219_PC095,In Use,AnonUser_0177,75
2026-04-01 09:00:00,Lab_219_PC096,In Use,AnonUser_0103,120
2026-04-01 09:00:00,Lab_219_PC097,In Use,AnonUser_0028,60
2026-04-01 09:00:00,Lab_219_PC098,In Use,AnonUser_0119,135
2026-04-01 09:00:00,Lab_219_PC099,Idle,AnonUser_0024,120
2026-04-01 09:00:00,Lab_219_PC100,In Use,AnonUser_0027,15
2026-04-01 09:00:00,Lab_219_PC101,In Use,AnonUser_0158,15
2026-04-01 09:00:00,Lab_219_PC102,Idle,AnonUser_0085,75
2026-04-01 09:00:00,Lab_219_PC103,Idle,AnonUser_0173,0
2026-04-01 09:00:00,Lab_219_PC104,Offline,N/A,N/A
2026-04-01 09:00:00,Lab_219_PC105,Offline,N/A,N/A
2026-04-01 09:00:00,Lab_219_PC106,In Use,AnonUser_0139,15
2026-04-01 09:00:00,Lab_219_PC107,Idle,AnonUser_0144,45
2026-04-01 09:00:00,Lab_219_PC108,In Use,AnonUser_0166,105
2026-04-01 09:00:00,Lab_219_PC109,In Use,AnonUser_0152,120
2026-04-01 09:00:00,Lab_219_PC110,In Use,AnonUser_0150,105
2026-04-01 09:00:00,Lab_219_PC111,Idle,AnonUser_0126,45
2026-04-01 09:00:00,Lab_219_PC112,In Use,AnonUser_0055,105
2026-04-01 09:00:00,Lab_219_PC113,In Use,AnonUser_0097,210
2026-04-01 09:00:00,Lab_219_PC114,In Use,AnonUser_0078,135
2026-04-01 09:00:00,Lab_219_PC115,In Use,AnonUser_0076,90
2026-04-01 09:00:00,Lab_219_PC116,In Use,AnonUser_0026,15
2026-04-01 09:00:00,Lab_219_PC117,In Use,AnonUser_0128,0
2026-04-01 09:00:00,Lab_219_PC118,Idle,AnonUser_0080,105
2026-04-01 09:00:00,Lab_219_PC119,Offline,N/A,N/A
2026-04-01 09:00:00,Lab_219_PC120,Idle,AnonUser_0175,45
2026-04-01 09:00:00,Lab_219_PC121,In Use,AnonUser_0071,45
2026-04-01 09:00:00,Lab_219_PC122,In Use,AnonUser_0111,105
2026-04-01 09:00:00,Lab_219_PC123,In Use,AnonUser_0029,30
2026-04-01 09:00:00,Lab_219_PC124,In Use,AnonUser_0066,90
2026-04-01 09:00:00,Lab_219_PC125,In Use,AnonUser_0004,90
2026-04-01 09:00:00,Lab_219_PC126,In Use,AnonUser_0124,45
2026-04-01 09:00:00,Lab_219_PC127,In Use,AnonUser_0013,75
2026-04-01 09:00:00,Lab_219_PC128,In Use,AnonUser_0105,135
2026-04-01 09:00:00,Lab_219_PC129,In Use,AnonUser_0038,90
2026-04-01 09:00:00,Lab_219_PC130,In Use,AnonUser_0104,105
2026-04-01 09:00:00,Lab_219_PC131,In Use,AnonUser_0155,0
2026-04-01 09:00:00,Lab_219_PC132,In Use,AnonUser_0036,0
2026-04-01 09:00:00,Lab_219_PC133,Idle,AnonUser_0012,150
2026-04-01 09:00:00,Lab_219_PC134,In Use,AnonUser_0088,105
2026-04-01 09:00:00,Lab_219_PC135,In Use,AnonUser_0060,30
2026-04-01 09:00:00,Lab_219_PC136,In Use,AnonUser_0016,105
2026-04-01 09:00:00,Lab_219_PC137,Offline,N/A,N/A
2026-04-01 09:00:00,Lab_219_PC138,In Use,AnonUser_0077,0
2026-04-01 09:00:00,Lab_219_PC139,In Use,AnonUser_0045,210
2026-04-01 09:00:00,Lab_219_PC140,In Use,AnonUser_0070,150
2026-04-01 09:00:00,Lab_219_PC141,In Use,AnonUser_0140,75
2026-04-01 09:00:00,Lab_219_PC142,Idle,AnonUser_0002,0
2026-04-01 09:00:00,Lab_219_PC143,In Use,AnonUser_0084,105
2026-04-01 09:00:00,Lab_219_PC144,In Use,AnonUser_0089,105
2026-04-01 09:00:00,Lab_219_PC145,In Use,AnonUser_0159,15
2026-04-01 09:00:00,Lab_219_PC146,In Use,AnonUser_0018,105
2026-04-01 09:00:00,Lab_219_PC147,Idle,AnonUser_0127,180
2026-04-01 09:00:00,Lab_219_PC148,Offline,N/A,N/A
2026-04-01 09:00:00,Lab_219_PC149,In Use,AnonUser_0145,0
2026-04-01 09:00:00,Lab_219_PC150,In Use,AnonUser_0114,45
2026-04-01 09:00:00,Lab_219_PC151,Offline,N/A,N/A
2026-04-01 09:00:00,Lab_219_PC152,In Use,AnonUser_0162,30
2026-04-01 09:00:00,Lab_219_PC153,In Use,AnonUser_0020,60
2026-04-01 09:00:00,Lab_219_PC154,In Use,AnonUser_0054,150
2026-04-01 09:00:00,Lab_219_PC155,Idle,AnonUser_0164,30
2026-04-01 09:00:00,Lab_219_PC156,In Use,AnonUser_0102,120
2026-04-01 09:00:00,Lab_219_PC157,In Use,AnonUser_0092,45
2026-04-01 09:00:00,Lab_219_PC158,In Use,AnonUser_0125,105
2026-04-01 09:00:00,Lab_219_PC159,In Use,AnonUser_0167,0
2026-04-01 09:00:00,Lab_219_PC160,In Use,AnonUser_0143,60
2026-04-01 09:00:00,Lab_219_PC161,In Use,AnonUser_0136,105
2026-04-01 09:00:00,Lab_219_PC162,In Use,AnonUser_0014,120
2026-04-01 09:00:00,Lab_219_PC163,In Use,AnonUser_0005,75
2026-04-01 09:00:00,Lab_219_PC164,In Use,AnonUser_0039,30
2026-04-01 09:00:00,Lab_219_PC165,In Use,AnonUser_0107,60
2026-04-01 09:00:00,Lab_219_PC166,In Use,AnonUser_0022,60
2026-04-01 09:00:00,Lab_219_PC167,Idle,AnonUser_0051,105
2026-04-01 09:00:00,Lab_219_PC168,In Use,AnonUser_0059,0
2026-04-01 09:00:00,Lab_219_PC169,In Use,AnonUser_0170,45
2026-04-01 09:00:00,Lab_219_PC170,In Use,AnonUser_0072,195
2026-04-01 09:00:00,Lab_219_PC171,Idle,AnonUser_0115,90
2026-04-01 09:00:00,Lab_219_PC172,In Use,AnonUser_0010,0
2026-04-01 09:00:00,Lab_219_PC173,Idle,AnonUser_0062,150
2026-04-01 09:00:00,Lab_219_PC174,In Use,AnonUser_0075,45
2026-04-01 09:00:00,Lab_219_PC175,In Use,AnonUser_0031,60
2026-04-01 09:00:00,Lab_219_PC176,Idle,AnonUser_0034,30
2026-04-01 09:00:00,Lab_219_PC177,Offline,N/A,N/A
2026-04-01 09:00:00,Lab_219_PC178,In Use,AnonUser_0068,120
2026-04-01 09:00:00,Lab_219_PC179,Offline,N/A,N/A
2026-04-01 09:15:00,Lab_202_PC001,In Use,AnonUser_0099,45
2026-04-01 09:15:00,Lab_202_PC002,In Use,AnonUser_0093,135
2026-04-01 09:15:00,Lab_202_PC003,In Use,AnonUser_0151,60
2026-04-01 09:15:00,Lab_202_PC004,In Use,AnonUser_0161,75
2026-04-01 09:15:00,Lab_202_PC005,In Use,AnonUser_0156,45
2026-04-01 09:15:00,Lab_202_PC006,In Use,AnonUser_0042,135
2026-04-01 09:15:00,Lab_202_PC007,Idle,AnonUser_0032,45
2026-04-01 09:15:00,Lab_202_PC008,In Use,AnonUser_0001,15
2026-04-01 09:15:00,Lab_202_PC009,In Use,AnonUser_0052,15
2026-04-01 09:15:00,Lab_202_PC010,In Use,AnonUser_0122,105
2026-04-01 09:15:00,Lab_202_PC011,In Use,AnonUser_0154,75
2026-04-01 09:15:00,Lab_202_PC012,Idle,AnonUser_0157,90
2026-04-01 09:15:00,Lab_202_PC013,In Use,AnonUser_0017,30
2026-04-01 09:15:00,Lab_202_PC014,In Use,AnonUser_0118,0
2026-04-01 09:15:00,Lab_202_PC015,Idle,AnonUser_0116,60
2026-04-01 09:15:00,Lab_202_PC016,In Use,AnonUser_0108,45
2026-04-01 09:15:00,Lab_202_PC017,In Use,AnonUser_0153,105
2026-04-01 09:15:00,Lab_202_PC018,In Use,AnonUser_0007,15
2026-04-01 09:15:00,Lab_202_PC019,In Use,AnonUser_0131,15
2026-04-01 09:15:00,Lab_202_PC020,In Use,AnonUser_0049,195
2026-04-01 09:15:00,Lab_202_PC021,In Use,AnonUser_0037,15
2026-04-01 09:15:00,Lab_202_PC022,In Use,AnonUser_0006,75
2026-04-01 09:15:00,Lab_202_PC023,In Use,AnonUser_0033,90
2026-04-01 09:15:00,Lab_202_PC024,In Use,AnonUser_0019,30
2026-04-01 09:15:00,Lab_202_PC025,In Use,AnonUser_0135,15
2026-04-01 09:15:00,Lab_202_PC026,Idle,AnonUser_0113,30
2026-04-01 09:15:00,Lab_202_PC027,In Use,AnonUser_0129,105
2026-04-01 09:15:00,Lab_202_PC028,Idle,AnonUser_0112,75
2026-04-01 09:15:00,Lab_202_PC029,Idle,AnonUser_0082,105
2026-04-01 09:15:00,Lab_202_PC030,In Use,AnonUser_0003,75
2026-04-01 09:15:00,Lab_206_PC031,In Use,AnonUser_0117,165
2026-04-01 09:15:00,Lab_206_PC032,In Use,AnonUser_0081,120
2026-04-01 09:15:00,Lab_206_PC033,In Use,AnonUser_0169,30
2026-04-01 09:15:00,Lab_206_PC034,Offline,N/A,N/A
2026-04-01 09:15:00,Lab_206_PC035,In Use,AnonUser_0179,75
2026-04-01 09:15:00,Lab_206_PC036,In Use,AnonUser_0132,0
2026-04-01 09:15:00,Lab_206_PC037,In Use,AnonUser_0171,60
2026-04-01 09:15:00,Lab_206_PC038,Offline,N/A,N/A
2026-04-01 09:15:00,Lab_206_PC039,In Use,AnonUser_0086,30
2026-04-01 09:15:00,Lab_206_PC040,Offline,N/A,N/A
2026-04-01 09:15:00,Lab_206_PC041,In Use,AnonUser_0123,60
2026-04-01 09:15:00,Lab_206_PC042,In Use,AnonUser_0095,135
2026-04-01 09:15:00,Lab_206_PC043,In Use,AnonUser_0044,15
2026-04-01 09:15:00,Lab_206_PC044,In Use,AnonUser_0174,165
2026-04-01 09:15:00,Lab_206_PC045,In Use,AnonUser_0061,0
2026-04-01 09:15:00,Lab_206_PC046,In Use,AnonUser_0048,15
2026-04-01 09:15:00,Lab_206_PC047,In Use,AnonUser_0087,30
2026-04-01 09:15:00,Lab_206_PC048,In Use,AnonUser_0040,15
2026-04-01 09:15:00,Lab_206_PC049,Idle,AnonUser_0110,105
2026-04-01 09:15:00,Lab_206_PC050,In Use,AnonUser_0065,135
2026-04-01 09:15:00,Lab_206_PC051,In Use,AnonUser_0069,0
2026-04-01 09:15:00,Lab_206_PC052,In Use,AnonUser_0035,75
2026-04-01 09:15:00,Lab_206_PC053,Offline,N/A,N/A
2026-04-01 09:15:00,Lab_206_PC054,Idle,AnonUser_0023,15
2026-04-01 09:15:00,Lab_206_PC055,Offline,N/A,N/A
2026-04-01 09:15:00,Lab_206_PC056,In Use,AnonUser_0050,0
2026-04-01 09:15:00,Lab_206_PC057,In Use,AnonUser_0148,60
2026-04-01 09:15:00,Lab_206_PC058,In Use,AnonUser_0067,135
2026-04-01 09:15:00,Lab_206_PC059,In Use,AnonUser_0021,90
2026-04-01 09:15:00,Lab_206_PC060,Idle,AnonUser_0091,75
2026-04-01 09:15:00,Lab_210_PC061,Offline,N/A,N/A
2026-04-01 09:15:00,Lab_210_PC062,Offline,N/A,N/A
2026-04-01 09:15:00,Lab_210_PC063,In Use,AnonUser_0009,75
2026-04-01 09:15:00,Lab_210_PC064,In Use,AnonUser_0141,15
2026-04-01 09:15:00,Lab_210_PC065,Idle,AnonUser_0163,0
2026-04-01 09:15:00,Lab_210_PC066,Offline,N/A,N/A
2026-04-01 09:15:00,Lab_210_PC067,In Use,AnonUser_0096,15
2026-04-01 09:15:00,Lab_210_PC068,In Use,AnonUser_0142,30
2026-04-01 09:15:00,Lab_210_PC069,In Use,AnonUser_0057,60
2026-04-01 09:15:00,Lab_210_PC070,Idle,AnonUser_0160,75
2026-04-01 09:15:00,Lab_210_PC071,Idle,AnonUser_0015,75
2026-04-01 09:15:00,Lab_210_PC072,In Use,AnonUser_0172,0
2026-04-01 09:15:00,Lab_210_PC073,In Use,AnonUser_0137,15
2026-04-01 09:15:00,Lab_210_PC074,Offline,N/A,N/A
2026-04-01 09:15:00,Lab_210_PC075,In Use,AnonUser_0030,0
2026-04-01 09:15:00,Lab_210_PC076,In Use,AnonUser_0094,60
2026-04-01 09:15:00,Lab_210_PC077,In Use,AnonUser_0106,90
2026-04-01 09:15:00,Lab_210_PC078,In Use,AnonUser_0168,0
2026-04-01 09:15:00,Lab_210_PC079,In Use,AnonUser_0165,15
2026-04-01 09:15:00,Lab_210_PC080,Idle,AnonUser_0134,0
2026-04-01 09:15:00,Lab_210_PC081,In Use,AnonUser_0074,90
2026-04-01 09:15:00,Lab_219_PC082,In Use,AnonUser_0133,60
2026-04-01 09:15:00,Lab_219_PC083,Idle,AnonUser_0058,45
2026-04-01 09:15:00,Lab_219_PC084,Idle,AnonUser_0011,15
2026-04-01 09:15:00,Lab_219_PC085,In Use,AnonUser_0130,45
2026-04-01 09:15:00,Lab_219_PC086,In Use,AnonUser_0100,105
2026-04-01 09:15:00,Lab_219_PC087,In Use,AnonUser_0147,45
2026-04-01 09:15:00,Lab_219_PC088,In Use,AnonUser_0098,105
2026-04-01 09:15:00,Lab_219_PC089,In Use,AnonUser_0041,0
2026-04-01 09:15:00,Lab_219_PC090,In Use,AnonUser_0043,45
2026-04-01 09:15:00,Lab_219_PC091,In Use,AnonUser_0149,30
2026-04-01 09:15:00,Lab_219_PC092,In Use,AnonUser_0121,15
2026-04-01 09:15:00,Lab_219_PC093,In Use,AnonUser_0053,90
2026-04-01 09:15:00,Lab_219_PC094,In Use,AnonUser_0120,60
2026-04-01 09:15:00,Lab_219_PC095,In Use,AnonUser_0177,60
2026-04-01 09:15:00,Lab_219_PC096,In Use,AnonUser_0103,105
2026-04-01 09:15:00,Lab_219_PC097,In Use,AnonUser_0028,45
2026-04-01 09:15:00,Lab_219_PC098,In Use,AnonUser_0119,120
2026-04-01 09:15:00,Lab_219_PC099,In Use,AnonUser_0024,105
2026-04-01 09:15:00,Lab_219_PC100,In Use,AnonUser_0027,0
2026-04-01 09:15:00,Lab_219_PC101,In Use,AnonUser_0158,0
2026-04-01 09:15:00,Lab_219_PC102,Idle,AnonUser_0085,60
2026-04-01 09:15:00,Lab_219_PC103,Offline,N/A,N/A
2026-04-01 09:15:00,Lab_219_PC104,Offline,N/A,N/A
2026-04-01 09:15:00,Lab_219_PC105,In Use,AnonUser_0176,75
2026-04-01 09:15:00,Lab_219_PC106,In Use,AnonUser_0139,0
2026-04-01 09:15:00,Lab_219_PC107,In Use,AnonUser_0144,30
2026-04-01 09:15:00,Lab_219_PC108,Idle,AnonUser_0166,90
2026-04-01 09:15:00,Lab_219_PC109,Idle,AnonUser_0152,105
2026-04-01 09:15:00,Lab_219_PC110,In Use,AnonUser_0150,90
2026-04-01 09:15:00,Lab_219_PC111,In Use,AnonUser_0126,30
2026-04-01 09:15:00,Lab_219_PC112,In Use,AnonUser_0055,90
2026-04-01 09:15:00,Lab_219_PC113,In Use,AnonUser_0097,195
2026-04-01 09:15:00,Lab_219_PC114,In Use,AnonUser_0078,120
2026-04-01 09:15:00,Lab_219_PC115,In Use,AnonUser_0076,75
2026-04-01 09:15:00,Lab_219_PC116,In Use,AnonUser_0026,0
2026-04-01 09:15:00,Lab_219_PC117,In Use,AnonUser_0047,30
2026-04-01 09:15:00,Lab_219_PC118,In Use,AnonUser_0080,90
2026-04-01 09:15:00,Lab_219_PC119,Idle,AnonUser_0090,225
2026-04-01 09:15:00,Lab_219_PC120,Idle,AnonUser_0175,30
2026-04-01 09:15:00,Lab_219_PC121,In Use,AnonUser_0071,30
2026-04-01 09:15:00,Lab_219_PC122,In Use,AnonUser_0111,90
2026-04-01 09:15:00,Lab_219_PC123,In Use,AnonUser_0029,15
2026-04-01 09:15:00,Lab_219_PC124,In Use,AnonUser_0066,75
2026-04-01 09:15:00,Lab_219_PC125,In Use,AnonUser_0004,75
2026-04-01 09:15:00,Lab_219_PC126,In Use,AnonUser_0124,30
2026-04-01 09:15:00,Lab_219_PC127,Idle,AnonUser_0013,60
2026-04-01 09:15:00,Lab_219_PC128,In Use,AnonUser_0105,120
2026-04-01 09:15:00,Lab_219_PC129,In Use,AnonUser_0038,75
2026-04-01 09:15:00,Lab_219_PC130,In Use,AnonUser_0104,90
2026-04-01 09:15:00,Lab_219_PC131,In Use,AnonUser_0079,60
2026-04-01 09:15:00,Lab_219_PC132,In Use,AnonUser_0101,45
2026-04-01 09:15:00,Lab_219_PC133,In Use,AnonUser_0012,135
2026-04-01 09:15:00,Lab_219_PC134,In Use,AnonUser_0088,90
2026-04-01 09:15:00,Lab_219_PC135,Idle,AnonUser_0060,15
2026-04-01 09:15:00,Lab_219_PC136,In Use,AnonUser_0016,90
2026-04-01 09:15:00,Lab_219_PC137,In Use,AnonUser_0128,180
2026-04-01 09:15:00,Lab_219_PC138,Idle,AnonUser_0077,0
2026-04-01 09:15:00,Lab_219_PC139,In Use,AnonUser_0045,195
2026-04-01 09:15:00,Lab_219_PC140,Idle,AnonUser_0070,135
2026-04-01 09:15:00,Lab_219_PC141,In Use,AnonUser_0140,60
2026-04-01 09:15:00,Lab_219_PC142,In Use,AnonUser_0063,135
2026-04-01 09:15:00,Lab_219_PC143,Idle,AnonUser_0084,90
2026-04-01 09:15:00,Lab_219_PC144,Idle,AnonUser_0089,90
2026-04-01 09:15:00,Lab_219_PC145,In Use,AnonUser_0159,0
2026-04-01 09:15:00,Lab_219_PC146,In Use,AnonUser_0018,90
2026-04-01 09:15:00,Lab_219_PC147,In Use,AnonUser_0127,165
2026-04-01 09:15:00,Lab_219_PC148,Offline,N/A,N/A
2026-04-01 09:15:00,Lab_219_PC149,Offline,N/A,N/A
2026-04-01 09:15:00,Lab_219_PC150,In Use,AnonUser_0114,30
2026-04-01 09:15:00,Lab_219_PC151,Offline,N/A,N/A
2026-04-01 09:15:00,Lab_219_PC152,In Use,AnonUser_0162,15
2026-04-01 09:15:00,Lab_219_PC153,Idle,AnonUser_0020,45
2026-04-01 09:15:00,Lab_219_PC154,In Use,AnonUser_0054,135
2026-04-01 09:15:00,Lab_219_PC155,In Use,AnonUser_0164,15
2026-04-01 09:15:00,Lab_219_PC156,In Use,AnonUser_0102,105
2026-04-01 09:15:00,Lab_219_PC157,In Use,AnonUser_0092,30
2026-04-01 09:15:00,Lab_219_PC158,In Use,AnonUser_0125,90
2026-04-01 09:15:00,Lab_219_PC159,In Use,AnonUser_0109,150
2026-04-01 09:15:00,Lab_219_PC160,In Use,AnonUser_0143,45
2026-04-01 09:15:00,Lab_219_PC161,In Use,AnonUser_0136,90
2026-04-01 09:15:00,Lab_219_PC162,In Use,AnonUser_0014,105
2026-04-01 09:15:00,Lab_219_PC163,In Use,AnonUser_0005,60
2026-04-01 09:15:00,Lab_219_PC164,In Use,AnonUser_0039,15
2026-04-01 09:15:00,Lab_219_PC165,In Use,AnonUser_0107,45
2026-04-01 09:15:00,Lab_219_PC166,In Use,AnonUser_0022,45
2026-04-01 09:15:00,Lab_219_PC167,Idle,AnonUser_0051,90
2026-04-01 09:15:00,Lab_219_PC168,In Use,AnonUser_0083,195
2026-04-01 09:15:00,Lab_219_PC169,In Use,AnonUser_0170,30
2026-04-01 09:15:00,Lab_219_PC170,In Use,AnonUser_0072,180
2026-04-01 09:15:00,Lab_219_PC171,In Use,AnonUser_0115,75
2026-04-01 09:15:00,Lab_219_PC172,In Use,AnonUser_0046,30
2026-04-01 09:15:00,Lab_219_PC173,In Use,AnonUser_0062,135
2026-04-01 09:15:00,Lab_219_PC174,In Use,AnonUser_0075,30
2026-04-01 09:15:00,Lab_219_PC175,In Use,AnonUser_0031,45
2026-04-01 09:15:00,Lab_219_PC176,Idle,AnonUser_0034,15
2026-04-01 09:15:00,Lab_219_PC177,In Use,AnonUser_0178,165
2026-04-01 09:15:00,Lab_219_PC178,In Use,AnonUser_0068,105
2026-04-01 09:15:00,Lab_219_PC179,In Use,AnonUser_0002,30
2026-04-01 09:30:00,Lab_202_PC001,In Use,AnonUser_0099,30
2026-04-01 09:30:00,Lab_202_PC002,In Use,AnonUser_0093,120
2026-04-01 09:30:00,Lab_202_PC003,In Use,AnonUser_0151,45
2026-04-01 09:30:00,Lab_202_PC004,In Use,AnonUser_0161,60
2026-04-01 09:30:00,Lab_202_PC005,In Use,AnonUser_0156,30
2026-04-01 09:30:00,Lab_202_PC006,In Use,AnonUser_0042,120
2026-04-01 09:30:00,Lab_202_PC007,In Use,AnonUser_0032,30
2026-04-01 09:30:00,Lab_202_PC008,In Use,AnonUser_0001,0
2026-04-01 09:30:00,Lab_202_PC009,In Use,AnonUser_0052,0
2026-04-01 09:30:00,Lab_202_PC010,In Use,AnonUser_0122,90
2026-04-01 09:30:00,Lab_202_PC011,In Use,AnonUser_0154,60
2026-04-01 09:30:00,Lab_202_PC012,In Use,AnonUser_0157,75
2026-04-01 09:30:00,Lab_202_PC013,In Use,AnonUser_0017,15
2026-04-01 09:30:00,Lab_202_PC014,Idle,AnonUser_0155,0
2026-04-01 09:30:00,Lab_202_PC015,In Use,AnonUser_0116,45
2026-04-01 09:30:00,Lab_202_PC016,In Use,AnonUser_0108,30
2026-04-01 09:30:00,Lab_202_PC017,In Use,AnonUser_0153,90
2026-04-01 09:30:00,Lab_202_PC018,In Use,AnonUser_0007,0
2026-04-01 09:30:00,Lab_202_PC019,In Use,AnonUser_0131,0
2026-04-01 09:30:00,Lab_202_PC020,In Use,AnonUser_0049,180
2026-04-01 09:30:00,Lab_202_PC021,In Use,AnonUser_0037,0
2026-04-01 09:30:00,Lab_202_PC022,Idle,AnonUser_0006,60
2026-04-01 09:30:00,Lab_202_PC023,In Use,AnonUser_0033,75
2026-04-01 09:30:00,Lab_202_PC024,In Use,AnonUser_0019,15
2026-04-01 09:30:00,Lab_202_PC025,In Use,AnonUser_0135,0
2026-04-01 09:30:00,Lab_202_PC026,In Use,AnonUser_0113,15
2026-04-01 09:30:00,Lab_202_PC027,In Use,AnonUser_0129,90
2026-04-01 09:30:00,Lab_202_PC028,Idle,AnonUser_0112,60
2026-04-01 09:30:00,Lab_202_PC029,In Use,AnonUser_0082,90
2026-04-01 09:30:00,Lab_202_PC030,In Use,AnonUser_0003,60
2026-04-01 09:30:00,Lab_206_PC031,Idle,AnonUser_0117,150
2026-04-01 09:30:00,Lab_206_PC032,In Use,AnonUser_0081,105
2026-04-01 09:30:00,Lab_206_PC033,In Use,AnonUser_0169,15
2026-04-01 09:30:00,Lab_206_PC034,Offline,N/A,N/A
2026-04-01 09:30:00,Lab_206_PC035,In Use,AnonUser_0179,60
2026-04-01 09:30:00,Lab_206_PC036,Offline,N/A,N/A
2026-04-01 09:30:00,Lab_206_PC037,In Use,AnonUser_0171,45
2026-04-01 09:30:00,Lab_206_PC038,Idle,AnonUser_0132,45
2026-04-01 09:30:00,Lab_206_PC039,In Use,AnonUser_0086,15
2026-04-01 09:30:00,Lab_206_PC040,Offline,N/A,N/A
2026-04-01 09:30:00,Lab_206_PC041,In Use,AnonUser_0123,45
2026-04-01 09:30:00,Lab_206_PC042,In Use,AnonUser_0095,120
2026-04-01 09:30:00,Lab_206_PC043,In Use,AnonUser_0044,0
2026-04-01 09:30:00,Lab_206_PC044,In Use,AnonUser_0174,150
2026-04-01 09:30:00,Lab_206_PC045,Offline,N/A,N/A
2026-04-01 09:30:00,Lab_206_PC046,In Use,AnonUser_0048,0
2026-04-01 09:30:00,Lab_206_PC047,In Use,AnonUser_0087,15
2026-04-01 09:30:00,Lab_206_PC048,In Use,AnonUser_0040,0
2026-04-01 09:30:00,Lab_206_PC049,In Use,AnonUser_0110,90
2026-04-01 09:30:00,Lab_206_PC050,Idle,AnonUser_0065,120
2026-04-01 09:30:00,Lab_206_PC051,In Use,AnonUser_0056,165
2026-04-01 09:30:00,Lab_206_PC052,In Use,AnonUser_0035,60
2026-04-01 09:30:00,Lab_206_PC053,In Use,AnonUser_0008,45
2026-04-01 09:30:00,Lab_206_PC054,In Use,AnonUser_0023,0
2026-04-01 09:30:00,Lab_206_PC055,Offline,N/A,N/A
2026-04-01 09:30:00,Lab_206_PC056,Offline,N/A,N/A
2026-04-01 09:30:00,Lab_206_PC057,In Use,AnonUser_0148,45
2026-04-01 09:30:00,Lab_206_PC058,In Use,AnonUser_0067,120
2026-04-01 09:30:00,Lab_206_PC059,In Use,AnonUser_0021,75
2026-04-01 09:30:00,Lab_206_PC060,In Use,AnonUser_0091,60
2026-04-01 09:30:00,Lab_210_PC061,Offline,N/A,N/A
2026-04-01 09:30:00,Lab_210_PC062,Offline,N/A,N/A
2026-04-01 09:30:00,Lab_210_PC063,In Use,AnonUser_0009,60
2026-04-01 09:30:00,Lab_210_PC064,Idle,AnonUser_0141,0
2026-04-01 09:30:00,Lab_210_PC065,In Use,AnonUser_0050,195
2026-04-01 09:30:00,Lab_210_PC066,Idle,AnonUser_0061,210
2026-04-01 09:30:00,Lab_210_PC067,Idle,AnonUser_0096,0
2026-04-01 09:30:00,Lab_210_PC068,In Use,AnonUser_0142,15
2026-04-01 09:30:00,Lab_210_PC069,Idle,AnonUser_0057,45
2026-04-01 09:30:00,Lab_210_PC070,In Use,AnonUser_0160,60
2026-04-01 09:30:00,Lab_210_PC071,In Use,AnonUser_0015,60
2026-04-01 09:30:00,Lab_210_PC072,Offline,N/A,N/A
2026-04-01 09:30:00,Lab_210_PC073,In Use,AnonUser_0137,0
2026-04-01 09:30:00,Lab_210_PC074,Idle,AnonUser_0059,90
2026-04-01 09:30:00,Lab_210_PC075,In Use,AnonUser_0167,180
2026-04-01 09:30:00,Lab_210_PC076,In Use,AnonUser_0094,45
2026-04-01 09:30:00,Lab_210_PC077,In Use,AnonUser_0106,75
2026-04-01 09:30:00,Lab_210_PC078,Offline,N/A,N/A
2026-04-01 09:30:00,Lab_210_PC079,In Use,AnonUser_0165,0
2026-04-01 09:30:00,Lab_210_PC080,Offline,N/A,N/A
2026-04-01 09:30:00,Lab_210_PC081,Idle,AnonUser_0074,75
2026-04-01 09:30:00,Lab_219_PC082,In Use,AnonUser_0133,45
2026-04-01 09:30:00,Lab_219_PC083,In Use,AnonUser_0058,30
2026-04-01 09:30:00,Lab_219_PC084,In Use,AnonUser_0011,0
2026-04-01 09:30:00,Lab_219_PC085,In Use,AnonUser_0130,30
2026-04-01 09:30:00,Lab_219_PC086,In Use,AnonUser_0100,90
2026-04-01 09:30:00,Lab_219_PC087,In Use,AnonUser_0147,30
2026-04-01 09:30:00,Lab_219_PC088,In Use,AnonUser_0098,90
2026-04-01 09:30:00,Lab_219_PC089,Offline,N/A,N/A
2026-04-01 09:30:00,Lab_219_PC090,In Use,AnonUser_0043,30
2026-04-01 09:30:00,Lab_219_PC091,In Use,AnonUser_0149,15
2026-04-01 09:30:00,Lab_219_PC092,In Use,AnonUser_0121,0
2026-04-01 09:30:00,Lab_219_PC093,In Use,AnonUser_0053,75
2026-04-01 09:30:00,Lab_219_PC094,In Use,AnonUser_0120,45
2026-04-01 09:30:00,Lab_219_PC095,In Use,AnonUser_0177,45
2026-04-01 09:30:00,Lab_219_PC096,In Use,AnonUser_0103,90
2026-04-01 09:30:00,Lab_219_PC097,In Use,AnonUser_0028,30
2026-04-01 09:30:00,Lab_219_PC098,In Use,AnonUser_0119,105
2026-04-01 09:30:00,Lab_219_PC099,Idle,AnonUser_0024,90
2026-04-01 09:30:00,Lab_219_PC100,Idle,AnonUser_0146,45
2026-04-01 09:30:00,Lab_219_PC101,Idle,AnonUser_0173,195
2026-04-01 09:30:00,Lab_219_PC102,In Use,AnonUser_0085,45
2026-04-01 09:30:00,Lab_219_PC103,Offline,N/A,N/A
2026-04-01 09:30:00,Lab_219_PC104,Offline,N/A,N/A
2026-04-01 09:30:00,Lab_219_PC105,In Use,AnonUser_0176,60
2026-04-01 09:30:00,Lab_219_PC106,Idle,AnonUser_0138,15
2026-04-01 09:30:00,Lab_219_PC107,In Use,AnonUser_0144,15
2026-04-01 09:30:00,Lab_219_PC108,In Use,AnonUser_0166,75
2026-04-01 09:30:00,Lab_219_PC109,In Use,AnonUser_0152,90
2026-04-01 09:30:00,Lab_219_PC110,In Use,AnonUser_0150,75
2026-04-01 09:30:00,Lab_219_PC111,In Use,AnonUser_0126,15
2026-04-01 09:30:00,Lab_219_PC112,In Use,AnonUser_0055,75
2026-04-01 09:30:00,Lab_219_PC113,In Use,AnonUser_0097,180
2026-04-01 09:30:00,Lab_219_PC114,In Use,AnonUser_0078,105
2026-04-01 09:30:00,Lab_219_PC115,In Use,AnonUser_0076,60
2026-04-01 09:30:00,Lab_219_PC116,Offline,N/A,N/A
2026-04-01 09:30:00,Lab_219_PC117,In Use,AnonUser_0047,15
2026-04-01 09:30:00,Lab_219_PC118,In Use,AnonUser_0080,75
2026-04-01 09:30:00,Lab_219_PC119,In Use,AnonUser_0090,210
2026-04-01 09:30:00,Lab_219_PC120,In Use,AnonUser_0175,15
2026-04-01 09:30:00,Lab_219_PC121,In Use,AnonUser_0071,15
2026-04-01 09:30:00,Lab_219_PC122,In Use,AnonUser_0111,75
2026-04-01 09:30:00,Lab_219_PC123,In Use,AnonUser_0029,0
2026-04-01 09:30:00,Lab_219_PC124,In Use,AnonUser_0066,60
2026-04-01 09:30:00,Lab_219_PC125,Idle,AnonUser_0004,60
2026-04-01 09:30:00,Lab_219_PC126,In Use,AnonUser_0124,15
2026-04-01 09:30:00,Lab_219_PC127,In Use,AnonUser_0013,45
2026-04-01 09:30:00,Lab_219_PC128,In Use,AnonUser_0105,105
2026-04-01 09:30:00,Lab_219_PC129,Idle,AnonUser_0038,60
2026-04-01 09:30:00,Lab_219_PC130,In Use,AnonUser_0104,75
2026-04-01 09:30:00,Lab_219_PC131,In Use,AnonUser_0079,45
2026-04-01 09:30:00,Lab_219_PC132,In Use,AnonUser_0101,30
2026-04-01 09:30:00,Lab_219_PC133,In Use,AnonUser_0012,120
2026-04-01 09:30:00,Lab_219_PC134,In Use,AnonUser_0088,75
2026-04-01 09:30:00,Lab_219_PC135,In Use,AnonUser_0060,0
2026-04-01 09:30:00,Lab_219_PC136,In Use,AnonUser_0016,75
2026-04-01 09:30:00,Lab_219_PC137,In Use,AnonUser_0128,165
2026-04-01 09:30:00,Lab_219_PC138,In Use,AnonUser_0073,165
2026-04-01 09:30:00,Lab_219_PC139,In Use,AnonUser_0045,180
2026-04-01 09:30:00,Lab_219_PC140,Idle,AnonUser_0070,120
2026-04-01 09:30:00,Lab_219_PC141,In Use,AnonUser_0140,45
2026-04-01 09:30:00,Lab_219_PC142,In Use,AnonUser_0063,120
2026-04-01 09:30:00,Lab_219_PC143,In Use,AnonUser_0084,75
2026-04-01 09:30:00,Lab_219_PC144,In Use,AnonUser_0089,75
2026-04-01 09:30:00,Lab_219_PC145,In Use,AnonUser_0158,30
2026-04-01 09:30:00,Lab_219_PC146,In Use,AnonUser_0018,75
2026-04-01 09:30:00,Lab_219_PC147,In Use,AnonUser_0127,150
2026-04-01 09:30:00,Lab_219_PC148,In Use,AnonUser_0145,210
2026-04-01 09:30:00,Lab_219_PC149,Offline,N/A,N/A
2026-04-01 09:30:00,Lab_219_PC150,In Use,AnonUser_0114,15
2026-04-01 09:30:00,Lab_219_PC151,In Use,AnonUser_0139,135
2026-04-01 09:30:00,Lab_219_PC152,In Use,AnonUser_0162,0
2026-04-01 09:30:00,Lab_219_PC153,In Use,AnonUser_0020,30
2026-04-01 09:30:00,Lab_219_PC154,In Use,AnonUser_0054,120
2026-04-01 09:30:00,Lab_219_PC155,In Use,AnonUser_0164,0
2026-04-01 09:30:00,Lab_219_PC156,In Use,AnonUser_0102,90
2026-04-01 09:30:00,Lab_219_PC157,In Use,AnonUser_0092,15
2026-04-01 09:30:00,Lab_219_PC158,In Use,AnonUser_0125,75
2026-04-01 09:30:00,Lab_219_PC159,Idle,AnonUser_0109,135
2026-04-01 09:30:00,Lab_219_PC160,In Use,AnonUser_0143,30
2026-04-01 09:30:00,Lab_219_PC161,In Use,AnonUser_0136,75
2026-04-01 09:30:00,Lab_219_PC162,In Use,AnonUser_0014,90
2026-04-01 09:30:00,Lab_219_PC163,Idle,AnonUser_0005,45
2026-04-01 09:30:00,Lab_219_PC164,In Use,AnonUser_0039,0
2026-04-01 09:30:00,Lab_219_PC165,In Use,AnonUser_0107,30
2026-04-01 09:30:00,Lab_219_PC166,In Use,AnonUser_0022,30
2026-04-01 09:30:00,Lab_219_PC167,In Use,AnonUser_0051,75
2026-04-01 09:30:00,Lab_219_PC168,In Use,AnonUser_0083,180
2026-04-01 09:30:00,Lab_219_PC169,Idle,AnonUser_0170,15
2026-04-01 09:30:00,Lab_219_PC170,Idle,AnonUser_0072,165
2026-04-01 09:30:00,Lab_219_PC171,In Use,AnonUser_0115,60
2026-04-01 09:30:00,Lab_219_PC172,In Use,AnonUser_0046,15
2026-04-01 09:30:00,Lab_219_PC173,Idle,AnonUser_0062,120
2026-04-01 09:30:00,Lab_219_PC174,In Use,AnonUser_0075,15
2026-04-01 09:30:00,Lab_219_PC175,In Use,AnonUser_0031,30
2026-04-01 09:30:00,Lab_219_PC176,In Use,AnonUser_0034,0
2026-04-01 09:30:00,Lab_219_PC177,In Use,AnonUser_0178,150
2026-04-01 09:30:00,Lab_219_PC178,Idle,AnonUser_0068,90
2026-04-01 09:30:00,Lab_219_PC179,In Use,AnonUser_0002,15
2026-04-01 09:45:00,Lab_202_PC001,Idle,AnonUser_0099,15
2026-04-01 09:45:00,Lab_202_PC002,In Use,AnonUser_0093,105
2026-04-01 09:45:00,Lab_202_PC003,In Use,AnonUser_0151,30
2026-04-01 09:45:00,Lab_202_PC004,In Use,AnonUser_0161,45
2026-04-01 09:45:00,Lab_202_PC005,In Use,AnonUser_0156,15
2026-04-01 09:45:00,Lab_202_PC006,In Use,AnonUser_0042,105
2026-04-01 09:45:00,Lab_202_PC007,In Use,AnonUser_0032,15
2026-04-01 09:45:00,Lab_202_PC008,In Use,AnonUser_0134,120
2026-04-01 09:45:00,Lab_202_PC009,Offline,N/A,N/A
2026-04-01 09:45:00,Lab_202_PC010,In Use,AnonUser_0122,75
2026-04-01 09:45:00,Lab_202_PC011,In Use,AnonUser_0154,45
2026-04-01 09:45:00,Lab_202_PC012,In Use,AnonUser_0157,60
2026-04-01 09:45:00,Lab_202_PC013,In Use,AnonUser_0017,0
2026-04-01 09:45:00,Lab_202_PC014,Offline,N/A,N/A
2026-04-01 09:45:00,Lab_202_PC015,In Use,AnonUser_0116,30
2026-04-01 09:45:00,Lab_202_PC016,In Use,AnonUser_0108,15
2026-04-01 09:45:00,Lab_202_PC017,In Use,AnonUser_0153,75
2026-04-01 09:45:00,Lab_202_PC018,Offline,N/A,N/A
2026-04-01 09:45:00,Lab_202_PC019,In Use,AnonUser_0001,195
2026-04-01 09:45:00,Lab_202_PC020,In Use,AnonUser_0049,165
2026-04-01 09:45:00,Lab_202_PC021,In Use,AnonUser_0027,45
2026-04-01 09:45:00,Lab_202_PC022,Idle,AnonUser_0006,45
2026-04-01 09:45:00,Lab_202_PC023,Idle,AnonUser_0033,60
2026-04-01 09:45:00,Lab_202_PC024,In Use,AnonUser_0019,0
2026-04-01 09:45:00,Lab_202_PC025,In Use,AnonUser_0069,165
2026-04-01 09:45:00,Lab_202_PC026,In Use,AnonUser_0113,0
2026-04-01 09:45:00,Lab_202_PC027,In Use,AnonUser_0129,75
2026-04-01 09:45:00,Lab_202_PC028,Idle,AnonUser_0112,45
2026-04-01 09:45:00,Lab_202_PC029,In Use,AnonUser_0082,75
2026-04-01 09:45:00,Lab_202_PC030,In Use,AnonUser_0003,45
2026-04-01 09:45:00,Lab_206_PC031,In Use,AnonUser_0117,135
2026-04-01 09:45:00,Lab_206_PC032,In Use,AnonUser_0081,90
2026-04-01 09:45:00,Lab_206_PC033,Idle,AnonUser_0169,0
2026-04-01 09:45:00,Lab_206_PC034,In Use,AnonUser_0163,135
2026-04-01 09:45:00,Lab_206_PC035,In Use,AnonUser_0179,45
2026-04-01 09:45:00,Lab_206_PC036,In Use,AnonUser_0052,195
2026-04-01 09:45:00,Lab_206_PC037,In Use,AnonUser_0171,30
2026-04-01 09:45:00,Lab_206_PC038,In Use,AnonUser_0132,30
2026-04-01 09:45:00,Lab_206_PC039,In Use,AnonUser_0086,0
2026-04-01 09:45:00,Lab_206_PC040,In Use,AnonUser_0030,225
2026-04-01 09:45:00,Lab_206_PC041,In Use,AnonUser_0123,30
2026-04-01 09:45:00,Lab_206_PC042,In Use,AnonUser_0095,105
2026-04-01 09:45:00,Lab_206_PC043,In Use,AnonUser_0026,195
2026-04-01 09:45:00,Lab_206_PC044,In Use,AnonUser_0174,135
2026-04-01 09:45:00,Lab_206_PC045,Offline,N/A,N/A
2026-04-01 09:45:00,Lab_206_PC046,Offline,N/A,N/A
2026-04-01 09:45:00,Lab_206_PC047,In Use,AnonUser_0087,0
2026-04-01 09:45:00,Lab_206_PC048,Offline,N/A,N/A
2026-04-01 09:45:00,Lab_206_PC049,In Use,AnonUser_0110,75
2026-04-01 09:45:00,Lab_206_PC050,In Use,AnonUser_0065,105
2026-04-01 09:45:00,Lab_206_PC051,In Use,AnonUser_0056,150
2026-04-01 09:45:00,Lab_206_PC052,Idle,AnonUser_0035,45
2026-04-01 09:45:00,Lab_206_PC053,In Use,AnonUser_0008,30
2026-04-01 09:45:00,Lab_206_PC054,Idle,AnonUser_0135,0
2026-04-01 09:45:00,Lab_206_PC055,Offline,N/A,N/A
2026-04-01 09:45:00,Lab_206_PC056,Offline,N/A,N/A
2026-04-01 09:45:00,Lab_206_PC057,In Use,AnonUser_0148,30
2026-04-01 09:45:00,Lab_206_PC058,Idle,AnonUser_0067,105
2026-04-01 09:45:00,Lab_206_PC059,In Use,AnonUser_0021,60
2026-04-01 09:45:00,Lab_206_PC060,In Use,AnonUser_0091,45
2026-04-01 09:45:00,Lab_210_PC061,Offline,N/A,N/A
2026-04-01 09:45:00,Lab_210_PC062,In Use,AnonUser_0159,165
2026-04-01 09:45:00,Lab_210_PC063,In Use,AnonUser_0009,45
2026-04-01 09:45:00,Lab_210_PC064,In Use,AnonUser_0010,135
2026-04-01 09:45:00,Lab_210_PC065,In Use,AnonUser_0050,180
2026-04-01 09:45:00,Lab_210_PC066,In Use,AnonUser_0061,195
2026-04-01 09:45:00,Lab_210_PC067,Idle,AnonUser_0044,210
2026-04-01 09:45:00,Lab_210_PC068,In Use,AnonUser_0142,0
2026-04-01 09:45:00,Lab_210_PC069,In Use,AnonUser_0057,30
2026-04-01 09:45:00,Lab_210_PC070,In Use,AnonUser_0160,45
2026-04-01 09:45:00,Lab_210_PC071,In Use,AnonUser_0015,45
2026-04-01 09:45:00,Lab_210_PC072,Offline,N/A,N/A
2026-04-01 09:45:00,Lab_210_PC073,In Use,AnonUser_0064,150
2026-04-01 09:45:00,Lab_210_PC074,In Use,AnonUser_0059,75
2026-04-01 09:45:00,Lab_210_PC075,In Use,AnonUser_0167,165
2026-04-01 09:45:00,Lab_210_PC076,In Use,AnonUser_0094,30
2026-04-01 09:45:00,Lab_210_PC077,In Use,AnonUser_0106,60
2026-04-01 09:45:00,Lab_210_PC078,In Use,AnonUser_0048,165
2026-04-01 09:45:00,Lab_210_PC079,In Use,AnonUser_0077,45
2026-04-01 09:45:00,Lab_210_PC080,In Use,AnonUser_0023,135
2026-04-01 09:45:00,Lab_210_PC081,In Use,AnonUser_0074,60
2026-04-01 09:45:00,Lab_219_PC082,In Use,AnonUser_0133,30
2026-04-01 09:45:00,Lab_219_PC083,In Use,AnonUser_0058,15
2026-04-01 09:45:00,Lab_219_PC084,In Use,AnonUser_0011,120
2026-04-01 09:45:00,Lab_219_PC085,In Use,AnonUser_0130,15
2026-04-01 09:45:00,Lab_219_PC086,In Use,AnonUser_0100,75
2026-04-01 09:45:00,Lab_219_PC087,In Use,AnonUser_0147,15
2026-04-01 09:45:00,Lab_219_PC088,In Use,AnonUser_0098,75
2026-04-01 09:45:00,Lab_219_PC089,Offline,N/A,N/A
2026-04-01 09:45:00,Lab_219_PC090,In Use,AnonUser_0043,15
2026-04-01 09:45:00,Lab_219_PC091,Idle,AnonUser_0149,0
2026-04-01 09:45:00,Lab_219_PC092,Idle,AnonUser_0036,210
2026-04-01 09:45:00,Lab_219_PC093,In Use,AnonUser_0053,60
2026-04-01 09:45:00,Lab_219_PC094,Idle,AnonUser_0120,30
2026-04-01 09:45:00,Lab_219_PC095,In Use,AnonUser_0177,30
2026-04-01 09:45:00,Lab_219_PC096,In Use,AnonUser_0103,75
2026-04-01 09:45:00,Lab_219_PC097,Idle,AnonUser_0028,15
2026-04-01 09:45:00,Lab_219_PC098,In Use,AnonUser_0119,90
2026-04-01 09:45:00,Lab_219_PC099,In Use,AnonUser_0024,75
2026-04-01 09:45:00,Lab_219_PC100,In Use,AnonUser_0146,30
2026-04-01 09:45:00,Lab_219_PC101,In Use,AnonUser_0173,180
2026-04-01 09:45:00,Lab_219_PC102,In Use,AnonUser_0085,30
2026-04-01 09:45:00,Lab_219_PC103,Idle,AnonUser_0168,150
2026-04-01 09:45:00,Lab_219_PC104,In Use,AnonUser_0096,165
2026-04-01 09:45:00,Lab_219_PC105,In Use,AnonUser_0176,45
2026-04-01 09:45:00,Lab_219_PC106,In Use,AnonUser_0138,0
2026-04-01 09:45:00,Lab_219_PC107,In Use,AnonUser_0144,0
2026-04-01 09:45:00,Lab_219_PC108,In Use,AnonUser_0166,60
2026-04-01 09:45:00,Lab_219_PC109,In Use,AnonUser_0152,75
2026-04-01 09:45:00,Lab_219_PC110,In Use,AnonUser_0150,60
2026-04-01 09:45:00,Lab_219_PC111,Idle,AnonUser_0126,0
2026-04-01 09:45:00,Lab_219_PC112,Idle,AnonUser_0055,60
2026-04-01 09:45:00,Lab_219_PC113,In Use,AnonUser_0097,165
2026-04-01 09:45:00,Lab_219_PC114,Idle,AnonUser_0078,90
2026-04-01 09:45:00,Lab_219_PC115,In Use,AnonUser_0076,45
2026-04-01 09:45:00,Lab_219_PC116,Offline,N/A,N/A
2026-04-01 09:45:00,Lab_219_PC117,Idle,AnonUser_0047,0
2026-04-01 09:45:00,Lab_219_PC118,Idle,AnonUser_0080,60
2026-04-01 09:45:00,Lab_219_PC119,In Use,AnonUser_0090,195
2026-04-01 09:45:00,Lab_219_PC120,In Use,AnonUser_0175,0
2026-04-01 09:45:00,Lab_219_PC121,In Use,AnonUser_0071,0
2026-04-01 09:45:00,Lab_219_PC122,In Use,AnonUser_0111,60
2026-04-01 09:45:00,Lab_219_PC123,Offline,N/A,N/A
2026-04-01 09:45:00,Lab_219_PC124,Idle,AnonUser_0066,45
2026-04-01 09:45:00,Lab_219_PC125,In Use,AnonUser_0004,45
2026-04-01 09:45:00,Lab_219_PC126,In Use,AnonUser_0124,0
2026-04-01 09:45:00,Lab_219_PC127,In Use,AnonUser_0013,30
2026-04-01 09:45:00,Lab_219_PC128,In Use,AnonUser_0105,90
2026-04-01 09:45:00,Lab_219_PC129,In Use,AnonUser_0038,45
2026-04-01 09:45:00,Lab_219_PC130,In Use,AnonUser_0104,60
2026-04-01 09:45:00,Lab_219_PC131,In Use,AnonUser_0079,30
2026-04-01 09:45:00,Lab_219_PC132,In Use,AnonUser_0101,15
2026-04-01 09:45:00,Lab_219_PC133,In Use,AnonUser_0012,105
2026-04-01 09:45:00,Lab_219_PC134,In Use,AnonUser_0088,60
2026-04-01 09:45:00,Lab_219_PC135,Idle,AnonUser_0041,45
2026-04-01 09:45:00,Lab_219_PC136,In Use,AnonUser_0016,60
2026-04-01 09:45:00,Lab_219_PC137,In Use,AnonUser_0128,150
2026-04-01 09:45:00,Lab_219_PC138,In Use,AnonUser_0073,150
2026-04-01 09:45:00,Lab_219_PC139,Idle,AnonUser_0045,165
2026-04-01 09:45:00,Lab_219_PC140,In Use,AnonUser_0070,105
2026-04-01 09:45:00,Lab_219_PC141,In Use,AnonUser_0140,30
2026-04-01 09:45:00,Lab_219_PC142,In Use,AnonUser_0063,105
2026-04-01 09:45:00,Lab_219_PC143,In Use,AnonUser_0084,60
2026-04-01 09:45:00,Lab_219_PC144,In Use,AnonUser_0089,60
2026-04-01 09:45:00,Lab_219_PC145,In Use,AnonUser_0158,15
2026-04-01 09:45:00,Lab_219_PC146,In Use,AnonUser_0018,60
2026-04-01 09:45:00,Lab_219_PC147,Idle,AnonUser_0127,135
2026-04-01 09:45:00,Lab_219_PC148,Idle,AnonUser_0145,195
2026-04-01 09:45:00,Lab_219_PC149,Offline,N/A,N/A
2026-04-01 09:45:00,Lab_219_PC150,In Use,AnonUser_0114,0
2026-04-01 09:45:00,Lab_219_PC151,In Use,AnonUser_0139,120
2026-04-01 09:45:00,Lab_219_PC152,Offline,N/A,N/A
2026-04-01 09:45:00,Lab_219_PC153,In Use,AnonUser_0020,15
2026-04-01 09:45:00,Lab_219_PC154,In Use,AnonUser_0054,105
2026-04-01 09:45:00,Lab_219_PC155,In Use,AnonUser_0155,90
2026-04-01 09:45:00,Lab_219_PC156,In Use,AnonUser_0102,75
2026-04-01 09:45:00,Lab_219_PC157,Idle,AnonUser_0092,0
2026-04-01 09:45:00,Lab_219_PC158,In Use,AnonUser_0125,60
2026-04-01 09:45:00,Lab_219_PC159,In Use,AnonUser_0109,120
2026-04-01 09:45:00,Lab_219_PC160,In Use,AnonUser_0143,15
2026-04-01 09:45:00,Lab_219_PC161,In Use,AnonUser_0136,60
2026-04-01 09:45:00,Lab_219_PC162,In Use,AnonUser_0014,75
2026-04-01 09:45:00,Lab_219_PC163,In Use,AnonUser_0005,30
2026-04-01 09:45:00,Lab_219_PC164,In Use,AnonUser_0164,15
2026-04-01 09:45:00,Lab_219_PC165,In Use,AnonUser_0107,15
2026-04-01 09:45:00,Lab_219_PC166,In Use,AnonUser_0022,15
2026-04-01 09:45:00,Lab_219_PC167,In Use,AnonUser_0051,60
2026-04-01 09:45:00,Lab_219_PC168,In Use,AnonUser_0083,165
2026-04-01 09:45:00,Lab_219_PC169,In Use,AnonUser_0170,0
2026-04-01 09:45:00,Lab_219_PC170,In Use,AnonUser_0072,150
2026-04-01 09:45:00,Lab_219_PC171,In Use,AnonUser_0115,45
2026-04-01 09:45:00,Lab_219_PC172,In Use,AnonUser_0046,0
2026-04-01 09:45:00,Lab_219_PC173,In Use,AnonUser_0062,105
2026-04-01 09:45:00,Lab_219_PC174,In Use,AnonUser_0075,0
2026-04-01 09:45:00,Lab_219_PC175,In Use,AnonUser_0031,15
2026-04-01 09:45:00,Lab_219_PC176,Offline,N/A,N/A
2026-04-01 09:45:00,Lab_219_PC177,In Use,AnonUser_0178,135
2026-04-01 09:45:00,Lab_219_PC178,In Use,AnonUser_0068,75
2026-04-01 09:45:00,Lab_219_PC179,In Use,AnonUser_0002,0
2026-04-01 10:00:00,Lab_202_PC001,In Use,AnonUser_0099,0
2026-04-01 10:00:00,Lab_202_PC002,In Use,AnonUser_0093,90
2026-04-01 10:00:00,Lab_202_PC003,Idle,AnonUser_0151,15
2026-04-01 10:00:00,Lab_202_PC004,In Use,AnonUser_0161,30
2026-04-01 10:00:00,Lab_202_PC005,In Use,AnonUser_0156,0
2026-04-01 10:00:00,Lab_202_PC006,In Use,AnonUser_0042,90
2026-04-01 10:00:00,Lab_202_PC007,In Use,AnonUser_0032,0
2026-04-01 10:00:00,Lab_202_PC008,In Use,AnonUser_0134,105
2026-04-01 10:00:00,Lab_202_PC009,In Use,AnonUser_0007,30
2026-04-01 10:00:00,Lab_202_PC010,In Use,AnonUser_0122,60
2026-04-01 10:00:00,Lab_202_PC011,In Use,AnonUser_0154,30
2026-04-01 10:00:00,Lab_202_PC012,In Use,AnonUser_0157,45
2026-04-01 10:00:00,Lab_202_PC013,In Use,AnonUser_0017,210
2026-04-01 10:00:00,Lab_202_PC014,In Use,AnonUser_0137,150
2026-04-01 10:00:00,Lab_202_PC015,In Use,AnonUser_0116,15
2026-04-01 10:00:00,Lab_202_PC016,In Use,AnonUser_0108,0
2026-04-01 10:00:00,Lab_202_PC017,In Use,AnonUser_0153,60
2026-04-01 10:00:00,Lab_202_PC018,In Use,AnonUser_0172,15
2026-04-01 10:00:00,Lab_202_PC019,In Use,AnonUser_0001,180
2026-04-01 10:00:00,Lab_202_PC020,Idle,AnonUser_0049,150
2026-04-01 10:00:00,Lab_202_PC021,Idle,AnonUser_0027,30
2026-04-01 10:00:00,Lab_202_PC022,In Use,AnonUser_0006,30
2026-04-01 10:00:00,Lab_202_PC023,In Use,AnonUser_0033,45
2026-04-01 10:00:00,Lab_202_PC024,In Use,AnonUser_0165,90
2026-04-01 10:00:00,Lab_202_PC025,In Use,AnonUser_0069,150
2026-04-01 10:00:00,Lab_202_PC026,In Use,AnonUser_0113,45
2026-04-01 10:00:00,Lab_202_PC027,In Use,AnonUser_0129,60
2026-04-01 10:00:00,Lab_202_PC028,In Use,AnonUser_0112,30
2026-04-01 10:00:00,Lab_202_PC029,In Use,AnonUser_0082,60
2026-04-01 10:00:00,Lab_202_PC030,In Use,AnonUser_0003,30
2026-04-01 10:00:00,Lab_206_PC031,In Use,AnonUser_0117,120
2026-04-01 10:00:00,Lab_206_PC032,In Use,AnonUser_0081,75
2026-04-01 10:00:00,Lab_206_PC033,In Use,AnonUser_0040,105
2026-04-01 10:00:00,Lab_206_PC034,In Use,AnonUser_0163,120
2026-04-01 10:00:00,Lab_206_PC035,In Use,AnonUser_0179,30
2026-04-01 10:00:00,Lab_206_PC036,In Use,AnonUser_0052,180
2026-04-01 10:00:00,Lab_206_PC037,In Use,AnonUser_0171,15
2026-04-01 10:00:00,Lab_206_PC038,Idle,AnonUser_0132,15
2026-04-01 10:00:00,Lab_206_PC039,Idle,AnonUser_0121,225
2026-04-01 10:00:00,Lab_206_PC040,In Use,AnonUser_0030,210
2026-04-01 10:00:00,Lab_206_PC041,In Use,AnonUser_0123,15
2026-04-01 10:00:00,Lab_206_PC042,In Use,AnonUser_0095,90
2026-04-01 10:00:00,Lab_206_PC043,In Use,AnonUser_0026,180
2026-04-01 10:00:00,Lab_206_PC044,In Use,AnonUser_0174,120
2026-04-01 10:00:00,Lab_206_PC045,In Use,AnonUser_0118,120
2026-04-01 10:00:00,Lab_206_PC046,Idle,AnonUser_0019,120
2026-04-01 10:00:00,Lab_206_PC047,In Use,AnonUser_0141,105
2026-04-01 10:00:00,Lab_206_PC048,Offline,N/A,N/A
2026-04-01 10:00:00,Lab_206_PC049,In Use,AnonUser_0110,60
2026-04-01 10:00:00,Lab_206_PC050,In Use,AnonUser_0065,90
2026-04-01 10:00:00,Lab_206_PC051,In Use,AnonUser_0056,135
2026-04-01 10:00:00,Lab_206_PC052,Idle,AnonUser_0035,30
2026-04-01 10:00:00,Lab_206_PC053,In Use,AnonUser_0008,15
2026-04-01 10:00:00,Lab_206_PC054,In Use,AnonUser_0169,90
2026-04-01 10:00:00,Lab_206_PC055,In Use,AnonUser_0060,165
2026-04-01 10:00:00,Lab_206_PC056,In Use,AnonUser_0029,30
2026-04-01 10:00:00,Lab_206_PC057,Idle,AnonUser_0148,15
2026-04-01 10:00:00,Lab_206_PC058,In Use,AnonUser_0067,90
2026-04-01 10:00:00,Lab_206_PC059,In Use,AnonUser_0021,45
2026-04-01 10:00:00,Lab_206_PC060,Idle,AnonUser_0091,30
2026-04-01 10:00:00,Lab_210_PC061,Idle,AnonUser_0131,210
2026-04-01 10:00:00,Lab_210_PC062,In Use,AnonUser_0159,150
2026-04-01 10:00:00,Lab_210_PC063,In Use,AnonUser_0009,30
2026-04-01 10:00:00,Lab_210_PC064,In Use,AnonUser_0010,120
2026-04-01 10:00:00,Lab_210_PC065,In Use,AnonUser_0050,165
2026-04-01 10:00:00,Lab_210_PC066,In Use,AnonUser_0061,180
2026-04-01 10:00:00,Lab_210_PC067,In Use,AnonUser_0044,195
2026-04-01 10:00:00,Lab_210_PC068,In Use,AnonUser_0025,30
2026-04-01 10:00:00,Lab_210_PC069,In Use,AnonUser_0057,15
2026-04-01 10:00:00,Lab_210_PC070,In Use,AnonUser_0160,30
2026-04-01 10:00:00,Lab_210_PC071,Idle,AnonUser_0015,30
2026-04-01 10:00:00,Lab_210_PC072,In Use,AnonUser_0086,165
2026-04-01 10:00:00,Lab_210_PC073,In Use,AnonUser_0064,135
2026-04-01 10:00:00,Lab_210_PC074,Idle,AnonUser_0059,60
2026-04-01 10:00:00,Lab_210_PC075,In Use,AnonUser_0167,150
2026-04-01 10:00:00,Lab_210_PC076,In Use,AnonUser_0094,15
2026-04-01 10:00:00,Lab_210_PC077,In Use,AnonUser_0106,45
2026-04-01 10:00:00,Lab_210_PC078,In Use,AnonUser_0048,150
2026-04-01 10:00:00,Lab_210_PC079,In Use,AnonUser_0077,30
2026-04-01 10:00:00,Lab_210_PC080,In Use,AnonUser_0023,120
2026-04-01 10:00:00,Lab_210_PC081,In Use,AnonUser_0074,45
2026-04-01 10:00:00,Lab_219_PC082,In Use,AnonUser_0133,15
2026-04-01 10:00:00,Lab_219_PC083,In Use,AnonUser_0058,0
2026-04-01 10:00:00,Lab_219_PC084,Idle,AnonUser_0011,105
2026-04-01 10:00:00,Lab_219_PC085,In Use,AnonUser_0130,0
2026-04-01 10:00:00,Lab_219_PC086,Idle,AnonUser_0100,60
2026-04-01 10:00:00,Lab_219_PC087,In Use,AnonUser_0147,0
2026-04-01 10:00:00,Lab_219_PC088,Idle,AnonUser_0098,60
2026-04-01 10:00:00,Lab_219_PC089,In Use,AnonUser_0135,165
2026-04-01 10:00:00,Lab_219_PC090,In Use,AnonUser_0043,0
2026-04-01 10:00:00,Lab_219_PC091,Idle,AnonUser_0142,225
2026-04-01 10:00:00,Lab_219_PC092,In Use,AnonUser_0036,195
2026-04-01 10:00:00,Lab_219_PC093,In Use,AnonUser_0053,45
2026-04-01 10:00:00,Lab_219_PC094,In Use,AnonUser_0120,15
2026-04-01 10:00:00,Lab_219_PC095,In Use,AnonUser_0177,15
2026-04-01 10:00:00,Lab_219_PC096,In Use,AnonUser_0103,60
2026-04-01 10:00:00,Lab_219_PC097,In Use,AnonUser_0028,0
2026-04-01 10:00:00,Lab_219_PC098,Idle,AnonUser_0119,75
2026-04-01 10:00:00,Lab_219_PC099,In Use,AnonUser_0024,60
2026-04-01 10:00:00,Lab_219_PC100,Idle,AnonUser_0146,15
2026-04-01 10:00:00,Lab_219_PC101,In Use,AnonUser_0173,165
2026-04-01 10:00:00,Lab_219_PC102,In Use,AnonUser_0085,15
2026-04-01 10:00:00,Lab_219_PC103,In Use,AnonUser_0168,135
2026-04-01 10:00:00,Lab_219_PC104,In Use,AnonUser_0096,150
2026-04-01 10:00:00,Lab_219_PC105,In Use,AnonUser_0176,30
2026-04-01 10:00:00,Lab_219_PC106,In Use,AnonUser_0149,195
2026-04-01 10:00:00,Lab_219_PC107,In Use,AnonUser_0162,210
2026-04-01 10:00:00,Lab_219_PC108,In Use,AnonUser_0166,45
2026-04-01 10:00:00,Lab_219_PC109,In Use,AnonUser_0152,60
2026-04-01 10:00:00,Lab_219_PC110,In Use,AnonUser_0150,45
2026-04-01 10:00:00,Lab_219_PC111,In Use,AnonUser_0138,120
2026-04-01 10:00:00,Lab_219_PC112,In Use,AnonUser_0055,45
2026-04-01 10:00:00,Lab_219_PC113,In Use,AnonUser_0097,150
2026-04-01 10:00:00,Lab_219_PC114,In Use,AnonUser_0078,75
2026-04-01 10:00:00,Lab_219_PC115,In Use,AnonUser_0076,30
2026-04-01 10:00:00,Lab_219_PC116,In Use,AnonUser_0126,60
2026-04-01 10:00:00,Lab_219_PC117,In Use,AnonUser_0039,150
2026-04-01 10:00:00,Lab_219_PC118,In Use,AnonUser_0080,45
2026-04-01 10:00:00,Lab_219_PC119,In Use,AnonUser_0090,180
2026-04-01 10:00:00,Lab_219_PC120,In Use,AnonUser_0144,210
2026-04-01 10:00:00,Lab_219_PC121,Offline,N/A,N/A
2026-04-01 10:00:00,Lab_219_PC122,In Use,AnonUser_0111,45
2026-04-01 10:00:00,Lab_219_PC123,In Use,AnonUser_0175,195
2026-04-01 10:00:00,Lab_219_PC124,In Use,AnonUser_0066,30
2026-04-01 10:00:00,Lab_219_PC125,In Use,AnonUser_0004,30
2026-04-01 10:00:00,Lab_219_PC126,In Use,AnonUser_0047,30
2026-04-01 10:00:00,Lab_219_PC127,In Use,AnonUser_0013,15
2026-04-01 10:00:00,Lab_219_PC128,In Use,AnonUser_0105,75
2026-04-01 10:00:00,Lab_219_PC129,In Use,AnonUser_0038,30
2026-04-01 10:00:00,Lab_219_PC130,Idle,AnonUser_0104,45
2026-04-01 10:00:00,Lab_219_PC131,In Use,AnonUser_0079,15
2026-04-01 10:00:00,Lab_219_PC132,In Use,AnonUser_0101,0
2026-04-01 10:00:00,Lab_219_PC133,In Use,AnonUser_0012,90
2026-04-01 10:00:00,Lab_219_PC134,In Use,AnonUser_0088,45
2026-04-01 10:00:00,Lab_219_PC135,In Use,AnonUser_0041,30
2026-04-01 10:00:00,Lab_219_PC136,In Use,AnonUser_0016,45
2026-04-01 10:00:00,Lab_219_PC137,In Use,AnonUser_0128,135
2026-04-01 10:00:00,Lab_219_PC138,In Use,AnonUser_0073,135
2026-04-01 10:00:00,Lab_219_PC139,In Use,AnonUser_0045,150
2026-04-01 10:00:00,Lab_219_PC140,In Use,AnonUser_0070,90
2026-04-01 10:00:00,Lab_219_PC141,In Use,AnonUser_0140,15
2026-04-01 10:00:00,Lab_219_PC142,In Use,AnonUser_0063,90
2026-04-01 10:00:00,Lab_219_PC143,In Use,AnonUser_0084,45
2026-04-01 10:00:00,Lab_219_PC144,Idle,AnonUser_0089,45
2026-04-01 10:00:00,Lab_219_PC145,In Use,AnonUser_0158,0
2026-04-01 10:00:00,Lab_219_PC146,In Use,AnonUser_0018,45
2026-04-01 10:00:00,Lab_219_PC147,In Use,AnonUser_0127,120
2026-04-01 10:00:00,Lab_219_PC148,In Use,AnonUser_0145,180
2026-04-01 10:00:00,Lab_219_PC149,In Use,AnonUser_0071,45
2026-04-01 10:00:00,Lab_219_PC150,In Use,AnonUser_0034,135
2026-04-01 10:00:00,Lab_219_PC151,In Use,AnonUser_0139,105
2026-04-01 10:00:00,Lab_219_PC152,In Use,AnonUser_0087,75
2026-04-01 10:00:00,Lab_219_PC153,In Use,AnonUser_0020,0
2026-04-01 10:00:00,Lab_219_PC154,In Use,AnonUser_0054,90
2026-04-01 10:00:00,Lab_219_PC155,In Use,AnonUser_0155,75
2026-04-01 10:00:00,Lab_219_PC156,In Use,AnonUser_0102,60
2026-04-01 10:00:00,Lab_219_PC157,In Use,AnonUser_0092,165
2026-04-01 10:00:00,Lab_219_PC158,Idle,AnonUser_0125,45
2026-04-01 10:00:00,Lab_219_PC159,In Use,AnonUser_0109,105
2026-04-01 10:00:00,Lab_219_PC160,Idle,AnonUser_0143,0
2026-04-01 10:00:00,Lab_219_PC161,Idle,AnonUser_0136,45
2026-04-01 10:00:00,Lab_219_PC162,In Use,AnonUser_0014,60
2026-04-01 10:00:00,Lab_219_PC163,In Use,AnonUser_0005,15
2026-04-01 10:00:00,Lab_219_PC164,Idle,AnonUser_0164,0
2026-04-01 10:00:00,Lab_219_PC165,In Use,AnonUser_0107,0
2026-04-01 10:00:00,Lab_219_PC166,In Use,AnonUser_0022,0
2026-04-01 10:00:00,Lab_219_PC167,Idle,AnonUser_0051,45
2026-04-01 10:00:00,Lab_219_PC168,In Use,AnonUser_0083,150
2026-04-01 10:00:00,Lab_219_PC169,Idle,AnonUser_0124,120
2026-04-01 10:00:00,Lab_219_PC170,In Use,AnonUser_0072,135
2026-04-01 10:00:00,Lab_219_PC171,Idle,AnonUser_0115,30
2026-04-01 10:00:00,Lab_219_PC172,Offline,N/A,N/A
2026-04-01 10:00:00,Lab_219_PC173,In Use,AnonUser_0062,90
2026-04-01 10:00:00,Lab_219_PC174,In Use,AnonUser_0075,210
2026-04-01 10:00:00,Lab_219_PC175,In Use,AnonUser_0031,0
2026-04-01 10:00:00,Lab_219_PC176,In Use,AnonUser_0114,105
2026-04-01 10:00:00,Lab_219_PC177,In Use,AnonUser_0178,120
2026-04-01 10:00:00,Lab_219_PC178,In Use,AnonUser_0068,60
2026-04-01 10:00:00,Lab_219_PC179,Idle,AnonUser_0170,150
2026-04-01 10:15:00,Lab_202_PC001,In Use,AnonUser_0037,60
2026-04-01 10:15:00,Lab_202_PC002,Idle,AnonUser_0093,75
2026-04-01 10:15:00,Lab_202_PC003,In Use,AnonUser_0151,0
2026-04-01 10:15:00,Lab_202_PC004,In Use,AnonUser_0161,15
2026-04-01 10:15:00,Lab_202_PC005,In Use,AnonUser_0002,210
2026-04-01 10:15:00,Lab_202_PC006,Idle,AnonUser_0042,75
2026-04-01 10:15:00,Lab_202_PC007,In Use,AnonUser_0032,15
2026-04-01 10:15:00,Lab_202_PC008,In Use,AnonUser_0134,90
2026-04-01 10:15:00,Lab_202_PC009,In Use,AnonUser_0007,15
2026-04-01 10:15:00,Lab_202_PC010,In Use,AnonUser_0122,45
2026-04-01 10:15:00,Lab_202_PC011,In Use,AnonUser_0154,15
2026-04-01 10:15:00,Lab_202_PC012,In Use,AnonUser_0157,30
2026-04-01 10:15:00,Lab_202_PC013,In Use,AnonUser_0017,195
2026-04-01 10:15:00,Lab_202_PC014,In Use,AnonUser_0137,135
2026-04-01 10:15:00,Lab_202_PC015,In Use,AnonUser_0116,0
2026-04-01 10:15:00,Lab_202_PC016,In Use,AnonUser_0108,210
2026-04-01 10:15:00,Lab_202_PC017,In Use,AnonUser_0153,45
2026-04-01 10:15:00,Lab_202_PC018,Idle,AnonUser_0172,0
2026-04-01 10:15:00,Lab_202_PC019,In Use,AnonUser_0001,165
2026-04-01 10:15:00,Lab_202_PC020,In Use,AnonUser_0049,135
2026-04-01 10:15:00,Lab_202_PC021,In Use,AnonUser_0027,15
2026-04-01 10:15:00,Lab_202_PC022,In Use,AnonUser_0006,15
2026-04-01 10:15:00,Lab_202_PC023,In Use,AnonUser_0033,30
2026-04-01 10:15:00,Lab_202_PC024,In Use,AnonUser_0165,75
2026-04-01 10:15:00,Lab_202_PC025,Idle,AnonUser_0069,135
2026-04-01 10:15:00,Lab_202_PC026,In Use,AnonUser_0113,30
2026-04-01 10:15:00,Lab_202_PC027,In Use,AnonUser_0129,45
2026-04-01 10:15:00,Lab_202_PC028,In Use,AnonUser_0112,15
2026-04-01 10:15:00,Lab_202_PC029,In Use,AnonUser_0082,45
2026-04-01 10:15:00,Lab_202_PC030,In Use,AnonUser_0003,15
2026-04-01 10:15:00,Lab_206_PC031,In Use,AnonUser_0117,105
2026-04-01 10:15:00,Lab_206_PC032,In Use,AnonUser_0081,60
2026-04-01 10:15:00,Lab_206_PC033,In Use,AnonUser_0040,90
2026-04-01 10:15:00,Lab_206_PC034,In Use,AnonUser_0163,105
2026-04-01 10:15:00,Lab_206_PC035,In Use,AnonUser_0179,15
2026-04-01 10:15:00,Lab_206_PC036,Idle,AnonUser_0052,165
2026-04-01 10:15:00,Lab_206_PC037,In Use,AnonUser_0171,0
2026-04-01 10:15:00,Lab_206_PC038,In Use,AnonUser_0132,0
2026-04-01 10:15:00,Lab_206_PC039,In Use,AnonUser_0121,210
2026-04-01 10:15:00,Lab_206_PC040,In Use,AnonUser_0030,195
2026-04-01 10:15:00,Lab_206_PC041,In Use,AnonUser_0123,0
2026-04-01 10:15:00,Lab_206_PC042,In Use,AnonUser_0095,75
2026-04-01 10:15:00,Lab_206_PC043,In Use,AnonUser_0026,165
2026-04-01 10:15:00,Lab_206_PC044,In Use,AnonUser_0174,105
2026-04-01 10:15:00,Lab_206_PC045,In Use,AnonUser_0118,105
2026-04-01 10:15:00,Lab_206_PC046,In Use,AnonUser_0019,105
2026-04-01 10:15:00,Lab_206_PC047,In Use,AnonUser_0141,90
2026-04-01 10:15:00,Lab_206_PC048,In Use,AnonUser_0099,210
2026-04-01 10:15:00,Lab_206_PC049,Idle,AnonUser_0110,45
2026-04-01 10:15:00,Lab_206_PC050,In Use,AnonUser_0065,75
2026-04-01 10:15:00,Lab_206_PC051,Idle,AnonUser_0056,120
2026-04-01 10:15:00,Lab_206_PC052,In Use,AnonUser_0035,15
2026-04-01 10:15:00,Lab_206_PC053,In Use,AnonUser_0008,0
2026-04-01 10:15:00,Lab_206_PC054,Idle,AnonUser_0169,75
2026-04-01 10:15:00,Lab_206_PC055,In Use,AnonUser_0060,150
2026-04-01 10:15:00,Lab_206_PC056,In Use,AnonUser_0029,15
2026-04-01 10:15:00,Lab_206_PC057,In Use,AnonUser_0148,0
2026-04-01 10:15:00,Lab_206_PC058,In Use,AnonUser_0067,75
2026-04-01 10:15:00,Lab_206_PC059,In Use,AnonUser_0021,30
2026-04-01 10:15:00,Lab_206_PC060,In Use,AnonUser_0091,15
2026-04-01 10:15:00,Lab_210_PC061,In Use,AnonUser_0131,195
2026-04-01 10:15:00,Lab_210_PC062,In Use,AnonUser_0159,135
2026-04-01 10:15:00,Lab_210_PC063,In Use,AnonUser_0009,15
2026-04-01 10:15:00,Lab_210_PC064,In Use,AnonUser_0010,105
2026-04-01 10:15:00,Lab_210_PC065,In Use,AnonUser_0050,150
2026-04-01 10:15:00,Lab_210_PC066,Idle,AnonUser_0061,165
2026-04-01 10:15:00,Lab_210_PC067,Idle,AnonUser_0044,180
2026-04-01 10:15:00,Lab_210_PC068,In Use,AnonUser_0025,15
2026-04-01 10:15:00,Lab_210_PC069,In Use,AnonUser_0057,0
2026-04-01 10:15:00,Lab_210_PC070,Idle,AnonUser_0160,15
2026-04-01 10:15:00,Lab_210_PC071,In Use,AnonUser_0015,15
2026-04-01 10:15:00,Lab_210_PC072,In Use,AnonUser_0086,150
2026-04-01 10:15:00,Lab_210_PC073,In Use,AnonUser_0064,120
2026-04-01 10:15:00,Lab_210_PC074,In Use,AnonUser_0059,45
2026-04-01 10:15:00,Lab_210_PC075,In Use,AnonUser_0167,135
2026-04-01 10:15:00,Lab_210_PC076,In Use,AnonUser_0094,0
2026-04-01 10:15:00,Lab_210_PC077,In Use,AnonUser_0106,30
2026-04-01 10:15:00,Lab_210_PC078,In Use,AnonUser_0048,135
2026-04-01 10:15:00,Lab_210_PC079,Idle,AnonUser_0077,15
2026-04-01 10:15:00,Lab_210_PC080,In Use,AnonUser_0023,105
2026-04-01 10:15:00,Lab_210_PC081,In Use,AnonUser_0074,30
2026-04-01 10:15:00,Lab_219_PC082,In Use,AnonUser_0133,0
2026-04-01 10:15:00,Lab_219_PC083,In Use,AnonUser_0058,180
2026-04-01 10:15:00,Lab_219_PC084,In Use,AnonUser_0011,90
2026-04-01 10:15:00,Lab_219_PC085,In Use,AnonUser_0156,165
2026-04-01 10:15:00,Lab_219_PC086,In Use,AnonUser_0100,45
2026-04-01 10:15:00,Lab_219_PC087,In Use,AnonUser_0046,75
2026-04-01 10:15:00,Lab_219_PC088,In Use,AnonUser_0098,45
2026-04-01 10:15:00,Lab_219_PC089,In Use,AnonUser_0135,150
2026-04-01 10:15:00,Lab_219_PC090,In Use,AnonUser_0043,210
2026-04-01 10:15:00,Lab_219_PC091,In Use,AnonUser_0142,210
2026-04-01 10:15:00,Lab_219_PC092,In Use,AnonUser_0036,180
2026-04-01 10:15:00,Lab_219_PC093,In Use,AnonUser_0053,30
2026-04-01 10:15:00,Lab_219_PC094,In Use,AnonUser_0120,0
2026-04-01 10:15:00,Lab_219_PC095,Idle,AnonUser_0177,0
2026-04-01 10:15:00,Lab_219_PC096,Idle,AnonUser_0103,45
2026-04-01 10:15:00,Lab_219_PC097,In Use,AnonUser_0147,195
2026-04-01 10:15:00,Lab_219_PC098,In Use,AnonUser_0119,60
2026-04-01 10:15:00,Lab_219_PC099,In Use,AnonUser_0024,45
2026-04-01 10:15:00,Lab_219_PC100,In Use,AnonUser_0146,0
2026-04-01 10:15:00,Lab_219_PC101,In Use,AnonUser_0173,150
2026-04-01 10:15:00,Lab_219_PC102,In Use,AnonUser_0085,0
2026-04-01 10:15:00,Lab_219_PC103,Idle,AnonUser_0168,120
2026-04-01 10:15:00,Lab_219_PC104,In Use,AnonUser_0096,135
2026-04-01 10:15:00,Lab_219_PC105,In Use,AnonUser_0176,15
2026-04-01 10:15:00,Lab_219_PC106,In Use,AnonUser_0149,180
2026-04-01 10:15:00,Lab_219_PC107,In Use,AnonUser_0162,195
2026-04-01 10:15:00,Lab_219_PC108,Idle,AnonUser_0166,30
2026-04-01 10:15:00,Lab_219_PC109,In Use,AnonUser_0152,45
2026-04-01 10:15:00,Lab_219_PC110,Idle,AnonUser_0150,30
2026-04-01 10:15:00,Lab_219_PC111,In Use,AnonUser_0138,105
2026-04-01 10:15:00,Lab_219_PC112,In Use,AnonUser_0055,30
2026-04-01 10:15:00,Lab_219_PC113,In Use,AnonUser_0097,135
2026-04-01 10:15:00,Lab_219_PC114,In Use,AnonUser_0078,60
2026-04-01 10:15:00,Lab_219_PC115,In Use,AnonUser_0076,15
2026-04-01 10:15:00,Lab_219_PC116,In Use,AnonUser_0126,45
2026-04-01 10:15:00,Lab_219_PC117,In Use,AnonUser_0039,135
2026-04-01 10:15:00,Lab_219_PC118,In Use,AnonUser_0080,30
2026-04-01 10:15:00,Lab_219_PC119,In Use,AnonUser_0090,165
2026-04-01 10:15:00,Lab_219_PC120,Idle,AnonUser_0144,195
2026-04-01 10:15:00,Lab_219_PC121,In Use,AnonUser_0028,210
2026-04-01 10:15:00,Lab_219_PC122,In Use,AnonUser_0111,30
2026-04-01 10:15:00,Lab_219_PC123,In Use,AnonUser_0175,180
2026-04-01 10:15:00,Lab_219_PC124,In Use,AnonUser_0066,15
2026-04-01 10:15:00,Lab_219_PC125,In Use,AnonUser_0004,15
2026-04-01 10:15:00,Lab_219_PC126,In Use,AnonUser_0047,15
2026-04-01 10:15:00,Lab_219_PC127,Idle,AnonUser_0013,0
2026-04-01 10:15:00,Lab_219_PC128,In Use,AnonUser_0105,60
2026-04-01 10:15:00,Lab_219_PC129,In Use,AnonUser_0038,15
2026-04-01 10:15:00,Lab_219_PC130,In Use,AnonUser_0104,30
2026-04-01 10:15:00,Lab_219_PC131,In Use,AnonUser_0079,0
2026-04-01 10:15:00,Lab_219_PC132,Offline,N/A,N/A
2026-04-01 10:15:00,Lab_219_PC133,In Use,AnonUser_0012,75
2026-04-01 10:15:00,Lab_219_PC134,In Use,AnonUser_0088,30
2026-04-01 10:15:00,Lab_219_PC135,Idle,AnonUser_0041,15
2026-04-01 10:15:00,Lab_219_PC136,In Use,AnonUser_0016,30
2026-04-01 10:15:00,Lab_219_PC137,In Use,AnonUser_0128,120
2026-04-01 10:15:00,Lab_219_PC138,In Use,AnonUser_0073,120
2026-04-01 10:15:00,Lab_219_PC139,In Use,AnonUser_0045,135
2026-04-01 10:15:00,Lab_219_PC140,In Use,AnonUser_0070,75
2026-04-01 10:15:00,Lab_219_PC141,In Use,AnonUser_0140,0
2026-04-01 10:15:00,Lab_219_PC142,Idle,AnonUser_0063,75
2026-04-01 10:15:00,Lab_219_PC143,In Use,AnonUser_0084,30
2026-04-01 10:15:00,Lab_219_PC144,Idle,AnonUser_0089,30
2026-04-01 10:15:00,Lab_219_PC145,In Use,AnonUser_0158,120
2026-04-01 10:15:00,Lab_219_PC146,In Use,AnonUser_0018,30
2026-04-01 10:15:00,Lab_219_PC147,In Use,AnonUser_0127,105
2026-04-01 10:15:00,Lab_219_PC148,In Use,AnonUser_0145,165
2026-04-01 10:15:00,Lab_219_PC149,In Use,AnonUser_0071,30
2026-04-01 10:15:00,Lab_219_PC150,In Use,AnonUser_0034,120
2026-04-01 10:15:00,Lab_219_PC151,In Use,AnonUser_0139,90
2026-04-01 10:15:00,Lab_219_PC152,In Use,AnonUser_0087,60
2026-04-01 10:15:00,Lab_219_PC153,In Use,AnonUser_0130,15
2026-04-01 10:15:00,Lab_219_PC154,Idle,AnonUser_0054,75
2026-04-01 10:15:00,Lab_219_PC155,In Use,AnonUser_0155,60
2026-04-01 10:15:00,Lab_219_PC156,In Use,AnonUser_0102,45
2026-04-01 10:15:00,Lab_219_PC157,In Use,AnonUser_0092,150
2026-04-01 10:15:00,Lab_219_PC158,In Use,AnonUser_0125,30
2026-04-01 10:15:00,Lab_219_PC159,In Use,AnonUser_0109,90
2026-04-01 10:15:00,Lab_219_PC160,In Use,AnonUser_0143,45
2026-04-01 10:15:00,Lab_219_PC161,In Use,AnonUser_0136,30
2026-04-01 10:15:00,Lab_219_PC162,In Use,AnonUser_0014,45
2026-04-01 10:15:00,Lab_219_PC163,In Use,AnonUser_0005,0
2026-04-01 10:15:00,Lab_219_PC164,In Use,AnonUser_0101,90
2026-04-01 10:15:00,Lab_219_PC165,Offline,N/A,N/A
2026-04-01 10:15:00,Lab_219_PC166,In Use,AnonUser_0164,135
2026-04-01 10:15:00,Lab_219_PC167,Idle,AnonUser_0051,30
2026-04-01 10:15:00,Lab_219_PC168,In Use,AnonUser_0083,135
2026-04-01 10:15:00,Lab_219_PC169,In Use,AnonUser_0124,105
2026-04-01 10:15:00,Lab_219_PC170,Idle,AnonUser_0072,120
2026-04-01 10:15:00,Lab_219_PC171,In Use,AnonUser_0115,15
2026-04-01 10:15:00,Lab_219_PC172,In Use,AnonUser_0020,120
2026-04-01 10:15:00,Lab_219_PC173,In Use,AnonUser_0062,75
2026-04-01 10:15:00,Lab_219_PC174,In Use,AnonUser_0075,195
2026-04-01 10:15:00,Lab_219_PC175,In Use,AnonUser_0031,225
2026-04-01 10:15:00,Lab_219_PC176,In Use,AnonUser_0114,90
2026-04-01 10:15:00,Lab_219_PC177,In Use,AnonUser_0178,105
2026-04-01 10:15:00,Lab_219_PC178,In Use,AnonUser_0068,45
2026-04-01 10:15:00,Lab_219_PC179,In Use,AnonUser_0170,135
2026-04-01 10:30:00,Lab_202_PC001,In Use,AnonUser_0037,45
2026-04-01 10:30:00,Lab_202_PC002,In Use,AnonUser_0093,60
2026-04-01 10:30:00,Lab_202_PC003,In Use,AnonUser_0107,60
2026-04-01 10:30:00,Lab_202_PC004,In Use,AnonUser_0161,0
2026-04-01 10:30:00,Lab_202_PC005,In Use,AnonUser_0002,195
2026-04-01 10:30:00,Lab_202_PC006,In Use,AnonUser_0042,60
2026-04-01 10:30:00,Lab_202_PC007,In Use,AnonUser_0032,0
2026-04-01 10:30:00,Lab_202_PC008,In Use,AnonUser_0134,75
2026-04-01 10:30:00,Lab_202_PC009,In Use,AnonUser_0007,0
2026-04-01 10:30:00,Lab_202_PC010,In Use,AnonUser_0122,30
2026-04-01 10:30:00,Lab_202_PC011,In Use,AnonUser_0154,0
2026-04-01 10:30:00,Lab_202_PC012,In Use,AnonUser_0157,15
2026-04-01 10:30:00,Lab_202_PC013,Idle,AnonUser_0017,180
2026-04-01 10:30:00,Lab_202_PC014,In Use,AnonUser_0137,120
2026-04-01 10:30:00,Lab_202_PC015,In Use,AnonUser_0022,15
2026-04-01 10:30:00,Lab_202_PC016,In Use,AnonUser_0108,195
2026-04-01 10:30:00,Lab_202_PC017,In Use,AnonUser_0153,30
2026-04-01 10:30:00,Lab_202_PC018,In Use,AnonUser_0116,75
2026-04-01 10:30:00,Lab_202_PC019,Idle,AnonUser_0001,150
2026-04-01 10:30:00,Lab_202_PC020,In Use,AnonUser_0049,120
2026-04-01 10:30:00,Lab_202_PC021,In Use,AnonUser_0027,0
2026-04-01 10:30:00,Lab_202_PC022,In Use,AnonUser_0006,0
2026-04-01 10:30:00,Lab_202_PC023,In Use,AnonUser_0033,15
2026-04-01 10:30:00,Lab_202_PC024,In Use,AnonUser_0165,60
2026-04-01 10:30:00,Lab_202_PC025,In Use,AnonUser_0069,120
2026-04-01 10:30:00,Lab_202_PC026,In Use,AnonUser_0113,15
2026-04-01 10:30:00,Lab_202_PC027,In Use,AnonUser_0129,30
2026-04-01 10:30:00,Lab_202_PC028,In Use,AnonUser_0112,0
2026-04-01 10:30:00,Lab_202_PC029,In Use,AnonUser_0082,30
2026-04-01 10:30:00,Lab_202_PC030,In Use,AnonUser_0003,0
2026-04-01 10:30:00,Lab_206_PC031,In Use,AnonUser_0117,90
2026-04-01 10:30:00,Lab_206_PC032,In Use,AnonUser_0081,45
2026-04-01 10:30:00,Lab_206_PC033,In Use,AnonUser_0040,75
2026-04-01 10:30:00,Lab_206_PC034,In Use,AnonUser_0163,90
2026-04-01 10:30:00,Lab_206_PC035,In Use,AnonUser_0179,0
2026-04-01 10:30:00,Lab_206_PC036,In Use,AnonUser_0052,150
2026-04-01 10:30:00,Lab_206_PC037,In Use,AnonUser_0172,60
2026-04-01 10:30:00,Lab_206_PC038,Idle,AnonUser_0132,30
2026-04-01 10:30:00,Lab_206_PC039,In Use,AnonUser_0121,195
2026-04-01 10:30:00,Lab_206_PC040,In Use,AnonUser_0030,180
2026-04-01 10:30:00,Lab_206_PC041,In Use,AnonUser_0171,30
2026-04-01 10:30:00,Lab_206_PC042,In Use,AnonUser_0095,60
2026-04-01 10:30:00,Lab_206_PC043,In Use,AnonUser_0026,150
2026-04-01 10:30:00,Lab_206_PC044,In Use,AnonUser_0174,90
2026-04-01 10:30:00,Lab_206_PC045,In Use,AnonUser_0118,90
2026-04-01 10:30:00,Lab_206_PC046,In Use,AnonUser_0019,90
2026-04-01 10:30:00,Lab_206_PC047,In Use,AnonUser_0141,75
2026-04-01 10:30:00,Lab_206_PC048,In Use,AnonUser_0099,195
2026-04-01 10:30:00,Lab_206_PC049,Idle,AnonUser_0110,30
2026-04-01 10:30:00,Lab_206_PC050,In Use,AnonUser_0065,60
2026-04-01 10:30:00,Lab_206_PC051,In Use,AnonUser_0056,105
2026-04-01 10:30:00,Lab_206_PC052,In Use,AnonUser_0035,0
2026-04-01 10:30:00,Lab_206_PC053,In Use,AnonUser_0151,75
2026-04-01 10:30:00,Lab_206_PC054,In Use,AnonUser_0169,60
2026-04-01 10:30:00,Lab_206_PC055,In Use,AnonUser_0060,135
2026-04-01 10:30:00,Lab_206_PC056,In Use,AnonUser_0029,0
2026-04-01 10:30:00,Lab_206_PC057,In Use,AnonUser_0148,195
2026-04-01 10:30:00,Lab_206_PC058,In Use,AnonUser_0067,60
2026-04-01 10:30:00,Lab_206_PC059,In Use,AnonUser_0021,15
2026-04-01 10:30:00,Lab_206_PC060,Idle,AnonUser_0091,0
2026-04-01 10:30:00,Lab_210_PC061,Idle,AnonUser_0131,180
2026-04-01 10:30:00,Lab_210_PC062,In Use,AnonUser_0159,120
2026-04-01 10:30:00,Lab_210_PC063,Idle,AnonUser_0009,0
2026-04-01 10:30:00,Lab_210_PC064,In Use,AnonUser_0010,90
2026-04-01 10:30:00,Lab_210_PC065,Idle,AnonUser_0050,135
2026-04-01 10:30:00,Lab_210_PC066,In Use,AnonUser_0061,150
2026-04-01 10:30:00,Lab_210_PC067,In Use,AnonUser_0044,165
2026-04-01 10:30:00,Lab_210_PC068,In Use,AnonUser_0025,0
2026-04-01 10:30:00,Lab_210_PC069,In Use,AnonUser_0123,150
2026-04-01 10:30:00,Lab_210_PC070,In Use,AnonUser_0160,0
2026-04-01 10:30:00,Lab_210_PC071,In Use,AnonUser_0015,0
2026-04-01 10:30:00,Lab_210_PC072,In Use,AnonUser_0086,135
2026-04-01 10:30:00,Lab_210_PC073,In Use,AnonUser_0064,105
2026-04-01 10:30:00,Lab_210_PC074,In Use,AnonUser_0059,30
2026-04-01 10:30:00,Lab_210_PC075,In Use,AnonUser_0167,120
2026-04-01 10:30:00,Lab_210_PC076,Idle,AnonUser_0008,90
2026-04-01 10:30:00,Lab_210_PC077,In Use,AnonUser_0106,15
2026-04-01 10:30:00,Lab_210_PC078,In Use,AnonUser_0048,120
2026-04-01 10:30:00,Lab_210_PC079,In Use,AnonUser_0077,0
2026-04-01 10:30:00,Lab_210_PC080,In Use,AnonUser_0023,90
2026-04-01 10:30:00,Lab_210_PC081,In Use,AnonUser_0074,15
2026-04-01 10:30:00,Lab_219_PC082,In Use,AnonUser_0133,120
2026-04-01 10:30:00,Lab_219_PC083,In Use,AnonUser_0058,165
2026-04-01 10:30:00,Lab_219_PC084,In Use,AnonUser_0011,75
2026-04-01 10:30:00,Lab_219_PC085,In Use,AnonUser_0156,150
2026-04-01 10:30:00,Lab_219_PC086,In Use,AnonUser_0100,30
2026-04-01 10:30:00,Lab_219_PC087,In Use,AnonUser_0046,60
2026-04-01 10:30:00,Lab_219_PC088,In Use,AnonUser_0098,30
2026-04-01 10:30:00,Lab_219_PC089,In Use,AnonUser_0135,135
2026-04-01 10:30:00,Lab_219_PC090,In Use,AnonUser_0043,195
2026-04-01 10:30:00,Lab_219_PC091,In Use,AnonUser_0142,195
2026-04-01 10:30:00,Lab_219_PC092,Idle,AnonUser_0036,165
2026-04-01 10:30:00,Lab_219_PC093,In Use,AnonUser_0053,15
2026-04-01 10:30:00,Lab_219_PC094,In Use,AnonUser_0057,165
2026-04-01 10:30:00,Lab_219_PC095,Idle,AnonUser_0177,75
2026-04-01 10:30:00,Lab_219_PC096,In Use,AnonUser_0103,30
2026-04-01 10:30:00,Lab_219_PC097,In Use,AnonUser_0147,180
2026-04-01 10:30:00,Lab_219_PC098,In Use,AnonUser_0119,45
2026-04-01 10:30:00,Lab_219_PC099,In Use,AnonUser_0024,30
2026-04-01 10:30:00,Lab_219_PC100,In Use,AnonUser_0146,45
2026-04-01 10:30:00,Lab_219_PC101,In Use,AnonUser_0173,135
2026-04-01 10:30:00,Lab_219_PC102,Idle,AnonUser_0085,180
2026-04-01 10:30:00,Lab_219_PC103,Idle,AnonUser_0168,105
2026-04-01 10:30:00,Lab_219_PC104,In Use,AnonUser_0096,120
2026-04-01 10:30:00,Lab_219_PC105,In Use,AnonUser_0176,0
2026-04-01 10:30:00,Lab_219_PC106,Idle,AnonUser_0149,165
2026-04-01 10:30:00,Lab_219_PC107,Idle,AnonUser_0162,180
2026-04-01 10:30:00,Lab_219_PC108,In Use,AnonUser_0166,15
2026-04-01 10:30:00,Lab_219_PC109,In Use,AnonUser_0152,30
2026-04-01 10:30:00,Lab_219_PC110,In Use,AnonUser_0150,15
2026-04-01 10:30:00,Lab_219_PC111,In Use,AnonUser_0138,90
2026-04-01 10:30:00,Lab_219_PC112,In Use,AnonUser_0055,15
2026-04-01 10:30:00,Lab_219_PC113,Idle,AnonUser_0097,120
2026-04-01 10:30:00,Lab_219_PC114,In Use,AnonUser_0078,45
2026-04-01 10:30:00,Lab_219_PC115,In Use,AnonUser_0076,0
2026-04-01 10:30:00,Lab_219_PC116,In Use,AnonUser_0126,30
2026-04-01 10:30:00,Lab_219_PC117,In Use,AnonUser_0039,120
2026-04-01 10:30:00,Lab_219_PC118,In Use,AnonUser_0080,15
2026-04-01 10:30:00,Lab_219_PC119,In Use,AnonUser_0090,150
2026-04-01 10:30:00,Lab_219_PC120,In Use,AnonUser_0144,180
2026-04-01 10:30:00,Lab_219_PC121,Idle,AnonUser_0028,195
2026-04-01 10:30:00,Lab_219_PC122,In Use,AnonUser_0111,15
2026-04-01 10:30:00,Lab_219_PC123,In Use,AnonUser_0175,165
2026-04-01 10:30:00,Lab_219_PC124,In Use,AnonUser_0066,0
2026-04-01 10:30:00,Lab_219_PC125,In Use,AnonUser_0004,0
2026-04-01 10:30:00,Lab_219_PC126,In Use,AnonUser_0047,0
2026-04-01 10:30:00,Lab_219_PC127,In Use,AnonUser_0013,120
2026-04-01 10:30:00,Lab_219_PC128,In Use,AnonUser_0105,45
2026-04-01 10:30:00,Lab_219_PC129,Idle,AnonUser_0038,0
2026-04-01 10:30:00,Lab_219_PC130,In Use,AnonUser_0104,15
2026-04-01 10:30:00,Lab_219_PC131,Offline,N/A,N/A
2026-04-01 10:30:00,Lab_219_PC132,In Use,AnonUser_0079,120
2026-04-01 10:30:00,Lab_219_PC133,In Use,AnonUser_0012,60
2026-04-01 10:30:00,Lab_219_PC134,In Use,AnonUser_0088,15
2026-04-01 10:30:00,Lab_219_PC135,In Use,AnonUser_0041,0
2026-04-01 10:30:00,Lab_219_PC136,In Use,AnonUser_0016,15
2026-04-01 10:30:00,Lab_219_PC137,In Use,AnonUser_0128,105
2026-04-01 10:30:00,Lab_219_PC138,In Use,AnonUser_0073,105
2026-04-01 10:30:00,Lab_219_PC139,In Use,AnonUser_0045,120
2026-04-01 10:30:00,Lab_219_PC140,In Use,AnonUser_0070,60
2026-04-01 10:30:00,Lab_219_PC141,In Use,AnonUser_0120,195
2026-04-01 10:30:00,Lab_219_PC142,In Use,AnonUser_0063,60
2026-04-01 10:30:00,Lab_219_PC143,In Use,AnonUser_0084,15
2026-04-01 10:30:00,Lab_219_PC144,Idle,AnonUser_0089,15
2026-04-01 10:30:00,Lab_219_PC145,In Use,AnonUser_0158,105
2026-04-01 10:30:00,Lab_219_PC146,In Use,AnonUser_0018,15
2026-04-01 10:30:00,Lab_219_PC147,In Use,AnonUser_0127,90
2026-04-01 10:30:00,Lab_219_PC148,In Use,AnonUser_0145,150
2026-04-01 10:30:00,Lab_219_PC149,In Use,AnonUser_0071,15
2026-04-01 10:30:00,Lab_219_PC150,Idle,AnonUser_0034,105
2026-04-01 10:30:00,Lab_219_PC151,In Use,AnonUser_0139,75
2026-04-01 10:30:00,Lab_219_PC152,In Use,AnonUser_0087,45
2026-04-01 10:30:00,Lab_219_PC153,In Use,AnonUser_0130,0
2026-04-01 10:30:00,Lab_219_PC154,In Use,AnonUser_0054,60
2026-04-01 10:30:00,Lab_219_PC155,In Use,AnonUser_0155,45
2026-04-01 10:30:00,Lab_219_PC156,In Use,AnonUser_0102,30
2026-04-01 10:30:00,Lab_219_PC157,In Use,AnonUser_0092,135
2026-04-01 10:30:00,Lab_219_PC158,In Use,AnonUser_0125,15
2026-04-01 10:30:00,Lab_219_PC159,In Use,AnonUser_0109,75
2026-04-01 10:30:00,Lab_219_PC160,In Use,AnonUser_0143,30
2026-04-01 10:30:00,Lab_219_PC161,In Use,AnonUser_0136,15
2026-04-01 10:30:00,Lab_219_PC162,In Use,AnonUser_0014,30
2026-04-01 10:30:00,Lab_219_PC163,In Use,AnonUser_0140,30
2026-04-01 10:30:00,Lab_219_PC164,Idle,AnonUser_0101,75
2026-04-01 10:30:00,Lab_219_PC165,In Use,AnonUser_0005,150
2026-04-01 10:30:00,Lab_219_PC166,Idle,AnonUser_0164,120
2026-04-01 10:30:00,Lab_219_PC167,In Use,AnonUser_0051,15
2026-04-01 10:30:00,Lab_219_PC168,In Use,AnonUser_0083,120
2026-04-01 10:30:00,Lab_219_PC169,In Use,AnonUser_0124,90
2026-04-01 10:30:00,Lab_219_PC170,In Use,AnonUser_0072,105
2026-04-01 10:30:00,Lab_219_PC171,In Use,AnonUser_0115,0
2026-04-01 10:30:00,Lab_219_PC172,In Use,AnonUser_0020,105
2026-04-01 10:30:00,Lab_219_PC173,Idle,AnonUser_0062,60
2026-04-01 10:30:00,Lab_219_PC174,In Use,AnonUser_0075,180
2026-04-01 10:30:00,Lab_219_PC175,In Use,AnonUser_0031,210
2026-04-01 10:30:00,Lab_219_PC176,In Use,AnonUser_0114,75
2026-04-01 10:30:00,Lab_219_PC177,In Use,AnonUser_0178,90
2026-04-01 10:30:00,Lab_219_PC178,In Use,AnonUser_0068,30
2026-04-01 10:30:00,Lab_219_PC179,In Use,AnonUser_0170,120
2026-04-01 10:45:00,Lab_202_PC001,In Use,AnonUser_0037,30
2026-04-01 10:45:00,Lab_202_PC002,Idle,AnonUser_0093,45
2026-04-01 10:45:00,Lab_202_PC003,In Use,AnonUser_0107,45
2026-04-01 10:45:00,Lab_202_PC004,In Use,AnonUser_0094,150
2026-04-01 10:45:00,Lab_202_PC005,Idle,AnonUser_0002,180
2026-04-01 10:45:00,Lab_202_PC006,In Use,AnonUser_0042,45
2026-04-01 10:45:00,Lab_202_PC007,In Use,AnonUser_0161,225
2026-04-01 10:45:00,Lab_202_PC008,In Use,AnonUser_0134,60
2026-04-01 10:45:00,Lab_202_PC009,In Use,AnonUser_0007,165
2026-04-01 10:45:00,Lab_202_PC010,Idle,AnonUser_0122,15
2026-04-01 10:45:00,Lab_202_PC011,Idle,AnonUser_0032,0
2026-04-01 10:45:00,Lab_202_PC012,Idle,AnonUser_0157,0
2026-04-01 10:45:00,Lab_202_PC013,In Use,AnonUser_0017,165
2026-04-01 10:45:00,Lab_202_PC014,In Use,AnonUser_0137,105
2026-04-01 10:45:00,Lab_202_PC015,In Use,AnonUser_0022,0
2026-04-01 10:45:00,Lab_202_PC016,In Use,AnonUser_0108,180
2026-04-01 10:45:00,Lab_202_PC017,In Use,AnonUser_0153,15
2026-04-01 10:45:00,Lab_202_PC018,In Use,AnonUser_0116,60
2026-04-01 10:45:00,Lab_202_PC019,In Use,AnonUser_0001,135
2026-04-01 10:45:00,Lab_202_PC020,In Use,AnonUser_0049,105
2026-04-01 10:45:00,Lab_202_PC021,In Use,AnonUser_0154,105
2026-04-01 10:45:00,Lab_202_PC022,In Use,AnonUser_0027,225
2026-04-01 10:45:00,Lab_202_PC023,In Use,AnonUser_0033,0
2026-04-01 10:45:00,Lab_202_PC024,In Use,AnonUser_0165,45
2026-04-01 10:45:00,Lab_202_PC025,In Use,AnonUser_0069,105
2026-04-01 10:45:00,Lab_202_PC026,In Use,AnonUser_0113,0
2026-04-01 10:45:00,Lab_202_PC027,In Use,AnonUser_0129,15
2026-04-01 10:45:00,Lab_202_PC028,In Use,AnonUser_0006,150
2026-04-01 10:45:00,Lab_202_PC029,In Use,AnonUser_0082,15
2026-04-01 10:45:00,Lab_202_PC030,In Use,AnonUser_0112,225
2026-04-01 10:45:00,Lab_206_PC031,In Use,AnonUser_0117,75
2026-04-01 10:45:00,Lab_206_PC032,In Use,AnonUser_0081,30
2026-04-01 10:45:00,Lab_206_PC033,In Use,AnonUser_0040,60
2026-04-01 10:45:00,Lab_206_PC034,In Use,AnonUser_0163,75
2026-04-01 10:45:00,Lab_206_PC035,In Use,AnonUser_0003,45
2026-04-01 10:45:00,Lab_206_PC036,In Use,AnonUser_0052,135
2026-04-01 10:45:00,Lab_206_PC037,In Use,AnonUser_0172,45
2026-04-01 10:45:00,Lab_206_PC038,In Use,AnonUser_0132,15
2026-04-01 10:45:00,Lab_206_PC039,In Use,AnonUser_0121,180
2026-04-01 10:45:00,Lab_206_PC040,In Use,AnonUser_0030,165
2026-04-01 10:45:00,Lab_206_PC041,In Use,AnonUser_0171,15
2026-04-01 10:45:00,Lab_206_PC042,In Use,AnonUser_0095,45
2026-04-01 10:45:00,Lab_206_PC043,In Use,AnonUser_0026,135
2026-04-01 10:45:00,Lab_206_PC044,In Use,AnonUser_0174,75
2026-04-01 10:45:00,Lab_206_PC045,Idle,AnonUser_0118,75
2026-04-01 10:45:00,Lab_206_PC046,In Use,AnonUser_0019,75
2026-04-01 10:45:00,Lab_206_PC047,In Use,AnonUser_0141,60
2026-04-01 10:45:00,Lab_206_PC048,In Use,AnonUser_0099,180
2026-04-01 10:45:00,Lab_206_PC049,Idle,AnonUser_0110,15
2026-04-01 10:45:00,Lab_206_PC050,In Use,AnonUser_0065,45
2026-04-01 10:45:00,Lab_206_PC051,In Use,AnonUser_0056,90
2026-04-01 10:45:00,Lab_206_PC052,In Use,AnonUser_0179,120
2026-04-01 10:45:00,Lab_206_PC053,Idle,AnonUser_0151,60
2026-04-01 10:45:00,Lab_206_PC054,In Use,AnonUser_0169,45
2026-04-01 10:45:00,Lab_206_PC055,In Use,AnonUser_0060,120
2026-04-01 10:45:00,Lab_206_PC056,In Use,AnonUser_0035,75
2026-04-01 10:45:00,Lab_206_PC057,In Use,AnonUser_0148,180
2026-04-01 10:45:00,Lab_206_PC058,In Use,AnonUser_0067,45
2026-04-01 10:45:00,Lab_206_PC059,In Use,AnonUser_0021,0
2026-04-01 10:45:00,Lab_206_PC060,In Use,AnonUser_0091,45
2026-04-01 10:45:00,Lab_210_PC061,In Use,AnonUser_0131,165
2026-04-01 10:45:00,Lab_210_PC062,Idle,AnonUser_0159,105
2026-04-01 10:45:00,Lab_210_PC063,Idle,AnonUser_0029,180
2026-04-01 10:45:00,Lab_210_PC064,In Use,AnonUser_0010,75
2026-04-01 10:45:00,Lab_210_PC065,In Use,AnonUser_0050,120
2026-04-01 10:45:00,Lab_210_PC066,In Use,AnonUser_0061,135
2026-04-01 10:45:00,Lab_210_PC067,In Use,AnonUser_0044,150
2026-04-01 10:45:00,Lab_210_PC068,In Use,AnonUser_0025,90
2026-04-01 10:45:00,Lab_210_PC069,In Use,AnonUser_0123,135
2026-04-01 10:45:00,Lab_210_PC070,In Use,AnonUser_0009,15
2026-04-01 10:45:00,Lab_210_PC071,In Use,AnonUser_0160,60
2026-04-01 10:45:00,Lab_210_PC072,In Use,AnonUser_0086,120
2026-04-01 10:45:00,Lab_210_PC073,In Use,AnonUser_0064,90
2026-04-01 10:45:00,Lab_210_PC074,In Use,AnonUser_0059,15
2026-04-01 10:45:00,Lab_210_PC075,In Use,AnonUser_0167,105
2026-04-01 10:45:00,Lab_210_PC076,In Use,AnonUser_0008,75
2026-04-01 10:45:00,Lab_210_PC077,In Use,AnonUser_0106,0
2026-04-01 10:45:00,Lab_210_PC078,In Use,AnonUser_0048,105
2026-04-01 10:45:00,Lab_210_PC079,Idle,AnonUser_0015,30
2026-04-01 10:45:00,Lab_210_PC080,In Use,AnonUser_0023,75
2026-04-01 10:45:00,Lab_210_PC081,In Use,AnonUser_0074,0
2026-04-01 10:45:00,Lab_219_PC082,Idle,AnonUser_0133,105
2026-04-01 10:45:00,Lab_219_PC083,In Use,AnonUser_0058,150
2026-04-01 10:45:00,Lab_219_PC084,In Use,AnonUser_0011,60
2026-04-01 10:45:00,Lab_219_PC085,In Use,AnonUser_0156,135
2026-04-01 10:45:00,Lab_219_PC086,Idle,AnonUser_0100,15
2026-04-01 10:45:00,Lab_219_PC087,In Use,AnonUser_0046,45
2026-04-01 10:45:00,Lab_219_PC088,In Use,AnonUser_0098,15
2026-04-01 10:45:00,Lab_219_PC089,In Use,AnonUser_0135,120
2026-04-01 10:45:00,Lab_219_PC090,In Use,AnonUser_0043,180
2026-04-01 10:45:00,Lab_219_PC091,In Use,AnonUser_0142,180
2026-04-01 10:45:00,Lab_219_PC092,In Use,AnonUser_0036,150
2026-04-01 10:45:00,Lab_219_PC093,In Use,AnonUser_0053,0
2026-04-01 10:45:00,Lab_219_PC094,In Use,AnonUser_0057,150
2026-04-01 10:45:00,Lab_219_PC095,In Use,AnonUser_0177,60
2026-04-01 10:45:00,Lab_219_PC096,In Use,AnonUser_0103,15
2026-04-01 10:45:00,Lab_219_PC097,In Use,AnonUser_0147,165
2026-04-01 10:45:00,Lab_219_PC098,Idle,AnonUser_0119,30
2026-04-01 10:45:00,Lab_219_PC099,In Use,AnonUser_0024,15
2026-04-01 10:45:00,Lab_219_PC100,In Use,AnonUser_0146,30
2026-04-01 10:45:00,Lab_219_PC101,In Use,AnonUser_0173,120
2026-04-01 10:45:00,Lab_219_PC102,In Use,AnonUser_0085,165
2026-04-01 10:45:00,Lab_219_PC103,In Use,AnonUser_0168,90
2026-04-01 10:45:00,Lab_219_PC104,In Use,AnonUser_0096,105
2026-04-01 10:45:00,Lab_219_PC105,Offline,N/A,N/A
2026-04-01 10:45:00,Lab_219_PC106,In Use,AnonUser_0149,150
2026-04-01 10:45:00,Lab_219_PC107,In Use,AnonUser_0162,165
2026-04-01 10:45:00,Lab_219_PC108,In Use,AnonUser_0166,0
2026-04-01 10:45:00,Lab_219_PC109,In Use,AnonUser_0152,15
2026-04-01 10:45:00,Lab_219_PC110,In Use,AnonUser_0150,0
2026-04-01 10:45:00,Lab_219_PC111,In Use,AnonUser_0138,75
2026-04-01 10:45:00,Lab_219_PC112,In Use,AnonUser_0055,0
2026-04-01 10:45:00,Lab_219_PC113,In Use,AnonUser_0097,105
2026-04-01 10:45:00,Lab_219_PC114,In Use,AnonUser_0078,30
2026-04-01 10:45:00,Lab_219_PC115,Idle,AnonUser_0077,210
2026-04-01 10:45:00,Lab_219_PC116,In Use,AnonUser_0126,15
2026-04-01 10:45:00,Lab_219_PC117,In Use,AnonUser_0039,105
2026-04-01 10:45:00,Lab_219_PC118,In Use,AnonUser_0080,0
2026-04-01 10:45:00,Lab_219_PC119,In Use,AnonUser_0090,135
2026-04-01 10:45:00,Lab_219_PC120,In Use,AnonUser_0144,165
2026-04-01 10:45:00,Lab_219_PC121,In Use,AnonUser_0028,180
2026-04-01 10:45:00,Lab_219_PC122,In Use,AnonUser_0111,0
2026-04-01 10:45:00,Lab_219_PC123,In Use,AnonUser_0175,150
2026-04-01 10:45:00,Lab_219_PC124,Idle,AnonUser_0066,180
2026-04-01 10:45:00,Lab_219_PC125,In Use,AnonUser_0176,150
2026-04-01 10:45:00,Lab_219_PC126,Idle,AnonUser_0076,75
2026-04-01 10:45:00,Lab_219_PC127,In Use,AnonUser_0013,105
2026-04-01 10:45:00,Lab_219_PC128,In Use,AnonUser_0105,30
2026-04-01 10:45:00,Lab_219_PC129,In Use,AnonUser_0047,150
2026-04-01 10:45:00,Lab_219_PC130,In Use,AnonUser_0104,0
2026-04-01 10:45:00,Lab_219_PC131,Idle,AnonUser_0038,60
2026-04-01 10:45:00,Lab_219_PC132,In Use,AnonUser_0079,105
2026-04-01 10:45:00,Lab_219_PC133,In Use,AnonUser_0012,45
2026-04-01 10:45:00,Lab_219_PC134,In Use,AnonUser_0088,0
2026-04-01 10:45:00,Lab_219_PC135,In Use,AnonUser_0041,0
2026-04-01 10:45:00,Lab_219_PC136,In Use,AnonUser_0016,0
2026-04-01 10:45:00,Lab_219_PC137,In Use,AnonUser_0128,90
2026-04-01 10:45:00,Lab_219_PC138,In Use,AnonUser_0073,90
2026-04-01 10:45:00,Lab_219_PC139,In Use,AnonUser_0045,105
2026-04-01 10:45:00,Lab_219_PC140,In Use,AnonUser_0070,45
2026-04-01 10:45:00,Lab_219_PC141,In Use,AnonUser_0120,180
2026-04-01 10:45:00,Lab_219_PC142,In Use,AnonUser_0063,45
2026-04-01 10:45:00,Lab_219_PC143,In Use,AnonUser_0084,0
2026-04-01 10:45:00,Lab_219_PC144,In Use,AnonUser_0089,0
2026-04-01 10:45:00,Lab_219_PC145,In Use,AnonUser_0158,90
2026-04-01 10:45:00,Lab_219_PC146,Idle,AnonUser_0018,0
2026-04-01 10:45:00,Lab_219_PC147,In Use,AnonUser_0127,75
2026-04-01 10:45:00,Lab_219_PC148,In Use,AnonUser_0145,135
2026-04-01 10:45:00,Lab_219_PC149,In Use,AnonUser_0071,0
2026-04-01 10:45:00,Lab_219_PC150,In Use,AnonUser_0034,90
2026-04-01 10:45:00,Lab_219_PC151,In Use,AnonUser_0139,60
2026-04-01 10:45:00,Lab_219_PC152,In Use,AnonUser_0087,30
2026-04-01 10:45:00,Lab_219_PC153,Offline,N/A,N/A
2026-04-01 10:45:00,Lab_219_PC154,In Use,AnonUser_0054,45
2026-04-01 10:45:00,Lab_219_PC155,In Use,AnonUser_0155,30
2026-04-01 10:45:00,Lab_219_PC156,In Use,AnonUser_0102,15
2026-04-01 10:45:00,Lab_219_PC157,Idle,AnonUser_0092,120
2026-04-01 10:45:00,Lab_219_PC158,Idle,AnonUser_0125,0
2026-04-01 10:45:00,Lab_219_PC159,In Use,AnonUser_0109,60
2026-04-01 10:45:00,Lab_219_PC160,In Use,AnonUser_0143,15
2026-04-01 10:45:00,Lab_219_PC161,In Use,AnonUser_0136,0
2026-04-01 10:45:00,Lab_219_PC162,In Use,AnonUser_0014,15
2026-04-01 10:45:00,Lab_219_PC163,In Use,AnonUser_0140,15
2026-04-01 10:45:00,Lab_219_PC164,In Use,AnonUser_0101,60
2026-04-01 10:45:00,Lab_219_PC165,In Use,AnonUser_0005,135
2026-04-01 10:45:00,Lab_219_PC166,In Use,AnonUser_0164,105
2026-04-01 10:45:00,Lab_219_PC167,In Use,AnonUser_0051,0
2026-04-01 10:45:00,Lab_219_PC168,In Use,AnonUser_0083,105
2026-04-01 10:45:00,Lab_219_PC169,In Use,AnonUser_0124,75
2026-04-01 10:45:00,Lab_219_PC170,In Use,AnonUser_0072,90
2026-04-01 10:45:00,Lab_219_PC171,In Use,AnonUser_0004,150
2026-04-01 10:45:00,Lab_219_PC172,In Use,AnonUser_0020,90
2026-04-01 10:45:00,Lab_219_PC173,In Use,AnonUser_0062,45
2026-04-01 10:45:00,Lab_219_PC174,In Use,AnonUser_0075,165
2026-04-01 10:45:00,Lab_219_PC175,In Use,AnonUser_0031,195
2026-04-01 10:45:00,Lab_219_PC176,In Use,AnonUser_0114,60
2026-04-01 10:45:00,Lab_219_PC177,In Use,AnonUser_0178,75
2026-04-01 10:45:00,Lab_219_PC178,In Use,AnonUser_0068,15
2026-04-01 10:45:00,Lab_219_PC179,In Use,AnonUser_0170,105
2026-04-01 11:00:00,Lab_202_PC001,Idle,AnonUser_0037,15
2026-04-01 11:00:00,Lab_202_PC002,In Use,AnonUser_0093,30
2026-04-01 11:00:00,Lab_202_PC003,In Use,AnonUser_0107,30
2026-04-01 11:00:00,Lab_202_PC004,In Use,AnonUser_0094,135
2026-04-01 11:00:00,Lab_202_PC005,In Use,AnonUser_0002,165
2026-04-01 11:00:00,Lab_202_PC006,In Use,AnonUser_0042,30
2026-04-01 11:00:00,Lab_202_PC007,In Use,AnonUser_0161,210
2026-04-01 11:00:00,Lab_202_PC008,In Use,AnonUser_0134,45
2026-04-01 11:00:00,Lab_202_PC009,In Use,AnonUser_0007,150
2026-04-01 11:00:00,Lab_202_PC010,Idle,AnonUser_0122,0
2026-04-01 11:00:00,Lab_202_PC011,In Use,AnonUser_0115,165
2026-04-01 11:00:00,Lab_202_PC012,In Use,AnonUser_0157,225
2026-04-01 11:00:00,Lab_202_PC013,Idle,AnonUser_0017,150
2026-04-01 11:00:00,Lab_202_PC014,In Use,AnonUser_0137,90
2026-04-01 11:00:00,Lab_202_PC015,In Use,AnonUser_0022,60
2026-04-01 11:00:00,Lab_202_PC016,In Use,AnonUser_0108,165
2026-04-01 11:00:00,Lab_202_PC017,In Use,AnonUser_0153,0
2026-04-01 11:00:00,Lab_202_PC018,In Use,AnonUser_0116,45
2026-04-01 11:00:00,Lab_202_PC019,In Use,AnonUser_0001,120
2026-04-01 11:00:00,Lab_202_PC020,In Use,AnonUser_0049,90
2026-04-01 11:00:00,Lab_202_PC021,Idle,AnonUser_0154,90
2026-04-01 11:00:00,Lab_202_PC022,Idle,AnonUser_0027,210
2026-04-01 11:00:00,Lab_202_PC023,In Use,AnonUser_0130,60
2026-04-01 11:00:00,Lab_202_PC024,In Use,AnonUser_0165,30
2026-04-01 11:00:00,Lab_202_PC025,In Use,AnonUser_0069,90
2026-04-01 11:00:00,Lab_202_PC026,In Use,AnonUser_0032,105
2026-04-01 11:00:00,Lab_202_PC027,In Use,AnonUser_0129,0
2026-04-01 11:00:00,Lab_202_PC028,In Use,AnonUser_0006,135
2026-04-01 11:00:00,Lab_202_PC029,In Use,AnonUser_0082,0
2026-04-01 11:00:00,Lab_202_PC030,In Use,AnonUser_0112,210
2026-04-01 11:00:00,Lab_206_PC031,Idle,AnonUser_0117,60
2026-04-01 11:00:00,Lab_206_PC032,In Use,AnonUser_0081,15
2026-04-01 11:00:00,Lab_206_PC033,In Use,AnonUser_0040,45
2026-04-01 11:00:00,Lab_206_PC034,In Use,AnonUser_0163,60
2026-04-01 11:00:00,Lab_206_PC035,In Use,AnonUser_0003,30
2026-04-01 11:00:00,Lab_206_PC036,In Use,AnonUser_0052,120
2026-04-01 11:00:00,Lab_206_PC037,In Use,AnonUser_0172,30
2026-04-01 11:00:00,Lab_206_PC038,In Use,AnonUser_0132,0
2026-04-01 11:00:00,Lab_206_PC039,In Use,AnonUser_0121,165
2026-04-01 11:00:00,Lab_206_PC040,In Use,AnonUser_0030,150
2026-04-01 11:00:00,Lab_206_PC041,In Use,AnonUser_0171,0
2026-04-01 11:00:00,Lab_206_PC042,In Use,AnonUser_0095,30
2026-04-01 11:00:00,Lab_206_PC043,In Use,AnonUser_0026,120
2026-04-01 11:00:00,Lab_206_PC044,In Use,AnonUser_0174,60
2026-04-01 11:00:00,Lab_206_PC045,In Use,AnonUser_0118,60
2026-04-01 11:00:00,Lab_206_PC046,In Use,AnonUser_0019,60
2026-04-01 11:00:00,Lab_206_PC047,In Use,AnonUser_0141,45
2026-04-01 11:00:00,Lab_206_PC048,In Use,AnonUser_0099,165
2026-04-01 11:00:00,Lab_206_PC049,In Use,AnonUser_0110,0
2026-04-01 11:00:00,Lab_206_PC050,In Use,AnonUser_0065,30
2026-04-01 11:00:00,Lab_206_PC051,In Use,AnonUser_0056,75
2026-04-01 11:00:00,Lab_206_PC052,In Use,AnonUser_0179,105
2026-04-01 11:00:00,Lab_206_PC053,In Use,AnonUser_0151,45
2026-04-01 11:00:00,Lab_206_PC054,In Use,AnonUser_0169,30
2026-04-01 11:00:00,Lab_206_PC055,In Use,AnonUser_0060,105
2026-04-01 11:00:00,Lab_206_PC056,In Use,AnonUser_0035,60
2026-04-01 11:00:00,Lab_206_PC057,Idle,AnonUser_0148,165
2026-04-01 11:00:00,Lab_206_PC058,In Use,AnonUser_0067,30
2026-04-01 11:00:00,Lab_206_PC059,Offline,N/A,N/A
2026-04-01 11:00:00,Lab_206_PC060,In Use,AnonUser_0091,30
2026-04-01 11:00:00,Lab_210_PC061,Idle,AnonUser_0131,150
2026-04-01 11:00:00,Lab_210_PC062,In Use,AnonUser_0159,90
2026-04-01 11:00:00,Lab_210_PC063,In Use,AnonUser_0029,165
2026-04-01 11:00:00,Lab_210_PC064,In Use,AnonUser_0010,60
2026-04-01 11:00:00,Lab_210_PC065,In Use,AnonUser_0050,105
2026-04-01 11:00:00,Lab_210_PC066,In Use,AnonUser_0061,120
2026-04-01 11:00:00,Lab_210_PC067,In Use,AnonUser_0044,135
2026-04-01 11:00:00,Lab_210_PC068,Idle,AnonUser_0025,75
2026-04-01 11:00:00,Lab_210_PC069,In Use,AnonUser_0123,120
2026-04-01 11:00:00,Lab_210_PC070,In Use,AnonUser_0009,0
2026-04-01 11:00:00,Lab_210_PC071,In Use,AnonUser_0160,45
2026-04-01 11:00:00,Lab_210_PC072,In Use,AnonUser_0086,105
2026-04-01 11:00:00,Lab_210_PC073,In Use,AnonUser_0064,75
2026-04-01 11:00:00,Lab_210_PC074,In Use,AnonUser_0059,0
2026-04-01 11:00:00,Lab_210_PC075,In Use,AnonUser_0167,90
2026-04-01 11:00:00,Lab_210_PC076,In Use,AnonUser_0008,60
2026-04-01 11:00:00,Lab_210_PC077,Offline,N/A,N/A
2026-04-01 11:00:00,Lab_210_PC078,In Use,AnonUser_0048,90
2026-04-01 11:00:00,Lab_210_PC079,In Use,AnonUser_0015,15
2026-04-01 11:00:00,Lab_210_PC080,In Use,AnonUser_0023,60
2026-04-01 11:00:00,Lab_210_PC081,In Use,AnonUser_0113,195
2026-04-01 11:00:00,Lab_219_PC082,In Use,AnonUser_0133,90
2026-04-01 11:00:00,Lab_219_PC083,In Use,AnonUser_0058,135
2026-04-01 11:00:00,Lab_219_PC084,In Use,AnonUser_0011,45
2026-04-01 11:00:00,Lab_219_PC085,In Use,AnonUser_0156,120
2026-04-01 11:00:00,Lab_219_PC086,In Use,AnonUser_0100,0
2026-04-01 11:00:00,Lab_219_PC087,In Use,AnonUser_0046,30
2026-04-01 11:00:00,Lab_219_PC088,In Use,AnonUser_0098,0
2026-04-01 11:00:00,Lab_219_PC089,In Use,AnonUser_0135,105
2026-04-01 11:00:00,Lab_219_PC090,In Use,AnonUser_0043,165
2026-04-01 11:00:00,Lab_219_PC091,In Use,AnonUser_0142,165
2026-04-01 11:00:00,Lab_219_PC092,In Use,AnonUser_0036,135
2026-04-01 11:00:00,Lab_219_PC093,In Use,AnonUser_0053,165
2026-04-01 11:00:00,Lab_219_PC094,In Use,AnonUser_0057,135
2026-04-01 11:00:00,Lab_219_PC095,In Use,AnonUser_0177,45
2026-04-01 11:00:00,Lab_219_PC096,In Use,AnonUser_0103,0
2026-04-01 11:00:00,Lab_219_PC097,In Use,AnonUser_0147,150
2026-04-01 11:00:00,Lab_219_PC098,In Use,AnonUser_0119,15
2026-04-01 11:00:00,Lab_219_PC099,In Use,AnonUser_0024,0
2026-04-01 11:00:00,Lab_219_PC100,In Use,AnonUser_0146,15
2026-04-01 11:00:00,Lab_219_PC101,Idle,AnonUser_0173,105
2026-04-01 11:00:00,Lab_219_PC102,In Use,AnonUser_0085,150
2026-04-01 11:00:00,Lab_219_PC103,In Use,AnonUser_0168,75
2026-04-01 11:00:00,Lab_219_PC104,In Use,AnonUser_0096,90
2026-04-01 11:00:00,Lab_219_PC105,In Use,AnonUser_0033,15
2026-04-01 11:00:00,Lab_219_PC106,In Use,AnonUser_0149,135
2026-04-01 11:00:00,Lab_219_PC107,Idle,AnonUser_0162,150
2026-04-01 11:00:00,Lab_219_PC108,In Use,AnonUser_0106,15
2026-04-01 11:00:00,Lab_219_PC109,Idle,AnonUser_0152,0
2026-04-01 11:00:00,Lab_219_PC110,In Use,AnonUser_0150,135
2026-04-01 11:00:00,Lab_219_PC111,In Use,AnonUser_0138,60
2026-04-01 11:00:00,Lab_219_PC112,In Use,AnonUser_0021,120
2026-04-01 11:00:00,Lab_219_PC113,In Use,AnonUser_0097,90
2026-04-01 11:00:00,Lab_219_PC114,In Use,AnonUser_0078,15
2026-04-01 11:00:00,Lab_219_PC115,In Use,AnonUser_0077,195
2026-04-01 11:00:00,Lab_219_PC116,In Use,AnonUser_0126,0
2026-04-01 11:00:00,Lab_219_PC117,In Use,AnonUser_0039,90
2026-04-01 11:00:00,Lab_219_PC118,In Use,AnonUser_0080,135
2026-04-01 11:00:00,Lab_219_PC119,In Use,AnonUser_0090,120
2026-04-01 11:00:00,Lab_219_PC120,In Use,AnonUser_0144,150
2026-04-01 11:00:00,Lab_219_PC121,In Use,AnonUser_0028,165
2026-04-01 11:00:00,Lab_219_PC122,Idle,AnonUser_0166,180
2026-04-01 11:00:00,Lab_219_PC123,In Use,AnonUser_0175,135
2026-04-01 11:00:00,Lab_219_PC124,In Use,AnonUser_0066,165
2026-04-01 11:00:00,Lab_219_PC125,In Use,AnonUser_0176,135
2026-04-01 11:00:00,Lab_219_PC126,In Use,AnonUser_0076,60
2026-04-01 11:00:00,Lab_219_PC127,In Use,AnonUser_0013,90
2026-04-01 11:00:00,Lab_219_PC128,In Use,AnonUser_0105,15
2026-04-01 11:00:00,Lab_219_PC129,In Use,AnonUser_0047,135
2026-04-01 11:00:00,Lab_219_PC130,In Use,AnonUser_0104,90
2026-04-01 11:00:00,Lab_219_PC131,Idle,AnonUser_0038,45
2026-04-01 11:00:00,Lab_219_PC132,In Use,AnonUser_0079,90
2026-04-01 11:00:00,Lab_219_PC133,In Use,AnonUser_0012,30
2026-04-01 11:00:00,Lab_219_PC134,Idle,AnonUser_0088,150
2026-04-01 11:00:00,Lab_219_PC135,In Use,AnonUser_0111,180
2026-04-01 11:00:00,Lab_219_PC136,Idle,AnonUser_0016,90
2026-04-01 11:00:00,Lab_219_PC137,In Use,AnonUser_0128,75
2026-04-01 11:00:00,Lab_219_PC138,In Use,AnonUser_0073,75
2026-04-01 11:00:00,Lab_219_PC139,In Use,AnonUser_0045,90
2026-04-01 11:00:00,Lab_219_PC140,Idle,AnonUser_0070,30
2026-04-01 11:00:00,Lab_219_PC141,In Use,AnonUser_0120,165
2026-04-01 11:00:00,Lab_219_PC142,Idle,AnonUser_0063,30
2026-04-01 11:00:00,Lab_219_PC143,In Use,AnonUser_0084,225
2026-04-01 11:00:00,Lab_219_PC144,In Use,AnonUser_0055,120
2026-04-01 11:00:00,Lab_219_PC145,Idle,AnonUser_0158,75
2026-04-01 11:00:00,Lab_219_PC146,Idle,AnonUser_0041,75
2026-04-01 11:00:00,Lab_219_PC147,In Use,AnonUser_0127,60
2026-04-01 11:00:00,Lab_219_PC148,In Use,AnonUser_0145,120
2026-04-01 11:00:00,Lab_219_PC149,In Use,AnonUser_0089,0
2026-04-01 11:00:00,Lab_219_PC150,In Use,AnonUser_0034,75
2026-04-01 11:00:00,Lab_219_PC151,In Use,AnonUser_0139,45
2026-04-01 11:00:00,Lab_219_PC152,In Use,AnonUser_0087,15
2026-04-01 11:00:00,Lab_219_PC153,In Use,AnonUser_0071,180
2026-04-01 11:00:00,Lab_219_PC154,In Use,AnonUser_0054,30
2026-04-01 11:00:00,Lab_219_PC155,Idle,AnonUser_0155,15
2026-04-01 11:00:00,Lab_219_PC156,In Use,AnonUser_0102,0
2026-04-01 11:00:00,Lab_219_PC157,In Use,AnonUser_0092,105
2026-04-01 11:00:00,Lab_219_PC158,In Use,AnonUser_0018,90
2026-04-01 11:00:00,Lab_219_PC159,Idle,AnonUser_0109,45
2026-04-01 11:00:00,Lab_219_PC160,In Use,AnonUser_0143,0
2026-04-01 11:00:00,Lab_219_PC161,In Use,AnonUser_0136,90
2026-04-01 11:00:00,Lab_219_PC162,In Use,AnonUser_0014,0
2026-04-01 11:00:00,Lab_219_PC163,In Use,AnonUser_0140,0
2026-04-01 11:00:00,Lab_219_PC164,In Use,AnonUser_0101,45
2026-04-01 11:00:00,Lab_219_PC165,In Use,AnonUser_0005,120
2026-04-01 11:00:00,Lab_219_PC166,In Use,AnonUser_0164,90
2026-04-01 11:00:00,Lab_219_PC167,In Use,AnonUser_0074,45
2026-04-01 11:00:00,Lab_219_PC168,In Use,AnonUser_0083,90
2026-04-01 11:00:00,Lab_219_PC169,Idle,AnonUser_0124,60
2026-04-01 11:00:00,Lab_219_PC170,In Use,AnonUser_0072,75
2026-04-01 11:00:00,Lab_219_PC171,In Use,AnonUser_0004,135
2026-04-01 11:00:00,Lab_219_PC172,In Use,AnonUser_0020,75
2026-04-01 11:00:00,Lab_219_PC173,In Use,AnonUser_0062,30
2026-04-01 11:00:00,Lab_219_PC174,In Use,AnonUser_0075,150
2026-04-01 11:00:00,Lab_219_PC175,In Use,AnonUser_0031,180
2026-04-01 11:00:00,Lab_219_PC176,In Use,AnonUser_0114,45
2026-04-01 11:00:00,Lab_219_PC177,In Use,AnonUser_0178,60
2026-04-01 11:00:00,Lab_219_PC178,In Use,AnonUser_0068,0
2026-04-01 11:00:00,Lab_219_PC179,In Use,AnonUser_0170,90
2026-04-01 11:15:00,Lab_202_PC001,Idle,AnonUser_0037,0
2026-04-01 11:15:00,Lab_202_PC002,In Use,AnonUser_0093,15
2026-04-01 11:15:00,Lab_202_PC003,In Use,AnonUser_0107,15
2026-04-01 11:15:00,Lab_202_PC004,In Use,AnonUser_0094,120
2026-04-01 11:15:00,Lab_202_PC005,In Use,AnonUser_0002,150
2026-04-01 11:15:00,Lab_202_PC006,In Use,AnonUser_0042,15
2026-04-01 11:15:00,Lab_202_PC007,In Use,AnonUser_0161,195
2026-04-01 11:15:00,Lab_202_PC008,In Use,AnonUser_0134,30
2026-04-01 11:15:00,Lab_202_PC009,In Use,AnonUser_0007,135
2026-04-01 11:15:00,Lab_202_PC010,In Use,AnonUser_0051,195
2026-04-01 11:15:00,Lab_202_PC011,Idle,AnonUser_0115,150
2026-04-01 11:15:00,Lab_202_PC012,Idle,AnonUser_0157,210
2026-04-01 11:15:00,Lab_202_PC013,In Use,AnonUser_0017,135
2026-04-01 11:15:00,Lab_202_PC014,In Use,AnonUser_0137,75
2026-04-01 11:15:00,Lab_202_PC015,In Use,AnonUser_0022,45
2026-04-01 11:15:00,Lab_202_PC016,Idle,AnonUser_0108,150
2026-04-01 11:15:00,Lab_202_PC017,In Use,AnonUser_0125,120
2026-04-01 11:15:00,Lab_202_PC018,In Use,AnonUser_0116,30
2026-04-01 11:15:00,Lab_202_PC019,In Use,AnonUser_0001,105
2026-04-01 11:15:00,Lab_202_PC020,Idle,AnonUser_0049,75
2026-04-01 11:15:00,Lab_202_PC021,In Use,AnonUser_0154,75
2026-04-01 11:15:00,Lab_202_PC022,In Use,AnonUser_0027,195
2026-04-01 11:15:00,Lab_202_PC023,In Use,AnonUser_0130,45
2026-04-01 11:15:00,Lab_202_PC024,In Use,AnonUser_0165,15
2026-04-01 11:15:00,Lab_202_PC025,In Use,AnonUser_0069,75
2026-04-01 11:15:00,Lab_202_PC026,In Use,AnonUser_0032,90
2026-04-01 11:15:00,Lab_202_PC027,Offline,N/A,N/A
2026-04-01 11:15:00,Lab_202_PC028,In Use,AnonUser_0006,120
2026-04-01 11:15:00,Lab_202_PC029,In Use,AnonUser_0129,120
2026-04-01 11:15:00,Lab_202_PC030,Idle,AnonUser_0112,195
2026-04-01 11:15:00,Lab_206_PC031,Idle,AnonUser_0117,45
2026-04-01 11:15:00,Lab_206_PC032,In Use,AnonUser_0081,0
2026-04-01 11:15:00,Lab_206_PC033,In Use,AnonUser_0040,30
2026-04-01 11:15:00,Lab_206_PC034,Idle,AnonUser_0163,45
2026-04-01 11:15:00,Lab_206_PC035,In Use,AnonUser_0003,15
2026-04-01 11:15:00,Lab_206_PC036,In Use,AnonUser_0052,105
2026-04-01 11:15:00,Lab_206_PC037,In Use,AnonUser_0172,15
2026-04-01 11:15:00,Lab_206_PC038,Idle,AnonUser_0122,90
2026-04-01 11:15:00,Lab_206_PC039,Idle,AnonUser_0121,150
2026-04-01 11:15:00,Lab_206_PC040,In Use,AnonUser_0030,135
2026-04-01 11:15:00,Lab_206_PC041,Offline,N/A,N/A
2026-04-01 11:15:00,Lab_206_PC042,In Use,AnonUser_0095,15
2026-04-01 11:15:00,Lab_206_PC043,Idle,AnonUser_0026,105
2026-04-01 11:15:00,Lab_206_PC044,Idle,AnonUser_0174,45
2026-04-01 11:15:00,Lab_206_PC045,Idle,AnonUser_0118,45
2026-04-01 11:15:00,Lab_206_PC046,In Use,AnonUser_0019,45
2026-04-01 11:15:00,Lab_206_PC047,In Use,AnonUser_0141,30
2026-04-01 11:15:00,Lab_206_PC048,Idle,AnonUser_0099,150
2026-04-01 11:15:00,Lab_206_PC049,In Use,AnonUser_0153,120
2026-04-01 11:15:00,Lab_206_PC050,In Use,AnonUser_0065,15
2026-04-01 11:15:00,Lab_206_PC051,In Use,AnonUser_0056,60
2026-04-01 11:15:00,Lab_206_PC052,In Use,AnonUser_0179,90
2026-04-01 11:15:00,Lab_206_PC053,Idle,AnonUser_0151,30
2026-04-01 11:15:00,Lab_206_PC054,In Use,AnonUser_0169,15
2026-04-01 11:15:00,Lab_206_PC055,In Use,AnonUser_0060,90
2026-04-01 11:15:00,Lab_206_PC056,In Use,AnonUser_0035,45
2026-04-01 11:15:00,Lab_206_PC057,In Use,AnonUser_0148,150
2026-04-01 11:15:00,Lab_206_PC058,In Use,AnonUser_0067,15
2026-04-01 11:15:00,Lab_206_PC059,In Use,AnonUser_0171,210
2026-04-01 11:15:00,Lab_206_PC060,In Use,AnonUser_0091,15
2026-04-01 11:15:00,Lab_210_PC061,In Use,AnonUser_0131,135
2026-04-01 11:15:00,Lab_210_PC062,In Use,AnonUser_0159,75
2026-04-01 11:15:00,Lab_210_PC063,In Use,AnonUser_0029,150
2026-04-01 11:15:00,Lab_210_PC064,In Use,AnonUser_0010,45
2026-04-01 11:15:00,Lab_210_PC065,In Use,AnonUser_0050,90
2026-04-01 11:15:00,Lab_210_PC066,Idle,AnonUser_0061,105
2026-04-01 11:15:00,Lab_210_PC067,In Use,AnonUser_0044,120
2026-04-01 11:15:00,Lab_210_PC068,In Use,AnonUser_0025,60
2026-04-01 11:15:00,Lab_210_PC069,In Use,AnonUser_0123,105
2026-04-01 11:15:00,Lab_210_PC070,In Use,AnonUser_0110,60
2026-04-01 11:15:00,Lab_210_PC071,In Use,AnonUser_0160,30
2026-04-01 11:15:00,Lab_210_PC072,In Use,AnonUser_0086,90
2026-04-01 11:15:00,Lab_210_PC073,Idle,AnonUser_0064,60
2026-04-01 11:15:00,Lab_210_PC074,Idle,AnonUser_0082,105
2026-04-01 11:15:00,Lab_210_PC075,In Use,AnonUser_0167,75
2026-04-01 11:15:00,Lab_210_PC076,In Use,AnonUser_0008,45
2026-04-01 11:15:00,Lab_210_PC077,In Use,AnonUser_0132,165
2026-04-01 11:15:00,Lab_210_PC078,In Use,AnonUser_0048,75
2026-04-01 11:15:00,Lab_210_PC079,In Use,AnonUser_0015,0
2026-04-01 11:15:00,Lab_210_PC080,Idle,AnonUser_0023,45
2026-04-01 11:15:00,Lab_210_PC081,In Use,AnonUser_0113,180
2026-04-01 11:15:00,Lab_219_PC082,In Use,AnonUser_0133,75
2026-04-01 11:15:00,Lab_219_PC083,In Use,AnonUser_0058,120
2026-04-01 11:15:00,Lab_219_PC084,In Use,AnonUser_0011,30
2026-04-01 11:15:00,Lab_219_PC085,In Use,AnonUser_0156,105
2026-04-01 11:15:00,Lab_219_PC086,Offline,N/A,N/A
2026-04-01 11:15:00,Lab_219_PC087,Idle,AnonUser_0046,15
2026-04-01 11:15:00,Lab_219_PC088,In Use,AnonUser_0059,45
2026-04-01 11:15:00,Lab_219_PC089,In Use,AnonUser_0135,90
2026-04-01 11:15:00,Lab_219_PC090,In Use,AnonUser_0043,150
2026-04-01 11:15:00,Lab_219_PC091,In Use,AnonUser_0142,150
2026-04-01 11:15:00,Lab_219_PC092,Idle,AnonUser_0036,120
2026-04-01 11:15:00,Lab_219_PC093,In Use,AnonUser_0053,150
2026-04-01 11:15:00,Lab_219_PC094,In Use,AnonUser_0057,120
2026-04-01 11:15:00,Lab_219_PC095,In Use,AnonUser_0177,30
2026-04-01 11:15:00,Lab_219_PC096,Idle,AnonUser_0100,15
2026-04-01 11:15:00,Lab_219_PC097,In Use,AnonUser_0147,135
2026-04-01 11:15:00,Lab_219_PC098,In Use,AnonUser_0119,0
2026-04-01 11:15:00,Lab_219_PC099,Idle,AnonUser_0009,165
2026-04-01 11:15:00,Lab_219_PC100,In Use,AnonUser_0146,0
2026-04-01 11:15:00,Lab_219_PC101,In Use,AnonUser_0173,90
2026-04-01 11:15:00,Lab_219_PC102,In Use,AnonUser_0085,135
2026-04-01 11:15:00,Lab_219_PC103,In Use,AnonUser_0168,60
2026-04-01 11:15:00,Lab_219_PC104,In Use,AnonUser_0096,75
2026-04-01 11:15:00,Lab_219_PC105,In Use,AnonUser_0033,0
2026-04-01 11:15:00,Lab_219_PC106,In Use,AnonUser_0149,120
2026-04-01 11:15:00,Lab_219_PC107,Idle,AnonUser_0162,135
2026-04-01 11:15:00,Lab_219_PC108,Idle,AnonUser_0106,0
2026-04-01 11:15:00,Lab_219_PC109,Offline,N/A,N/A
2026-04-01 11:15:00,Lab_219_PC110,Idle,AnonUser_0150,120
2026-04-01 11:15:00,Lab_219_PC111,Idle,AnonUser_0138,45
2026-04-01 11:15:00,Lab_219_PC112,In Use,AnonUser_0021,105
2026-04-01 11:15:00,Lab_219_PC113,In Use,AnonUser_0097,75
2026-04-01 11:15:00,Lab_219_PC114,In Use,AnonUser_0078,0
2026-04-01 11:15:00,Lab_219_PC115,In Use,AnonUser_0077,180
2026-04-01 11:15:00,Lab_219_PC116,Idle,AnonUser_0126,225
2026-04-01 11:15:00,Lab_219_PC117,In Use,AnonUser_0039,75
2026-04-01 11:15:00,Lab_219_PC118,In Use,AnonUser_0080,120
2026-04-01 11:15:00,Lab_219_PC119,Idle,AnonUser_0090,105
2026-04-01 11:15:00,Lab_219_PC120,In Use,AnonUser_0144,135
2026-04-01 11:15:00,Lab_219_PC121,In Use,AnonUser_0028,150
2026-04-01 11:15:00,Lab_219_PC122,In Use,AnonUser_0166,165
2026-04-01 11:15:00,Lab_219_PC123,In Use,AnonUser_0175,120
2026-04-01 11:15:00,Lab_219_PC124,In Use,AnonUser_0066,150
2026-04-01 11:15:00,Lab_219_PC125,In Use,AnonUser_0176,120
2026-04-01 11:15:00,Lab_219_PC126,Idle,AnonUser_0076,45
2026-04-01 11:15:00,Lab_219_PC127,In Use,AnonUser_0013,75
2026-04-01 11:15:00,Lab_219_PC128,In Use,AnonUser_0105,0
2026-04-01 11:15:00,Lab_219_PC129,Idle,AnonUser_0047,120
2026-04-01 11:15:00,Lab_219_PC130,In Use,AnonUser_0104,75
2026-04-01 11:15:00,Lab_219_PC131,In Use,AnonUser_0038,30
2026-04-01 11:15:00,Lab_219_PC132,In Use,AnonUser_0079,75
2026-04-01 11:15:00,Lab_219_PC133,In Use,AnonUser_0012,15
2026-04-01 11:15:00,Lab_219_PC134,In Use,AnonUser_0088,135
2026-04-01 11:15:00,Lab_219_PC135,In Use,AnonUser_0111,165
2026-04-01 11:15:00,Lab_219_PC136,In Use,AnonUser_0016,75
2026-04-01 11:15:00,Lab_219_PC137,In Use,AnonUser_0128,60
2026-04-01 11:15:00,Lab_219_PC138,In Use,AnonUser_0073,60
2026-04-01 11:15:00,Lab_219_PC139,In Use,AnonUser_0045,75
2026-04-01 11:15:00,Lab_219_PC140,In Use,AnonUser_0070,15
2026-04-01 11:15:00,Lab_219_PC141,In Use,AnonUser_0120,150
2026-04-01 11:15:00,Lab_219_PC142,In Use,AnonUser_0063,15
2026-04-01 11:15:00,Lab_219_PC143,In Use,AnonUser_0084,210
2026-04-01 11:15:00,Lab_219_PC144,Idle,AnonUser_0055,105
2026-04-01 11:15:00,Lab_219_PC145,In Use,AnonUser_0158,60
2026-04-01 11:15:00,Lab_219_PC146,In Use,AnonUser_0041,60
2026-04-01 11:15:00,Lab_219_PC147,In Use,AnonUser_0127,45
2026-04-01 11:15:00,Lab_219_PC148,In Use,AnonUser_0145,105
2026-04-01 11:15:00,Lab_219_PC149,In Use,AnonUser_0089,45
2026-04-01 11:15:00,Lab_219_PC150,In Use,AnonUser_0034,60
2026-04-01 11:15:00,Lab_219_PC151,In Use,AnonUser_0139,30
2026-04-01 11:15:00,Lab_219_PC152,In Use,AnonUser_0087,0
2026-04-01 11:15:00,Lab_219_PC153,Idle,AnonUser_0071,165
2026-04-01 11:15:00,Lab_219_PC154,In Use,AnonUser_0054,15
2026-04-01 11:15:00,Lab_219_PC155,Idle,AnonUser_0155,0
2026-04-01 11:15:00,Lab_219_PC156,In Use,AnonUser_0152,165
2026-04-01 11:15:00,Lab_219_PC157,In Use,AnonUser_0092,90
2026-04-01 11:15:00,Lab_219_PC158,In Use,AnonUser_0018,75
2026-04-01 11:15:00,Lab_219_PC159,In Use,AnonUser_0109,30
2026-04-01 11:15:00,Lab_219_PC160,In Use,AnonUser_0143,210
2026-04-01 11:15:00,Lab_219_PC161,In Use,AnonUser_0136,75
2026-04-01 11:15:00,Lab_219_PC162,In Use,AnonUser_0014,45
2026-04-01 11:15:00,Lab_219_PC163,In Use,AnonUser_0140,165
2026-04-01 11:15:00,Lab_219_PC164,In Use,AnonUser_0101,30
2026-04-01 11:15:00,Lab_219_PC165,In Use,AnonUser_0005,105
2026-04-01 11:15:00,Lab_219_PC166,In Use,AnonUser_0164,75
2026-04-01 11:15:00,Lab_219_PC167,In Use,AnonUser_0074,30
2026-04-01 11:15:00,Lab_219_PC168,In Use,AnonUser_0083,75
2026-04-01 11:15:00,Lab_219_PC169,In Use,AnonUser_0124,45
2026-04-01 11:15:00,Lab_219_PC170,In Use,AnonUser_0072,60
2026-04-01 11:15:00,Lab_219_PC171,In Use,AnonUser_0004,120
2026-04-01 11:15:00,Lab_219_PC172,Idle,AnonUser_0020,60
2026-04-01 11:15:00,Lab_219_PC173,In Use,AnonUser_0062,15
2026-04-01 11:15:00,Lab_219_PC174,In Use,AnonUser_0075,135
2026-04-01 11:15:00,Lab_219_PC175,In Use,AnonUser_0031,165
2026-04-01 11:15:00,Lab_219_PC176,In Use,AnonUser_0114,30
2026-04-01 11:15:00,Lab_219_PC177,Idle,AnonUser_0178,45
2026-04-01 11:15:00,Lab_219_PC178,Idle,AnonUser_0102,210
2026-04-01 11:15:00,Lab_219_PC179,In Use,AnonUser_0170,75
2026-04-01 11:30:00,Lab_202_PC001,In Use,AnonUser_0068,75
2026-04-01 11:30:00,Lab_202_PC002,In Use,AnonUser_0093,0
2026-04-01 11:30:00,Lab_202_PC003,Idle,AnonUser_0107,0
2026-04-01 11:30:00,Lab_202_PC004,Idle,AnonUser_0094,105
2026-04-01 11:30:00,Lab_202_PC005,In Use,AnonUser_0002,135
2026-04-01 11:30:00,Lab_202_PC006,In Use,AnonUser_0042,0
2026-04-01 11:30:00,Lab_202_PC007,Idle,AnonUser_0161,180
2026-04-01 11:30:00,Lab_202_PC008,Idle,AnonUser_0134,15
2026-04-01 11:30:00,Lab_202_PC009,In Use,AnonUser_0007,120
2026-04-01 11:30:00,Lab_202_PC010,In Use,AnonUser_0051,180
2026-04-01 11:30:00,Lab_202_PC011,In Use,AnonUser_0115,135
2026-04-01 11:30:00,Lab_202_PC012,In Use,AnonUser_0157,195
2026-04-01 11:30:00,Lab_202_PC013,In Use,AnonUser_0017,120
2026-04-01 11:30:00,Lab_202_PC014,In Use,AnonUser_0137,60
2026-04-01 11:30:00,Lab_202_PC015,In Use,AnonUser_0022,30
2026-04-01 11:30:00,Lab_202_PC016,In Use,AnonUser_0108,135
2026-04-01 11:30:00,Lab_202_PC017,In Use,AnonUser_0125,105
2026-04-01 11:30:00,Lab_202_PC018,In Use,AnonUser_0116,15
2026-04-01 11:30:00,Lab_202_PC019,Idle,AnonUser_0001,90
2026-04-01 11:30:00,Lab_202_PC020,In Use,AnonUser_0049,60
2026-04-01 11:30:00,Lab_202_PC021,In Use,AnonUser_0154,60
2026-04-01 11:30:00,Lab_202_PC022,Idle,AnonUser_0027,180
2026-04-01 11:30:00,Lab_202_PC023,In Use,AnonUser_0130,30
2026-04-01 11:30:00,Lab_202_PC024,In Use,AnonUser_0165,0
2026-04-01 11:30:00,Lab_202_PC025,In Use,AnonUser_0069,60
2026-04-01 11:30:00,Lab_202_PC026,In Use,AnonUser_0032,75
2026-04-01 11:30:00,Lab_202_PC027,In Use,AnonUser_0103,180
2026-04-01 11:30:00,Lab_202_PC028,In Use,AnonUser_0006,105
2026-04-01 11:30:00,Lab_202_PC029,In Use,AnonUser_0129,105
2026-04-01 11:30:00,Lab_202_PC030,In Use,AnonUser_0112,180
2026-04-01 11:30:00,Lab_206_PC031,In Use,AnonUser_0117,30
2026-04-01 11:30:00,Lab_206_PC032,In Use,AnonUser_0037,0
2026-04-01 11:30:00,Lab_206_PC033,In Use,AnonUser_0040,15
2026-04-01 11:30:00,Lab_206_PC034,Idle,AnonUser_0163,30
2026-04-01 11:30:00,Lab_206_PC035,In Use,AnonUser_0003,0
2026-04-01 11:30:00,Lab_206_PC036,In Use,AnonUser_0052,90
2026-04-01 11:30:00,Lab_206_PC037,In Use,AnonUser_0172,0
2026-04-01 11:30:00,Lab_206_PC038,In Use,AnonUser_0122,75
2026-04-01 11:30:00,Lab_206_PC039,In Use,AnonUser_0121,135
2026-04-01 11:30:00,Lab_206_PC040,Idle,AnonUser_0030,120
2026-04-01 11:30:00,Lab_206_PC041,Offline,N/A,N/A
2026-04-01 11:30:00,Lab_206_PC042,In Use,AnonUser_0095,0
2026-04-01 11:30:00,Lab_206_PC043,In Use,AnonUser_0026,90
2026-04-01 11:30:00,Lab_206_PC044,In Use,AnonUser_0174,30
2026-04-01 11:30:00,Lab_206_PC045,In Use,AnonUser_0118,30
2026-04-01 11:30:00,Lab_206_PC046,In Use,AnonUser_0019,30
2026-04-01 11:30:00,Lab_206_PC047,In Use,AnonUser_0141,15
2026-04-01 11:30:00,Lab_206_PC048,Idle,AnonUser_0099,135
2026-04-01 11:30:00,Lab_206_PC049,Idle,AnonUser_0153,105
2026-04-01 11:30:00,Lab_206_PC050,In Use,AnonUser_0065,0
2026-04-01 11:30:00,Lab_206_PC051,In Use,AnonUser_0056,45
2026-04-01 11:30:00,Lab_206_PC052,In Use,AnonUser_0179,75
2026-04-01 11:30:00,Lab_206_PC053,In Use,AnonUser_0151,15
2026-04-01 11:30:00,Lab_206_PC054,In Use,AnonUser_0169,0
2026-04-01 11:30:00,Lab_206_PC055,Idle,AnonUser_0060,75
2026-04-01 11:30:00,Lab_206_PC056,In Use,AnonUser_0035,30
2026-04-01 11:30:00,Lab_206_PC057,In Use,AnonUser_0148,135
2026-04-01 11:30:00,Lab_206_PC058,In Use,AnonUser_0067,0
2026-04-01 11:30:00,Lab_206_PC059,In Use,AnonUser_0171,195
2026-04-01 11:30:00,Lab_206_PC060,In Use,AnonUser_0091,0
2026-04-01 11:30:00,Lab_210_PC061,In Use,AnonUser_0131,120
2026-04-01 11:30:00,Lab_210_PC062,In Use,AnonUser_0159,60
2026-04-01 11:30:00,Lab_210_PC063,In Use,AnonUser_0029,135
2026-04-01 11:30:00,Lab_210_PC064,In Use,AnonUser_0010,30
2026-04-01 11:30:00,Lab_210_PC065,In Use,AnonUser_0050,75
2026-04-01 11:30:00,Lab_210_PC066,In Use,AnonUser_0061,90
2026-04-01 11:30:00,Lab_210_PC067,In Use,AnonUser_0044,105
2026-04-01 11:30:00,Lab_210_PC068,In Use,AnonUser_0025,45
2026-04-01 11:30:00,Lab_210_PC069,In Use,AnonUser_0123,90
2026-04-01 11:30:00,Lab_210_PC070,In Use,AnonUser_0110,45
2026-04-01 11:30:00,Lab_210_PC071,In Use,AnonUser_0160,15
2026-04-01 11:30:00,Lab_210_PC072,In Use,AnonUser_0086,75
2026-04-01 11:30:00,Lab_210_PC073,In Use,AnonUser_0064,45
2026-04-01 11:30:00,Lab_210_PC074,In Use,AnonUser_0082,90
2026-04-01 11:30:00,Lab_210_PC075,In Use,AnonUser_0167,60
2026-04-01 11:30:00,Lab_210_PC076,In Use,AnonUser_0008,30
2026-04-01 11:30:00,Lab_210_PC077,In Use,AnonUser_0132,150
2026-04-01 11:30:00,Lab_210_PC078,In Use,AnonUser_0048,60
2026-04-01 11:30:00,Lab_210_PC079,In Use,AnonUser_0015,105
2026-04-01 11:30:00,Lab_210_PC080,In Use,AnonUser_0023,30
2026-04-01 11:30:00,Lab_210_PC081,In Use,AnonUser_0113,165
2026-04-01 11:30:00,Lab_219_PC082,In Use,AnonUser_0133,60
2026-04-01 11:30:00,Lab_219_PC083,In Use,AnonUser_0058,105
2026-04-01 11:30:00,Lab_219_PC084,In Use,AnonUser_0011,15
2026-04-01 11:30:00,Lab_219_PC085,In Use,AnonUser_0156,90
2026-04-01 11:30:00,Lab_219_PC086,In Use,AnonUser_0081,15
2026-04-01 11:30:00,Lab_219_PC087,In Use,AnonUser_0046,0
2026-04-01 11:30:00,Lab_219_PC088,In Use,AnonUser_0059,30
2026-04-01 11:30:00,Lab_219_PC089,In Use,AnonUser_0135,75
2026-04-01 11:30:00,Lab_219_PC090,In Use,AnonUser_0043,135
2026-04-01 11:30:00,Lab_219_PC091,In Use,AnonUser_0142,135
2026-04-01 11:30:00,Lab_219_PC092,In Use,AnonUser_0036,105
2026-04-01 11:30:00,Lab_219_PC093,In Use,AnonUser_0053,135
2026-04-01 11:30:00,Lab_219_PC094,Idle,AnonUser_0057,105
2026-04-01 11:30:00,Lab_219_PC095,In Use,AnonUser_0177,15
2026-04-01 11:30:00,Lab_219_PC096,In Use,AnonUser_0100,0
2026-04-01 11:30:00,Lab_219_PC097,In Use,AnonUser_0147,120
2026-04-01 11:30:00,Lab_219_PC098,In Use,AnonUser_0098,120
2026-04-01 11:30:00,Lab_219_PC099,In Use,AnonUser_0009,150
2026-04-01 11:30:00,Lab_219_PC100,In Use,AnonUser_0024,90
2026-04-01 11:30:00,Lab_219_PC101,In Use,AnonUser_0173,75
2026-04-01 11:30:00,Lab_219_PC102,In Use,AnonUser_0085,120
2026-04-01 11:30:00,Lab_219_PC103,In Use,AnonUser_0168,45
2026-04-01 11:30:00,Lab_219_PC104,In Use,AnonUser_0096,60
2026-04-01 11:30:00,Lab_219_PC105,Offline,N/A,N/A
2026-04-01 11:30:00,Lab_219_PC106,In Use,AnonUser_0149,105
2026-04-01 11:30:00,Lab_219_PC107,In Use,AnonUser_0162,120
2026-04-01 11:30:00,Lab_219_PC108,In Use,AnonUser_0146,150
2026-04-01 11:30:00,Lab_219_PC109,Offline,N/A,N/A
2026-04-01 11:30:00,Lab_219_PC110,In Use,AnonUser_0150,105
2026-04-01 11:30:00,Lab_219_PC111,In Use,AnonUser_0138,30
2026-04-01 11:30:00,Lab_219_PC112,In Use,AnonUser_0021,90
2026-04-01 11:30:00,Lab_219_PC113,In Use,AnonUser_0097,60
2026-04-01 11:30:00,Lab_219_PC114,In Use,AnonUser_0033,90
2026-04-01 11:30:00,Lab_219_PC115,In Use,AnonUser_0077,165
2026-04-01 11:30:00,Lab_219_PC116,In Use,AnonUser_0126,210
2026-04-01 11:30:00,Lab_219_PC117,In Use,AnonUser_0039,60
2026-04-01 11:30:00,Lab_219_PC118,In Use,AnonUser_0080,105
2026-04-01 11:30:00,Lab_219_PC119,In Use,AnonUser_0090,90
2026-04-01 11:30:00,Lab_219_PC120,In Use,AnonUser_0144,120
2026-04-01 11:30:00,Lab_219_PC121,In Use,AnonUser_0028,135
2026-04-01 11:30:00,Lab_219_PC122,Idle,AnonUser_0166,150
2026-04-01 11:30:00,Lab_219_PC123,Idle,AnonUser_0175,105
2026-04-01 11:30:00,Lab_219_PC124,In Use,AnonUser_0066,135
2026-04-01 11:30:00,Lab_219_PC125,In Use,AnonUser_0176,105
2026-04-01 11:30:00,Lab_219_PC126,In Use,AnonUser_0076,30
2026-04-01 11:30:00,Lab_219_PC127,Idle,AnonUser_0013,60
2026-04-01 11:30:00,Lab_219_PC128,In Use,AnonUser_0119,150
2026-04-01 11:30:00,Lab_219_PC129,In Use,AnonUser_0047,105
2026-04-01 11:30:00,Lab_219_PC130,In Use,AnonUser_0104,60
2026-04-01 11:30:00,Lab_219_PC131,In Use,AnonUser_0038,15
2026-04-01 11:30:00,Lab_219_PC132,In Use,AnonUser_0079,60
2026-04-01 11:30:00,Lab_219_PC133,Idle,AnonUser_0012,0
2026-04-01 11:30:00,Lab_219_PC134,In Use,AnonUser_0088,120
2026-04-01 11:30:00,Lab_219_PC135,In Use,AnonUser_0111,150
2026-04-01 11:30:00,Lab_219_PC136,Idle,AnonUser_0016,60
2026-04-01 11:30:00,Lab_219_PC137,In Use,AnonUser_0128,45
2026-04-01 11:30:00,Lab_219_PC138,In Use,AnonUser_0073,45
2026-04-01 11:30:00,Lab_219_PC139,In Use,AnonUser_0045,60
2026-04-01 11:30:00,Lab_219_PC140,In Use,AnonUser_0070,0
2026-04-01 11:30:00,Lab_219_PC141,In Use,AnonUser_0120,135
2026-04-01 11:30:00,Lab_219_PC142,In Use,AnonUser_0063,0
2026-04-01 11:30:00,Lab_219_PC143,In Use,AnonUser_0084,195
2026-04-01 11:30:00,Lab_219_PC144,In Use,AnonUser_0055,90
2026-04-01 11:30:00,Lab_219_PC145,In Use,AnonUser_0158,45
2026-04-01 11:30:00,Lab_219_PC146,In Use,AnonUser_0041,45
2026-04-01 11:30:00,Lab_219_PC147,In Use,AnonUser_0127,30
2026-04-01 11:30:00,Lab_219_PC148,In Use,AnonUser_0145,90
2026-04-01 11:30:00,Lab_219_PC149,In Use,AnonUser_0089,30
2026-04-01 11:30:00,Lab_219_PC150,In Use,AnonUser_0034,45
2026-04-01 11:30:00,Lab_219_PC151,In Use,AnonUser_0139,15
2026-04-01 11:30:00,Lab_219_PC152,In Use,AnonUser_0078,105
2026-04-01 11:30:00,Lab_219_PC153,In Use,AnonUser_0071,150
2026-04-01 11:30:00,Lab_219_PC154,In Use,AnonUser_0054,0
2026-04-01 11:30:00,Lab_219_PC155,In Use,AnonUser_0155,195
2026-04-01 11:30:00,Lab_219_PC156,In Use,AnonUser_0152,150
2026-04-01 11:30:00,Lab_219_PC157,In Use,AnonUser_0092,75
2026-04-01 11:30:00,Lab_219_PC158,In Use,AnonUser_0018,60
2026-04-01 11:30:00,Lab_219_PC159,In Use,AnonUser_0109,15
2026-04-01 11:30:00,Lab_219_PC160,Idle,AnonUser_0143,195
2026-04-01 11:30:00,Lab_219_PC161,Idle,AnonUser_0136,60
2026-04-01 11:30:00,Lab_219_PC162,In Use,AnonUser_0014,30
2026-04-01 11:30:00,Lab_219_PC163,In Use,AnonUser_0140,150
2026-04-01 11:30:00,Lab_219_PC164,In Use,AnonUser_0101,15
2026-04-01 11:30:00,Lab_219_PC165,In Use,AnonUser_0005,90
2026-04-01 11:30:00,Lab_219_PC166,In Use,AnonUser_0164,60
2026-04-01 11:30:00,Lab_219_PC167,Idle,AnonUser_0074,15
2026-04-01 11:30:00,Lab_219_PC168,Idle,AnonUser_0083,60
2026-04-01 11:30:00,Lab_219_PC169,In Use,AnonUser_0124,30
2026-04-01 11:30:00,Lab_219_PC170,Idle,AnonUser_0072,45
2026-04-01 11:30:00,Lab_219_PC171,In Use,AnonUser_0004,105
2026-04-01 11:30:00,Lab_219_PC172,Idle,AnonUser_0020,45
2026-04-01 11:30:00,Lab_219_PC173,In Use,AnonUser_0062,0
2026-04-01 11:30:00,Lab_219_PC174,In Use,AnonUser_0075,120
2026-04-01 11:30:00,Lab_219_PC175,In Use,AnonUser_0031,150
2026-04-01 11:30:00,Lab_219_PC176,In Use,AnonUser_0114,15
2026-04-01 11:30:00,Lab_219_PC177,In Use,AnonUser_0178,30
2026-04-01 11:30:00,Lab_219_PC178,In Use,AnonUser_0102,195
2026-04-01 11:30:00,Lab_219_PC179,In Use,AnonUser_0170,60
2026-04-01 11:45:00,Lab_202_PC001,In Use,AnonUser_0068,60
2026-04-01 11:45:00,Lab_202_PC002,In Use,AnonUser_0106,225
2026-04-01 11:45:00,Lab_202_PC003,In Use,AnonUser_0107,150
2026-04-01 11:45:00,Lab_202_PC004,In Use,AnonUser_0094,90
2026-04-01 11:45:00,Lab_202_PC005,In Use,AnonUser_0002,120
2026-04-01 11:45:00,Lab_202_PC006,In Use,AnonUser_0042,45
2026-04-01 11:45:00,Lab_202_PC007,In Use,AnonUser_0161,165
2026-04-01 11:45:00,Lab_202_PC008,In Use,AnonUser_0134,0
2026-04-01 11:45:00,Lab_202_PC009,In Use,AnonUser_0007,105
2026-04-01 11:45:00,Lab_202_PC010,In Use,AnonUser_0051,165
2026-04-01 11:45:00,Lab_202_PC011,In Use,AnonUser_0115,120
2026-04-01 11:45:00,Lab_202_PC012,Idle,AnonUser_0157,180
2026-04-01 11:45:00,Lab_202_PC013,In Use,AnonUser_0017,105
2026-04-01 11:45:00,Lab_202_PC014,Idle,AnonUser_0137,45
2026-04-01 11:45:00,Lab_202_PC015,In Use,AnonUser_0022,15
2026-04-01 11:45:00,Lab_202_PC016,In Use,AnonUser_0108,120
2026-04-01 11:45:00,Lab_202_PC017,In Use,AnonUser_0125,90
2026-04-01 11:45:00,Lab_202_PC018,In Use,AnonUser_0116,0
2026-04-01 11:45:00,Lab_202_PC019,In Use,AnonUser_0001,75
2026-04-01 11:45:00,Lab_202_PC020,In Use,AnonUser_0049,45
2026-04-01 11:45:00,Lab_202_PC021,In Use,AnonUser_0154,45
2026-04-01 11:45:00,Lab_202_PC022,In Use,AnonUser_0027,165
2026-04-01 11:45:00,Lab_202_PC023,In Use,AnonUser_0130,15
2026-04-01 11:45:00,Lab_202_PC024,In Use,AnonUser_0165,165
2026-04-01 11:45:00,Lab_202_PC025,In Use,AnonUser_0069,45
2026-04-01 11:45:00,Lab_202_PC026,Idle,AnonUser_0032,60
2026-04-01 11:45:00,Lab_202_PC027,In Use,AnonUser_0103,165
2026-04-01 11:45:00,Lab_202_PC028,In Use,AnonUser_0006,90
2026-04-01 11:45:00,Lab_202_PC029,In Use,AnonUser_0129,90
2026-04-01 11:45:00,Lab_202_PC030,In Use,AnonUser_0112,165
2026-04-01 11:45:00,Lab_206_PC031,Idle,AnonUser_0117,15
2026-04-01 11:45:00,Lab_206_PC032,Idle,AnonUser_0105,225
2026-04-01 11:45:00,Lab_206_PC033,In Use,AnonUser_0040,0
2026-04-01 11:45:00,Lab_206_PC034,In Use,AnonUser_0163,15
2026-04-01 11:45:00,Lab_206_PC035,In Use,AnonUser_0087,90
2026-04-01 11:45:00,Lab_206_PC036,Idle,AnonUser_0052,75
2026-04-01 11:45:00,Lab_206_PC037,In Use,AnonUser_0037,0
2026-04-01 11:45:00,Lab_206_PC038,In Use,AnonUser_0122,60
2026-04-01 11:45:00,Lab_206_PC039,Idle,AnonUser_0121,120
2026-04-01 11:45:00,Lab_206_PC040,In Use,AnonUser_0030,105
2026-04-01 11:45:00,Lab_206_PC041,In Use,AnonUser_0003,165
2026-04-01 11:45:00,Lab_206_PC042,Idle,AnonUser_0095,15
2026-04-01 11:45:00,Lab_206_PC043,Idle,AnonUser_0026,75
2026-04-01 11:45:00,Lab_206_PC044,In Use,AnonUser_0174,15
2026-04-01 11:45:00,Lab_206_PC045,In Use,AnonUser_0118,15
2026-04-01 11:45:00,Lab_206_PC046,Idle,AnonUser_0019,15
2026-04-01 11:45:00,Lab_206_PC047,In Use,AnonUser_0141,0
2026-04-01 11:45:00,Lab_206_PC048,Idle,AnonUser_0099,120
2026-04-01 11:45:00,Lab_206_PC049,In Use,AnonUser_0153,90
2026-04-01 11:45:00,Lab_206_PC050,In Use,AnonUser_0065,120
2026-04-01 11:45:00,Lab_206_PC051,In Use,AnonUser_0056,30
2026-04-01 11:45:00,Lab_206_PC052,In Use,AnonUser_0179,60
2026-04-01 11:45:00,Lab_206_PC053,In Use,AnonUser_0151,0
2026-04-01 11:45:00,Lab_206_PC054,In Use,AnonUser_0172,165
2026-04-01 11:45:00,Lab_206_PC055,In Use,AnonUser_0060,60
2026-04-01 11:45:00,Lab_206_PC056,Idle,AnonUser_0035,15
2026-04-01 11:45:00,Lab_206_PC057,In Use,AnonUser_0148,120
2026-04-01 11:45:00,Lab_206_PC058,In Use,AnonUser_0067,210
2026-04-01 11:45:00,Lab_206_PC059,In Use,AnonUser_0171,180
2026-04-01 11:45:00,Lab_206_PC060,In Use,AnonUser_0093,120
2026-04-01 11:45:00,Lab_210_PC061,In Use,AnonUser_0131,105
2026-04-01 11:45:00,Lab_210_PC062,In Use,AnonUser_0159,45
2026-04-01 11:45:00,Lab_210_PC063,In Use,AnonUser_0029,120
2026-04-01 11:45:00,Lab_210_PC064,Idle,AnonUser_0010,15
2026-04-01 11:45:00,Lab_210_PC065,In Use,AnonUser_0050,60
2026-04-01 11:45:00,Lab_210_PC066,In Use,AnonUser_0061,75
2026-04-01 11:45:00,Lab_210_PC067,In Use,AnonUser_0044,90
2026-04-01 11:45:00,Lab_210_PC068,In Use,AnonUser_0025,30
2026-04-01 11:45:00,Lab_210_PC069,In Use,AnonUser_0123,75
2026-04-01 11:45:00,Lab_210_PC070,In Use,AnonUser_0110,30
2026-04-01 11:45:00,Lab_210_PC071,In Use,AnonUser_0160,0
2026-04-01 11:45:00,Lab_210_PC072,In Use,AnonUser_0086,60
2026-04-01 11:45:00,Lab_210_PC073,Idle,AnonUser_0064,30
2026-04-01 11:45:00,Lab_210_PC074,In Use,AnonUser_0082,75
2026-04-01 11:45:00,Lab_210_PC075,In Use,AnonUser_0167,45
2026-04-01 11:45:00,Lab_210_PC076,In Use,AnonUser_0008,15
2026-04-01 11:45:00,Lab_210_PC077,Idle,AnonUser_0132,135
2026-04-01 11:45:00,Lab_210_PC078,In Use,AnonUser_0048,45
2026-04-01 11:45:00,Lab_210_PC079,In Use,AnonUser_0015,90
2026-04-01 11:45:00,Lab_210_PC080,In Use,AnonUser_0023,15
2026-04-01 11:45:00,Lab_210_PC081,In Use,AnonUser_0113,150
2026-04-01 11:45:00,Lab_219_PC082,In Use,AnonUser_0133,45
2026-04-01 11:45:00,Lab_219_PC083,In Use,AnonUser_0058,90
2026-04-01 11:45:00,Lab_219_PC084,Idle,AnonUser_0011,0
2026-04-01 11:45:00,Lab_219_PC085,In Use,AnonUser_0156,75
2026-04-01 11:45:00,Lab_219_PC086,In Use,AnonUser_0081,0
2026-04-01 11:45:00,Lab_219_PC087,Offline,N/A,N/A
2026-04-01 11:45:00,Lab_219_PC088,Idle,AnonUser_0059,15
2026-04-01 11:45:00,Lab_219_PC089,In Use,AnonUser_0135,60
2026-04-01 11:45:00,Lab_219_PC090,In Use,AnonUser_0043,120
2026-04-01 11:45:00,Lab_219_PC091,In Use,AnonUser_0142,120
2026-04-01 11:45:00,Lab_219_PC092,In Use,AnonUser_0036,90
2026-04-01 11:45:00,Lab_219_PC093,In Use,AnonUser_0053,120
2026-04-01 11:45:00,Lab_219_PC094,In Use,AnonUser_0057,90
2026-04-01 11:45:00,Lab_219_PC095,In Use,AnonUser_0177,0
2026-04-01 11:45:00,Lab_219_PC096,Idle,AnonUser_0046,15
2026-04-01 11:45:00,Lab_219_PC097,In Use,AnonUser_0147,105
2026-04-01 11:45:00,Lab_219_PC098,In Use,AnonUser_0098,105
2026-04-01 11:45:00,Lab_219_PC099,Idle,AnonUser_0009,135
2026-04-01 11:45:00,Lab_219_PC100,In Use,AnonUser_0024,75
2026-04-01 11:45:00,Lab_219_PC101,In Use,AnonUser_0173,60
2026-04-01 11:45:00,Lab_219_PC102,In Use,AnonUser_0085,105
2026-04-01 11:45:00,Lab_219_PC103,In Use,AnonUser_0168,30
2026-04-01 11:45:00,Lab_219_PC104,In Use,AnonUser_0096,45
2026-04-01 11:45:00,Lab_219_PC105,In Use,AnonUser_0169,165
2026-04-01 11:45:00,Lab_219_PC106,In Use,AnonUser_0149,90
2026-04-01 11:45:00,Lab_219_PC107,In Use,AnonUser_0162,105
2026-04-01 11:45:00,Lab_219_PC108,In Use,AnonUser_0146,135
2026-04-01 11:45:00,Lab_219_PC109,In Use,AnonUser_0091,15
2026-04-01 11:45:00,Lab_219_PC110,In Use,AnonUser_0150,90
2026-04-01 11:45:00,Lab_219_PC111,In Use,AnonUser_0138,15
2026-04-01 11:45:00,Lab_219_PC112,In Use,AnonUser_0021,75
2026-04-01 11:45:00,Lab_219_PC113,In Use,AnonUser_0097,45
2026-04-01 11:45:00,Lab_219_PC114,In Use,AnonUser_0033,75
2026-04-01 11:45:00,Lab_219_PC115,In Use,AnonUser_0077,150
2026-04-01 11:45:00,Lab_219_PC116,In Use,AnonUser_0126,195
2026-04-01 11:45:00,Lab_219_PC117,In Use,AnonUser_0039,45
2026-04-01 11:45:00,Lab_219_PC118,Idle,AnonUser_0080,90
2026-04-01 11:45:00,Lab_219_PC119,In Use,AnonUser_0090,75
2026-04-01 11:45:00,Lab_219_PC120,In Use,AnonUser_0144,105
2026-04-01 11:45:00,Lab_219_PC121,Idle,AnonUser_0028,120
2026-04-01 11:45:00,Lab_219_PC122,In Use,AnonUser_0166,135
2026-04-01 11:45:00,Lab_219_PC123,In Use,AnonUser_0175,90
2026-04-01 11:45:00,Lab_219_PC124,In Use,AnonUser_0066,120
2026-04-01 11:45:00,Lab_219_PC125,Idle,AnonUser_0176,90
2026-04-01 11:45:00,Lab_219_PC126,In Use,AnonUser_0076,15
2026-04-01 11:45:00,Lab_219_PC127,In Use,AnonUser_0013,45
2026-04-01 11:45:00,Lab_219_PC128,Idle,AnonUser_0119,135
2026-04-01 11:45:00,Lab_219_PC129,In Use,AnonUser_0047,90
2026-04-01 11:45:00,Lab_219_PC130,In Use,AnonUser_0104,45
2026-04-01 11:45:00,Lab_219_PC131,In Use,AnonUser_0038,0
2026-04-01 11:45:00,Lab_219_PC132,In Use,AnonUser_0079,45
2026-04-01 11:45:00,Lab_219_PC133,In Use,AnonUser_0100,120
2026-04-01 11:45:00,Lab_219_PC134,In Use,AnonUser_0088,105
2026-04-01 11:45:00,Lab_219_PC135,In Use,AnonUser_0111,135
2026-04-01 11:45:00,Lab_219_PC136,In Use,AnonUser_0016,45
2026-04-01 11:45:00,Lab_219_PC137,In Use,AnonUser_0128,30
2026-04-01 11:45:00,Lab_219_PC138,In Use,AnonUser_0073,30
2026-04-01 11:45:00,Lab_219_PC139,Idle,AnonUser_0045,45
2026-04-01 11:45:00,Lab_219_PC140,In Use,AnonUser_0070,120
2026-04-01 11:45:00,Lab_219_PC141,Idle,AnonUser_0120,120
2026-04-01 11:45:00,Lab_219_PC142,Idle,AnonUser_0063,105
2026-04-01 11:45:00,Lab_219_PC143,In Use,AnonUser_0084,180
2026-04-01 11:45:00,Lab_219_PC144,Idle,AnonUser_0055,75
2026-04-01 11:45:00,Lab_219_PC145,In Use,AnonUser_0158,30
2026-04-01 11:45:00,Lab_219_PC146,In Use,AnonUser_0041,30
2026-04-01 11:45:00,Lab_219_PC147,In Use,AnonUser_0127,15
2026-04-01 11:45:00,Lab_219_PC148,In Use,AnonUser_0145,75
2026-04-01 11:45:00,Lab_219_PC149,In Use,AnonUser_0089,15
2026-04-01 11:45:00,Lab_219_PC150,In Use,AnonUser_0034,30
2026-04-01 11:45:00,Lab_219_PC151,In Use,AnonUser_0139,0
2026-04-01 11:45:00,Lab_219_PC152,In Use,AnonUser_0078,90
2026-04-01 11:45:00,Lab_219_PC153,In Use,AnonUser_0071,135
2026-04-01 11:45:00,Lab_219_PC154,In Use,AnonUser_0054,210
2026-04-01 11:45:00,Lab_219_PC155,In Use,AnonUser_0155,180
2026-04-01 11:45:00,Lab_219_PC156,In Use,AnonUser_0152,135
2026-04-01 11:45:00,Lab_219_PC157,In Use,AnonUser_0092,60
2026-04-01 11:45:00,Lab_219_PC158,In Use,AnonUser_0018,45
2026-04-01 11:45:00,Lab_219_PC159,In Use,AnonUser_0109,0
2026-04-01 11:45:00,Lab_219_PC160,Idle,AnonUser_0143,180
2026-04-01 11:45:00,Lab_219_PC161,In Use,AnonUser_0136,45
2026-04-01 11:45:00,Lab_219_PC162,Idle,AnonUser_0014,15
2026-04-01 11:45:00,Lab_219_PC163,In Use,AnonUser_0140,135
2026-04-01 11:45:00,Lab_219_PC164,In Use,AnonUser_0101,0
2026-04-01 11:45:00,Lab_219_PC165,In Use,AnonUser_0005,75
2026-04-01 11:45:00,Lab_219_PC166,In Use,AnonUser_0164,45
2026-04-01 11:45:00,Lab_219_PC167,In Use,AnonUser_0074,0
2026-04-01 11:45:00,Lab_219_PC168,In Use,AnonUser_0083,45
2026-04-01 11:45:00,Lab_219_PC169,In Use,AnonUser_0124,15
2026-04-01 11:45:00,Lab_219_PC170,In Use,AnonUser_0072,30
2026-04-01 11:45:00,Lab_219_PC171,In Use,AnonUser_0004,90
2026-04-01 11:45:00,Lab_219_PC172,In Use,AnonUser_0020,30
2026-04-01 11:45:00,Lab_219_PC173,In Use,AnonUser_0012,75
2026-04-01 11:45:00,Lab_219_PC174,In Use,AnonUser_0075,105
2026-04-01 11:45:00,Lab_219_PC175,In Use,AnonUser_0031,135
2026-04-01 11:45:00,Lab_219_PC176,In Use,AnonUser_0114,0
2026-04-01 11:45:00,Lab_219_PC177,In Use,AnonUser_0178,15
2026-04-01 11:45:00,Lab_219_PC178,Idle,AnonUser_0102,180
2026-04-01 11:45:00,Lab_219_PC179,In Use,AnonUser_0170,45
2026-04-01 12:00:00,Lab_202_PC001,In Use,AnonUser_0068,45
2026-04-01 12:00:00,Lab_202_PC002,In Use,AnonUser_0106,210
2026-04-01 12:00:00,Lab_202_PC003,In Use,AnonUser_0107,135
2026-04-01 12:00:00,Lab_202_PC004,Idle,AnonUser_0094,75
2026-04-01 12:00:00,Lab_202_PC005,In Use,AnonUser_0002,105
2026-04-01 12:00:00,Lab_202_PC006,In Use,AnonUser_0042,30
2026-04-01 12:00:00,Lab_202_PC007,In Use,AnonUser_0161,150
2026-04-01 12:00:00,Lab_202_PC008,In Use,AnonUser_0062,30
2026-04-01 12:00:00,Lab_202_PC009,In Use,AnonUser_0007,90
2026-04-01 12:00:00,Lab_202_PC010,In Use,AnonUser_0051,150
2026-04-01 12:00:00,Lab_202_PC011,In Use,AnonUser_0115,105
2026-04-01 12:00:00,Lab_202_PC012,In Use,AnonUser_0157,165
2026-04-01 12:00:00,Lab_202_PC013,In Use,AnonUser_0017,90
2026-04-01 12:00:00,Lab_202_PC014,In Use,AnonUser_0137,30
2026-04-01 12:00:00,Lab_202_PC015,In Use,AnonUser_0022,0
2026-04-01 12:00:00,Lab_202_PC016,In Use,AnonUser_0108,105
2026-04-01 12:00:00,Lab_202_PC017,In Use,AnonUser_0125,75
2026-04-01 12:00:00,Lab_202_PC018,Idle,AnonUser_0116,30
2026-04-01 12:00:00,Lab_202_PC019,In Use,AnonUser_0001,60
2026-04-01 12:00:00,Lab_202_PC020,In Use,AnonUser_0049,30
2026-04-01 12:00:00,Lab_202_PC021,In Use,AnonUser_0154,30
2026-04-01 12:00:00,Lab_202_PC022,In Use,AnonUser_0027,150
2026-04-01 12:00:00,Lab_202_PC023,Idle,AnonUser_0130,0
2026-04-01 12:00:00,Lab_202_PC024,In Use,AnonUser_0165,150
2026-04-01 12:00:00,Lab_202_PC025,In Use,AnonUser_0069,30
2026-04-01 12:00:00,Lab_202_PC026,Idle,AnonUser_0032,45
2026-04-01 12:00:00,Lab_202_PC027,In Use,AnonUser_0103,150
2026-04-01 12:00:00,Lab_202_PC028,Idle,AnonUser_0006,75
2026-04-01 12:00:00,Lab_202_PC029,In Use,AnonUser_0129,75
2026-04-01 12:00:00,Lab_202_PC030,Idle,AnonUser_0112,150
2026-04-01 12:00:00,Lab_206_PC031,Idle,AnonUser_0117,0
2026-04-01 12:00:00,Lab_206_PC032,In Use,AnonUser_0105,210
2026-04-01 12:00:00,Lab_206_PC033,In Use,AnonUser_0040,45
2026-04-01 12:00:00,Lab_206_PC034,In Use,AnonUser_0163,0
2026-04-01 12:00:00,Lab_206_PC035,In Use,AnonUser_0087,75
2026-04-01 12:00:00,Lab_206_PC036,In Use,AnonUser_0052,60
2026-04-01 12:00:00,Lab_206_PC037,In Use,AnonUser_0134,165
2026-04-01 12:00:00,Lab_206_PC038,In Use,AnonUser_0122,45
2026-04-01 12:00:00,Lab_206_PC039,In Use,AnonUser_0121,105
2026-04-01 12:00:00,Lab_206_PC040,In Use,AnonUser_0030,90
2026-04-01 12:00:00,Lab_206_PC041,In Use,AnonUser_0003,150
2026-04-01 12:00:00,Lab_206_PC042,In Use,AnonUser_0095,0
2026-04-01 12:00:00,Lab_206_PC043,In Use,AnonUser_0026,60
2026-04-01 12:00:00,Lab_206_PC044,In Use,AnonUser_0174,0
2026-04-01 12:00:00,Lab_206_PC045,In Use,AnonUser_0118,0
2026-04-01 12:00:00,Lab_206_PC046,In Use,AnonUser_0019,0
2026-04-01 12:00:00,Lab_206_PC047,In Use,AnonUser_0141,165
2026-04-01 12:00:00,Lab_206_PC048,In Use,AnonUser_0099,105
2026-04-01 12:00:00,Lab_206_PC049,In Use,AnonUser_0153,75
2026-04-01 12:00:00,Lab_206_PC050,In Use,AnonUser_0065,105
2026-04-01 12:00:00,Lab_206_PC051,In Use,AnonUser_0056,15
2026-04-01 12:00:00,Lab_206_PC052,In Use,AnonUser_0179,45
2026-04-01 12:00:00,Lab_206_PC053,In Use,AnonUser_0151,210
2026-04-01 12:00:00,Lab_206_PC054,In Use,AnonUser_0172,150
2026-04-01 12:00:00,Lab_206_PC055,Idle,AnonUser_0060,45
2026-04-01 12:00:00,Lab_206_PC056,In Use,AnonUser_0035,0
2026-04-01 12:00:00,Lab_206_PC057,In Use,AnonUser_0148,105
2026-04-01 12:00:00,Lab_206_PC058,In Use,AnonUser_0067,195
2026-04-01 12:00:00,Lab_206_PC059,In Use,AnonUser_0171,165
2026-04-01 12:00:00,Lab_206_PC060,In Use,AnonUser_0093,105
2026-04-01 12:00:00,Lab_210_PC061,In Use,AnonUser_0131,90
2026-04-01 12:00:00,Lab_210_PC062,In Use,AnonUser_0159,30
2026-04-01 12:00:00,Lab_210_PC063,In Use,AnonUser_0029,105
2026-04-01 12:00:00,Lab_210_PC064,Idle,AnonUser_0010,0
2026-04-01 12:00:00,Lab_210_PC065,In Use,AnonUser_0050,45
2026-04-01 12:00:00,Lab_210_PC066,In Use,AnonUser_0061,60
2026-04-01 12:00:00,Lab_210_PC067,Idle,AnonUser_0044,75
2026-04-01 12:00:00,Lab_210_PC068,In Use,AnonUser_0025,15
2026-04-01 12:00:00,Lab_210_PC069,Idle,AnonUser_0123,60
2026-04-01 12:00:00,Lab_210_PC070,In Use,AnonUser_0110,15
2026-04-01 12:00:00,Lab_210_PC071,In Use,AnonUser_0160,75
2026-04-01 12:00:00,Lab_210_PC072,In Use,AnonUser_0086,45
2026-04-01 12:00:00,Lab_210_PC073,In Use,AnonUser_0064,15
2026-04-01 12:00:00,Lab_210_PC074,Idle,AnonUser_0082,60
2026-04-01 12:00:00,Lab_210_PC075,In Use,AnonUser_0167,30
2026-04-01 12:00:00,Lab_210_PC076,In Use,AnonUser_0008,0
2026-04-01 12:00:00,Lab_210_PC077,In Use,AnonUser_0132,120
2026-04-01 12:00:00,Lab_210_PC078,In Use,AnonUser_0048,30
2026-04-01 12:00:00,Lab_210_PC079,In Use,AnonUser_0015,75
2026-04-01 12:00:00,Lab_210_PC080,In Use,AnonUser_0023,0
2026-04-01 12:00:00,Lab_210_PC081,In Use,AnonUser_0113,135
2026-04-01 12:00:00,Lab_219_PC082,In Use,AnonUser_0133,30
2026-04-01 12:00:00,Lab_219_PC083,In Use,AnonUser_0058,75
2026-04-01 12:00:00,Lab_219_PC084,In Use,AnonUser_0011,180
2026-04-01 12:00:00,Lab_219_PC085,Idle,AnonUser_0156,60
2026-04-01 12:00:00,Lab_219_PC086,Idle,AnonUser_0037,135
2026-04-01 12:00:00,Lab_219_PC087,In Use,AnonUser_0081,75
2026-04-01 12:00:00,Lab_219_PC088,In Use,AnonUser_0059,0
2026-04-01 12:00:00,Lab_219_PC089,In Use,AnonUser_0135,45
2026-04-01 12:00:00,Lab_219_PC090,In Use,AnonUser_0043,105
2026-04-01 12:00:00,Lab_219_PC091,In Use,AnonUser_0142,105
2026-04-01 12:00:00,Lab_219_PC092,Idle,AnonUser_0036,75
2026-04-01 12:00:00,Lab_219_PC093,In Use,AnonUser_0053,105
2026-04-01 12:00:00,Lab_219_PC094,In Use,AnonUser_0057,75
2026-04-01 12:00:00,Lab_219_PC095,In Use,AnonUser_0177,120
2026-04-01 12:00:00,Lab_219_PC096,In Use,AnonUser_0046,0
2026-04-01 12:00:00,Lab_219_PC097,In Use,AnonUser_0147,90
2026-04-01 12:00:00,Lab_219_PC098,In Use,AnonUser_0098,90
2026-04-01 12:00:00,Lab_219_PC099,In Use,AnonUser_0009,120
2026-04-01 12:00:00,Lab_219_PC100,In Use,AnonUser_0024,60
2026-04-01 12:00:00,Lab_219_PC101,In Use,AnonUser_0173,45
2026-04-01 12:00:00,Lab_219_PC102,Idle,AnonUser_0085,90
2026-04-01 12:00:00,Lab_219_PC103,In Use,AnonUser_0168,15
2026-04-01 12:00:00,Lab_219_PC104,In Use,AnonUser_0096,30
2026-04-01 12:00:00,Lab_219_PC105,In Use,AnonUser_0169,150
2026-04-01 12:00:00,Lab_219_PC106,Idle,AnonUser_0149,75
2026-04-01 12:00:00,Lab_219_PC107,In Use,AnonUser_0162,90
2026-04-01 12:00:00,Lab_219_PC108,Idle,AnonUser_0146,120
2026-04-01 12:00:00,Lab_219_PC109,Idle,AnonUser_0091,0
2026-04-01 12:00:00,Lab_219_PC110,In Use,AnonUser_0150,75
2026-04-01 12:00:00,Lab_219_PC111,In Use,AnonUser_0138,0
2026-04-01 12:00:00,Lab_219_PC112,In Use,AnonUser_0021,60
2026-04-01 12:00:00,Lab_219_PC113,In Use,AnonUser_0097,30
2026-04-01 12:00:00,Lab_219_PC114,In Use,AnonUser_0033,60
2026-04-01 12:00:00,Lab_219_PC115,In Use,AnonUser_0077,135
2026-04-01 12:00:00,Lab_219_PC116,In Use,AnonUser_0126,180
2026-04-01 12:00:00,Lab_219_PC117,In Use,AnonUser_0039,30
2026-04-01 12:00:00,Lab_219_PC118,Idle,AnonUser_0080,75
2026-04-01 12:00:00,Lab_219_PC119,In Use,AnonUser_0090,60
2026-04-01 12:00:00,Lab_219_PC120,In Use,AnonUser_0144,90
2026-04-01 12:00:00,Lab_219_PC121,In Use,AnonUser_0028,105
2026-04-01 12:00:00,Lab_219_PC122,In Use,AnonUser_0166,120
2026-04-01 12:00:00,Lab_219_PC123,In Use,AnonUser_0175,75
2026-04-01 12:00:00,Lab_219_PC124,In Use,AnonUser_0066,105
2026-04-01 12:00:00,Lab_219_PC125,In Use,AnonUser_0176,75
2026-04-01 12:00:00,Lab_219_PC126,In Use,AnonUser_0076,0
2026-04-01 12:00:00,Lab_219_PC127,In Use,AnonUser_0013,30
2026-04-01 12:00:00,Lab_219_PC128,In Use,AnonUser_0119,120
2026-04-01 12:00:00,Lab_219_PC129,Idle,AnonUser_0047,75
2026-04-01 12:00:00,Lab_219_PC130,In Use,AnonUser_0104,30
2026-04-01 12:00:00,Lab_219_PC131,In Use,AnonUser_0038,45
2026-04-01 12:00:00,Lab_219_PC132,Idle,AnonUser_0079,30
2026-04-01 12:00:00,Lab_219_PC133,Idle,AnonUser_0100,105
2026-04-01 12:00:00,Lab_219_PC134,In Use,AnonUser_0088,90
2026-04-01 12:00:00,Lab_219_PC135,In Use,AnonUser_0111,120
2026-04-01 12:00:00,Lab_219_PC136,In Use,AnonUser_0016,30
2026-04-01 12:00:00,Lab_219_PC137,In Use,AnonUser_0128,15
2026-04-01 12:00:00,Lab_219_PC138,In Use,AnonUser_0073,15
2026-04-01 12:00:00,Lab_219_PC139,In Use,AnonUser_0045,30
2026-04-01 12:00:00,Lab_219_PC140,In Use,AnonUser_0070,105
2026-04-01 12:00:00,Lab_219_PC141,Idle,AnonUser_0120,105
2026-04-01 12:00:00,Lab_219_PC142,In Use,AnonUser_0063,90
2026-04-01 12:00:00,Lab_219_PC143,In Use,AnonUser_0084,165
2026-04-01 12:00:00,Lab_219_PC144,In Use,AnonUser_0055,60
2026-04-01 12:00:00,Lab_219_PC145,In Use,AnonUser_0158,15
2026-04-01 12:00:00,Lab_219_PC146,In Use,AnonUser_0041,15
2026-04-01 12:00:00,Lab_219_PC147,In Use,AnonUser_0127,0
2026-04-01 12:00:00,Lab_219_PC148,In Use,AnonUser_0145,60
2026-04-01 12:00:00,Lab_219_PC149,In Use,AnonUser_0089,0
2026-04-01 12:00:00,Lab_219_PC150,In Use,AnonUser_0034,15
2026-04-01 12:00:00,Lab_219_PC151,In Use,AnonUser_0139,135
2026-04-01 12:00:00,Lab_219_PC152,In Use,AnonUser_0078,75
2026-04-01 12:00:00,Lab_219_PC153,In Use,AnonUser_0071,120
2026-04-01 12:00:00,Lab_219_PC154,In Use,AnonUser_0054,195
2026-04-01 12:00:00,Lab_219_PC155,In Use,AnonUser_0155,165
2026-04-01 12:00:00,Lab_219_PC156,In Use,AnonUser_0152,120
2026-04-01 12:00:00,Lab_219_PC157,In Use,AnonUser_0092,45
2026-04-01 12:00:00,Lab_219_PC158,In Use,AnonUser_0018,30
2026-04-01 12:00:00,Lab_219_PC159,In Use,AnonUser_0109,90
2026-04-01 12:00:00,Lab_219_PC160,In Use,AnonUser_0143,165
2026-04-01 12:00:00,Lab_219_PC161,In Use,AnonUser_0136,30
2026-04-01 12:00:00,Lab_219_PC162,In Use,AnonUser_0014,0
2026-04-01 12:00:00,Lab_219_PC163,In Use,AnonUser_0140,120
2026-04-01 12:00:00,Lab_219_PC164,In Use,AnonUser_0101,165
2026-04-01 12:00:00,Lab_219_PC165,In Use,AnonUser_0005,60
2026-04-01 12:00:00,Lab_219_PC166,Idle,AnonUser_0164,30
2026-04-01 12:00:00,Lab_219_PC167,In Use,AnonUser_0074,165
2026-04-01 12:00:00,Lab_219_PC168,In Use,AnonUser_0083,30
2026-04-01 12:00:00,Lab_219_PC169,In Use,AnonUser_0124,0
2026-04-01 12:00:00,Lab_219_PC170,In Use,AnonUser_0072,15
2026-04-01 12:00:00,Lab_219_PC171,In Use,AnonUser_0004,75
2026-04-01 12:00:00,Lab_219_PC172,In Use,AnonUser_0020,15
2026-04-01 12:00:00,Lab_219_PC173,In Use,AnonUser_0012,60
2026-04-01 12:00:00,Lab_219_PC174,In Use,AnonUser_0075,90
2026-04-01 12:00:00,Lab_219_PC175,In Use,AnonUser_0031,120
2026-04-01 12:00:00,Lab_219_PC176,In Use,AnonUser_0114,150
2026-04-01 12:00:00,Lab_219_PC177,Idle,AnonUser_0178,0
2026-04-01 12:00:00,Lab_219_PC178,In Use,AnonUser_0102,165
2026-04-01 12:00:00,Lab_219_PC179,In Use,AnonUser_0170,30
2026-04-01 12:15:00,Lab_202_PC001,Idle,AnonUser_0068,30
2026-04-01 12:15:00,Lab_202_PC002,In Use,AnonUser_0106,195
2026-04-01 12:15:00,Lab_202_PC003,In Use,AnonUser_0107,120
2026-04-01 12:15:00,Lab_202_PC004,In Use,AnonUser_0094,60
2026-04-01 12:15:00,Lab_202_PC005,In Use,AnonUser_0002,90
2026-04-01 12:15:00,Lab_202_PC006,In Use,AnonUser_0042,15
2026-04-01 12:15:00,Lab_202_PC007,In Use,AnonUser_0161,135
2026-04-01 12:15:00,Lab_202_PC008,In Use,AnonUser_0062,15
2026-04-01 12:15:00,Lab_202_PC009,In Use,AnonUser_0007,75
2026-04-01 12:15:00,Lab_202_PC010,In Use,AnonUser_0051,135
2026-04-01 12:15:00,Lab_202_PC011,In Use,AnonUser_0115,90
2026-04-01 12:15:00,Lab_202_PC012,Idle,AnonUser_0157,150
2026-04-01 12:15:00,Lab_202_PC013,Idle,AnonUser_0017,75
2026-04-01 12:15:00,Lab_202_PC014,In Use,AnonUser_0137,15
2026-04-01 12:15:00,Lab_202_PC015,In Use,AnonUser_0022,120
2026-04-01 12:15:00,Lab_202_PC016,In Use,AnonUser_0108,90
2026-04-01 12:15:00,Lab_202_PC017,In Use,AnonUser_0125,60
2026-04-01 12:15:00,Lab_202_PC018,Idle,AnonUser_0116,15
2026-04-01 12:15:00,Lab_202_PC019,Idle,AnonUser_0001,45
2026-04-01 12:15:00,Lab_202_PC020,In Use,AnonUser_0049,15
2026-04-01 12:15:00,Lab_202_PC021,Idle,AnonUser_0154,15
2026-04-01 12:15:00,Lab_202_PC022,In Use,AnonUser_0027,135
2026-04-01 12:15:00,Lab_202_PC023,In Use,AnonUser_0130,120
2026-04-01 12:15:00,Lab_202_PC024,In Use,AnonUser_0165,135
2026-04-01 12:15:00,Lab_202_PC025,In Use,AnonUser_0069,15
2026-04-01 12:15:00,Lab_202_PC026,Idle,AnonUser_0032,30
2026-04-01 12:15:00,Lab_202_PC027,In Use,AnonUser_0103,135
2026-04-01 12:15:00,Lab_202_PC028,Idle,AnonUser_0006,60
2026-04-01 12:15:00,Lab_202_PC029,In Use,AnonUser_0129,60
2026-04-01 12:15:00,Lab_202_PC030,In Use,AnonUser_0112,135
2026-04-01 12:15:00,Lab_206_PC031,In Use,AnonUser_0117,210
2026-04-01 12:15:00,Lab_206_PC032,In Use,AnonUser_0105,195
2026-04-01 12:15:00,Lab_206_PC033,Idle,AnonUser_0040,30
2026-04-01 12:15:00,Lab_206_PC034,In Use,AnonUser_0163,45
2026-04-01 12:15:00,Lab_206_PC035,In Use,AnonUser_0087,60
2026-04-01 12:15:00,Lab_206_PC036,In Use,AnonUser_0052,45
2026-04-01 12:15:00,Lab_206_PC037,In Use,AnonUser_0134,150
2026-04-01 12:15:00,Lab_206_PC038,In Use,AnonUser_0122,30
2026-04-01 12:15:00,Lab_206_PC039,In Use,AnonUser_0121,90
2026-04-01 12:15:00,Lab_206_PC040,In Use,AnonUser_0030,75
2026-04-01 12:15:00,Lab_206_PC041,In Use,AnonUser_0003,135
2026-04-01 12:15:00,Lab_206_PC042,In Use,AnonUser_0095,165
2026-04-01 12:15:00,Lab_206_PC043,In Use,AnonUser_0026,45
2026-04-01 12:15:00,Lab_206_PC044,In Use,AnonUser_0174,75
2026-04-01 12:15:00,Lab_206_PC045,In Use,AnonUser_0118,120
2026-04-01 12:15:00,Lab_206_PC046,In Use,AnonUser_0019,60
2026-04-01 12:15:00,Lab_206_PC047,Idle,AnonUser_0141,150
2026-04-01 12:15:00,Lab_206_PC048,Idle,AnonUser_0099,90
2026-04-01 12:15:00,Lab_206_PC049,Idle,AnonUser_0153,60
2026-04-01 12:15:00,Lab_206_PC050,In Use,AnonUser_0065,90
2026-04-01 12:15:00,Lab_206_PC051,In Use,AnonUser_0056,0
2026-04-01 12:15:00,Lab_206_PC052,In Use,AnonUser_0179,30
2026-04-01 12:15:00,Lab_206_PC053,In Use,AnonUser_0151,195
2026-04-01 12:15:00,Lab_206_PC054,In Use,AnonUser_0172,135
2026-04-01 12:15:00,Lab_206_PC055,In Use,AnonUser_0060,30
2026-04-01 12:15:00,Lab_206_PC056,In Use,AnonUser_0035,75
2026-04-01 12:15:00,Lab_206_PC057,In Use,AnonUser_0148,90
2026-04-01 12:15:00,Lab_206_PC058,In Use,AnonUser_0067,180
2026-04-01 12:15:00,Lab_206_PC059,In Use,AnonUser_0171,150
2026-04-01 12:15:00,Lab_206_PC060,In Use,AnonUser_0093,90
2026-04-01 12:15:00,Lab_210_PC061,In Use,AnonUser_0131,75
2026-04-01 12:15:00,Lab_210_PC062,Idle,AnonUser_0159,15
2026-04-01 12:15:00,Lab_210_PC063,In Use,AnonUser_0029,90
2026-04-01 12:15:00,Lab_210_PC064,Idle,AnonUser_0010,180
2026-04-01 12:15:00,Lab_210_PC065,In Use,AnonUser_0050,30
2026-04-01 12:15:00,Lab_210_PC066,In Use,AnonUser_0061,45
2026-04-01 12:15:00,Lab_210_PC067,In Use,AnonUser_0044,60
2026-04-01 12:15:00,Lab_210_PC068,In Use,AnonUser_0025,0
2026-04-01 12:15:00,Lab_210_PC069,In Use,AnonUser_0123,45
2026-04-01 12:15:00,Lab_210_PC070,In Use,AnonUser_0110,0
2026-04-01 12:15:00,Lab_210_PC071,In Use,AnonUser_0160,60
2026-04-01 12:15:00,Lab_210_PC072,In Use,AnonUser_0086,30
2026-04-01 12:15:00,Lab_210_PC073,Idle,AnonUser_0064,0
2026-04-01 12:15:00,Lab_210_PC074,In Use,AnonUser_0082,45
2026-04-01 12:15:00,Lab_210_PC075,In Use,AnonUser_0167,15
2026-04-01 12:15:00,Lab_210_PC076,Idle,AnonUser_0008,0
2026-04-01 12:15:00,Lab_210_PC077,Idle,AnonUser_0132,105
2026-04-01 12:15:00,Lab_210_PC078,In Use,AnonUser_0048,15
2026-04-01 12:15:00,Lab_210_PC079,In Use,AnonUser_0015,60
2026-04-01 12:15:00,Lab_210_PC080,In Use,AnonUser_0023,210
2026-04-01 12:15:00,Lab_210_PC081,In Use,AnonUser_0113,120
2026-04-01 12:15:00,Lab_219_PC082,Idle,AnonUser_0133,15
2026-04-01 12:15:00,Lab_219_PC083,In Use,AnonUser_0058,60
2026-04-01 12:15:00,Lab_219_PC084,In Use,AnonUser_0011,165
2026-04-01 12:15:00,Lab_219_PC085,In Use,AnonUser_0156,45
2026-04-01 12:15:00,Lab_219_PC086,In Use,AnonUser_0037,120
2026-04-01 12:15:00,Lab_219_PC087,In Use,AnonUser_0081,60
2026-04-01 12:15:00,Lab_219_PC088,In Use,AnonUser_0059,105
2026-04-01 12:15:00,Lab_219_PC089,In Use,AnonUser_0135,30
2026-04-01 12:15:00,Lab_219_PC090,In Use,AnonUser_0043,90
2026-04-01 12:15:00,Lab_219_PC091,In Use,AnonUser_0142,90
2026-04-01 12:15:00,Lab_219_PC092,In Use,AnonUser_0036,60
2026-04-01 12:15:00,Lab_219_PC093,In Use,AnonUser_0053,90
2026-04-01 12:15:00,Lab_219_PC094,In Use,AnonUser_0057,60
2026-04-01 12:15:00,Lab_219_PC095,In Use,AnonUser_0177,105
2026-04-01 12:15:00,Lab_219_PC096,Idle,AnonUser_0046,120
2026-04-01 12:15:00,Lab_219_PC097,In Use,AnonUser_0147,75
2026-04-01 12:15:00,Lab_219_PC098,In Use,AnonUser_0098,75
2026-04-01 12:15:00,Lab_219_PC099,In Use,AnonUser_0009,105
2026-04-01 12:15:00,Lab_219_PC100,In Use,AnonUser_0024,45
2026-04-01 12:15:00,Lab_219_PC101,In Use,AnonUser_0173,30
2026-04-01 12:15:00,Lab_219_PC102,In Use,AnonUser_0085,75
2026-04-01 12:15:00,Lab_219_PC103,Idle,AnonUser_0168,0
2026-04-01 12:15:00,Lab_219_PC104,In Use,AnonUser_0096,15
2026-04-01 12:15:00,Lab_219_PC105,In Use,AnonUser_0169,135
2026-04-01 12:15:00,Lab_219_PC106,In Use,AnonUser_0149,60
2026-04-01 12:15:00,Lab_219_PC107,Idle,AnonUser_0162,75
2026-04-01 12:15:00,Lab_219_PC108,Idle,AnonUser_0146,105
2026-04-01 12:15:00,Lab_219_PC109,Offline,N/A,N/A
2026-04-01 12:15:00,Lab_219_PC110,In Use,AnonUser_0150,60
2026-04-01 12:15:00,Lab_219_PC111,In Use,AnonUser_0091,225
2026-04-01 12:15:00,Lab_219_PC112,In Use,AnonUser_0021,45
2026-04-01 12:15:00,Lab_219_PC113,In Use,AnonUser_0097,15
2026-04-01 12:15:00,Lab_219_PC114,In Use,AnonUser_0033,45
2026-04-01 12:15:00,Lab_219_PC115,In Use,AnonUser_0077,120
2026-04-01 12:15:00,Lab_219_PC116,In Use,AnonUser_0126,165
2026-04-01 12:15:00,Lab_219_PC117,In Use,AnonUser_0039,15
2026-04-01 12:15:00,Lab_219_PC118,In Use,AnonUser_0080,60
2026-04-01 12:15:00,Lab_219_PC119,In Use,AnonUser_0090,45
2026-04-01 12:15:00,Lab_219_PC120,In Use,AnonUser_0144,75
2026-04-01 12:15:00,Lab_219_PC121,In Use,AnonUser_0028,90
2026-04-01 12:15:00,Lab_219_PC122,In Use,AnonUser_0166,105
2026-04-01 12:15:00,Lab_219_PC123,In Use,AnonUser_0175,60
2026-04-01 12:15:00,Lab_219_PC124,In Use,AnonUser_0066,90
2026-04-01 12:15:00,Lab_219_PC125,In Use,AnonUser_0176,60
2026-04-01 12:15:00,Lab_219_PC126,In Use,AnonUser_0076,15
2026-04-01 12:15:00,Lab_219_PC127,In Use,AnonUser_0013,15
2026-04-01 12:15:00,Lab_219_PC128,Idle,AnonUser_0119,105
2026-04-01 12:15:00,Lab_219_PC129,Idle,AnonUser_0047,60
2026-04-01 12:15:00,Lab_219_PC130,In Use,AnonUser_0104,15
2026-04-01 12:15:00,Lab_219_PC131,In Use,AnonUser_0038,30
2026-04-01 12:15:00,Lab_219_PC132,Idle,AnonUser_0079,15
2026-04-01 12:15:00,Lab_219_PC133,In Use,AnonUser_0100,90
2026-04-01 12:15:00,Lab_219_PC134,In Use,AnonUser_0088,75
2026-04-01 12:15:00,Lab_219_PC135,In Use,AnonUser_0111,105
2026-04-01 12:15:00,Lab_219_PC136,In Use,AnonUser_0016,15
2026-04-01 12:15:00,Lab_219_PC137,In Use,AnonUser_0128,0
2026-04-01 12:15:00,Lab_219_PC138,In Use,AnonUser_0073,0
2026-04-01 12:15:00,Lab_219_PC139,In Use,AnonUser_0045,15
2026-04-01 12:15:00,Lab_219_PC140,In Use,AnonUser_0070,90
2026-04-01 12:15:00,Lab_219_PC141,In Use,AnonUser_0120,90
2026-04-01 12:15:00,Lab_219_PC142,Idle,AnonUser_0063,75
2026-04-01 12:15:00,Lab_219_PC143,In Use,AnonUser_0084,150
2026-04-01 12:15:00,Lab_219_PC144,In Use,AnonUser_0055,45
2026-04-01 12:15:00,Lab_219_PC145,In Use,AnonUser_0158,0
2026-04-01 12:15:00,Lab_219_PC146,In Use,AnonUser_0041,0
2026-04-01 12:15:00,Lab_219_PC147,Offline,N/A,N/A
2026-04-01 12:15:00,Lab_219_PC148,In Use,AnonUser_0145,45
2026-04-01 12:15:00,Lab_219_PC149,Idle,AnonUser_0127,210
2026-04-01 12:15:00,Lab_219_PC150,In Use,AnonUser_0034,0
2026-04-01 12:15:00,Lab_219_PC151,In Use,AnonUser_0139,120
2026-04-01 12:15:00,Lab_219_PC152,In Use,AnonUser_0078,60
2026-04-01 12:15:00,Lab_219_PC153,In Use,AnonUser_0071,105
2026-04-01 12:15:00,Lab_219_PC154,In Use,AnonUser_0054,180
2026-04-01 12:15:00,Lab_219_PC155,In Use,AnonUser_0155,150
2026-04-01 12:15:00,Lab_219_PC156,In Use,AnonUser_0152,105
2026-04-01 12:15:00,Lab_219_PC157,In Use,AnonUser_0092,30
2026-04-01 12:15:00,Lab_219_PC158,In Use,AnonUser_0018,15
2026-04-01 12:15:00,Lab_219_PC159,In Use,AnonUser_0109,75
2026-04-01 12:15:00,Lab_219_PC160,In Use,AnonUser_0143,150
2026-04-01 12:15:00,Lab_219_PC161,In Use,AnonUser_0136,15
2026-04-01 12:15:00,Lab_219_PC162,Idle,AnonUser_0014,60
2026-04-01 12:15:00,Lab_219_PC163,Idle,AnonUser_0140,105
2026-04-01 12:15:00,Lab_219_PC164,In Use,AnonUser_0101,150
2026-04-01 12:15:00,Lab_219_PC165,In Use,AnonUser_0005,45
2026-04-01 12:15:00,Lab_219_PC166,In Use,AnonUser_0164,15
2026-04-01 12:15:00,Lab_219_PC167,In Use,AnonUser_0074,150
2026-04-01 12:15:00,Lab_219_PC168,In Use,AnonUser_0083,15
2026-04-01 12:15:00,Lab_219_PC169,In Use,AnonUser_0138,135
2026-04-01 12:15:00,Lab_219_PC170,Idle,AnonUser_0072,0
2026-04-01 12:15:00,Lab_219_PC171,In Use,AnonUser_0004,60
2026-04-01 12:15:00,Lab_219_PC172,In Use,AnonUser_0020,0
2026-04-01 12:15:00,Lab_219_PC173,In Use,AnonUser_0012,45
2026-04-01 12:15:00,Lab_219_PC174,In Use,AnonUser_0075,75
2026-04-01 12:15:00,Lab_219_PC175,Idle,AnonUser_0031,105
2026-04-01 12:15:00,Lab_219_PC176,In Use,AnonUser_0114,135
2026-04-01 12:15:00,Lab_219_PC177,Offline,N/A,N/A
2026-04-01 12:15:00,Lab_219_PC178,In Use,AnonUser_0102,150
2026-04-01 12:15:00,Lab_219_PC179,In Use,AnonUser_0170,15
2026-04-01 12:30:00,Lab_202_PC001,In Use,AnonUser_0068,15
2026-04-01 12:30:00,Lab_202_PC002,Idle,AnonUser_0106,180
2026-04-01 12:30:00,Lab_202_PC003,In Use,AnonUser_0107,105
2026-04-01 12:30:00,Lab_202_PC004,In Use,AnonUser_0094,45
2026-04-01 12:30:00,Lab_202_PC005,Idle,AnonUser_0002,75
2026-04-01 12:30:00,Lab_202_PC006,In Use,AnonUser_0042,0
2026-04-01 12:30:00,Lab_202_PC007,In Use,AnonUser_0161,120
2026-04-01 12:30:00,Lab_202_PC008,In Use,AnonUser_0062,0
2026-04-01 12:30:00,Lab_202_PC009,In Use,AnonUser_0007,60
2026-04-01 12:30:00,Lab_202_PC010,Idle,AnonUser_0051,120
2026-04-01 12:30:00,Lab_202_PC011,In Use,AnonUser_0115,75
2026-04-01 12:30:00,Lab_202_PC012,In Use,AnonUser_0157,135
2026-04-01 12:30:00,Lab_202_PC013,In Use,AnonUser_0017,60
2026-04-01 12:30:00,Lab_202_PC014,In Use,AnonUser_0137,0
2026-04-01 12:30:00,Lab_202_PC015,In Use,AnonUser_0022,105
2026-04-01 12:30:00,Lab_202_PC016,Idle,AnonUser_0108,75
2026-04-01 12:30:00,Lab_202_PC017,Idle,AnonUser_0125,45
2026-04-01 12:30:00,Lab_202_PC018,In Use,AnonUser_0116,0
2026-04-01 12:30:00,Lab_202_PC019,Idle,AnonUser_0001,30
2026-04-01 12:30:00,Lab_202_PC020,In Use,AnonUser_0049,0
2026-04-01 12:30:00,Lab_202_PC021,In Use,AnonUser_0154,0
2026-04-01 12:30:00,Lab_202_PC022,In Use,AnonUser_0027,120
2026-04-01 12:30:00,Lab_202_PC023,In Use,AnonUser_0130,105
2026-04-01 12:30:00,Lab_202_PC024,Idle,AnonUser_0165,120
2026-04-01 12:30:00,Lab_202_PC025,In Use,AnonUser_0069,0
2026-04-01 12:30:00,Lab_202_PC026,In Use,AnonUser_0032,15
2026-04-01 12:30:00,Lab_202_PC027,Idle,AnonUser_0103,120
2026-04-01 12:30:00,Lab_202_PC028,Idle,AnonUser_0006,45
2026-04-01 12:30:00,Lab_202_PC029,In Use,AnonUser_0129,45
2026-04-01 12:30:00,Lab_202_PC030,In Use,AnonUser_0112,120
2026-04-01 12:30:00,Lab_206_PC031,In Use,AnonUser_0117,195
2026-04-01 12:30:00,Lab_206_PC032,In Use,AnonUser_0105,180
2026-04-01 12:30:00,Lab_206_PC033,In Use,AnonUser_0040,15
2026-04-01 12:30:00,Lab_206_PC034,In Use,AnonUser_0163,30
2026-04-01 12:30:00,Lab_206_PC035,In Use,AnonUser_0087,45
2026-04-01 12:30:00,Lab_206_PC036,In Use,AnonUser_0052,30
2026-04-01 12:30:00,Lab_206_PC037,In Use,AnonUser_0134,135
2026-04-01 12:30:00,Lab_206_PC038,In Use,AnonUser_0122,15
2026-04-01 12:30:00,Lab_206_PC039,In Use,AnonUser_0121,75
2026-04-01 12:30:00,Lab_206_PC040,In Use,AnonUser_0030,60
2026-04-01 12:30:00,Lab_206_PC041,In Use,AnonUser_0003,120
2026-04-01 12:30:00,Lab_206_PC042,In Use,AnonUser_0095,150
2026-04-01 12:30:00,Lab_206_PC043,In Use,AnonUser_0026,30
2026-04-01 12:30:00,Lab_206_PC044,Idle,AnonUser_0174,60
2026-04-01 12:30:00,Lab_206_PC045,In Use,AnonUser_0118,105
2026-04-01 12:30:00,Lab_206_PC046,In Use,AnonUser_0019,45
2026-04-01 12:30:00,Lab_206_PC047,In Use,AnonUser_0141,135
2026-04-01 12:30:00,Lab_206_PC048,In Use,AnonUser_0099,75
2026-04-01 12:30:00,Lab_206_PC049,In Use,AnonUser_0153,45
2026-04-01 12:30:00,Lab_206_PC050,In Use,AnonUser_0065,75
2026-04-01 12:30:00,Lab_206_PC051,Idle,AnonUser_0124,60
2026-04-01 12:30:00,Lab_206_PC052,In Use,AnonUser_0179,15
2026-04-01 12:30:00,Lab_206_PC053,In Use,AnonUser_0151,180
2026-04-01 12:30:00,Lab_206_PC054,In Use,AnonUser_0172,120
2026-04-01 12:30:00,Lab_206_PC055,In Use,AnonUser_0060,15
2026-04-01 12:30:00,Lab_206_PC056,Idle,AnonUser_0035,60
2026-04-01 12:30:00,Lab_206_PC057,In Use,AnonUser_0148,75
2026-04-01 12:30:00,Lab_206_PC058,Idle,AnonUser_0067,165
2026-04-01 12:30:00,Lab_206_PC059,In Use,AnonUser_0171,135
2026-04-01 12:30:00,Lab_206_PC060,In Use,AnonUser_0093,75
2026-04-01 12:30:00,Lab_210_PC061,In Use,AnonUser_0131,60
2026-04-01 12:30:00,Lab_210_PC062,In Use,AnonUser_0159,0
2026-04-01 12:30:00,Lab_210_PC063,In Use,AnonUser_0029,75
2026-04-01 12:30:00,Lab_210_PC064,In Use,AnonUser_0010,165
2026-04-01 12:30:00,Lab_210_PC065,In Use,AnonUser_0050,15
2026-04-01 12:30:00,Lab_210_PC066,In Use,AnonUser_0061,30
2026-04-01 12:30:00,Lab_210_PC067,In Use,AnonUser_0044,45
2026-04-01 12:30:00,Lab_210_PC068,In Use,AnonUser_0089,60
2026-04-01 12:30:00,Lab_210_PC069,In Use,AnonUser_0123,30
2026-04-01 12:30:00,Lab_210_PC070,In Use,AnonUser_0056,30
2026-04-01 12:30:00,Lab_210_PC071,In Use,AnonUser_0160,45
2026-04-01 12:30:00,Lab_210_PC072,In Use,AnonUser_0086,15
2026-04-01 12:30:00,Lab_210_PC073,In Use,AnonUser_0110,195
2026-04-01 12:30:00,Lab_210_PC074,In Use,AnonUser_0082,30
2026-04-01 12:30:00,Lab_210_PC075,In Use,AnonUser_0167,0
2026-04-01 12:30:00,Lab_210_PC076,In Use,AnonUser_0008,195
2026-04-01 12:30:00,Lab_210_PC077,In Use,AnonUser_0132,90
2026-04-01 12:30:00,Lab_210_PC078,In Use,AnonUser_0048,0
2026-04-01 12:30:00,Lab_210_PC079,In Use,AnonUser_0015,45
2026-04-01 12:30:00,Lab_210_PC080,Idle,AnonUser_0023,195
2026-04-01 12:30:00,Lab_210_PC081,In Use,AnonUser_0113,105
2026-04-01 12:30:00,Lab_219_PC082,In Use,AnonUser_0133,0
2026-04-01 12:30:00,Lab_219_PC083,In Use,AnonUser_0058,45
2026-04-01 12:30:00,Lab_219_PC084,In Use,AnonUser_0011,150
2026-04-01 12:30:00,Lab_219_PC085,Idle,AnonUser_0156,30
2026-04-01 12:30:00,Lab_219_PC086,In Use,AnonUser_0037,105
2026-04-01 12:30:00,Lab_219_PC087,In Use,AnonUser_0081,45
2026-04-01 12:30:00,Lab_219_PC088,Idle,AnonUser_0059,90
2026-04-01 12:30:00,Lab_219_PC089,In Use,AnonUser_0135,15
2026-04-01 12:30:00,Lab_219_PC090,Idle,AnonUser_0043,75
2026-04-01 12:30:00,Lab_219_PC091,In Use,AnonUser_0142,75
2026-04-01 12:30:00,Lab_219_PC092,In Use,AnonUser_0036,45
2026-04-01 12:30:00,Lab_219_PC093,In Use,AnonUser_0053,75
2026-04-01 12:30:00,Lab_219_PC094,Idle,AnonUser_0057,45
2026-04-01 12:30:00,Lab_219_PC095,Idle,AnonUser_0177,90
2026-04-01 12:30:00,Lab_219_PC096,Idle,AnonUser_0046,105
2026-04-01 12:30:00,Lab_219_PC097,In Use,AnonUser_0147,60
2026-04-01 12:30:00,Lab_219_PC098,In Use,AnonUser_0098,60
2026-04-01 12:30:00,Lab_219_PC099,In Use,AnonUser_0009,90
2026-04-01 12:30:00,Lab_219_PC100,In Use,AnonUser_0024,30
2026-04-01 12:30:00,Lab_219_PC101,In Use,AnonUser_0173,15
2026-04-01 12:30:00,Lab_219_PC102,In Use,AnonUser_0085,60
2026-04-01 12:30:00,Lab_219_PC103,Offline,N/A,N/A
2026-04-01 12:30:00,Lab_219_PC104,In Use,AnonUser_0096,0
2026-04-01 12:30:00,Lab_219_PC105,In Use,AnonUser_0169,120
2026-04-01 12:30:00,Lab_219_PC106,In Use,AnonUser_0149,45
2026-04-01 12:30:00,Lab_219_PC107,Idle,AnonUser_0162,60
2026-04-01 12:30:00,Lab_219_PC108,In Use,AnonUser_0146,90
2026-04-01 12:30:00,Lab_219_PC109,In Use,AnonUser_0168,60
2026-04-01 12:30:00,Lab_219_PC110,In Use,AnonUser_0150,45
2026-04-01 12:30:00,Lab_219_PC111,In Use,AnonUser_0091,210
2026-04-01 12:30:00,Lab_219_PC112,In Use,AnonUser_0021,30
2026-04-01 12:30:00,Lab_219_PC113,In Use,AnonUser_0097,0
2026-04-01 12:30:00,Lab_219_PC114,In Use,AnonUser_0033,30
2026-04-01 12:30:00,Lab_219_PC115,Idle,AnonUser_0077,105
2026-04-01 12:30:00,Lab_219_PC116,In Use,AnonUser_0126,150
2026-04-01 12:30:00,Lab_219_PC117,In Use,AnonUser_0039,0
2026-04-01 12:30:00,Lab_219_PC118,In Use,AnonUser_0080,45
2026-04-01 12:30:00,Lab_219_PC119,Idle,AnonUser_0090,30
2026-04-01 12:30:00,Lab_219_PC120,In Use,AnonUser_0144,60
2026-04-01 12:30:00,Lab_219_PC121,Idle,AnonUser_0028,75
2026-04-01 12:30:00,Lab_219_PC122,In Use,AnonUser_0166,90
2026-04-01 12:30:00,Lab_219_PC123,In Use,AnonUser_0175,45
2026-04-01 12:30:00,Lab_219_PC124,Idle,AnonUser_0066,75
2026-04-01 12:30:00,Lab_219_PC125,In Use,AnonUser_0176,45
2026-04-01 12:30:00,Lab_219_PC126,In Use,AnonUser_0076,0
2026-04-01 12:30:00,Lab_219_PC127,Idle,AnonUser_0013,0
2026-04-01 12:30:00,Lab_219_PC128,In Use,AnonUser_0119,90
2026-04-01 12:30:00,Lab_219_PC129,In Use,AnonUser_0047,45
2026-04-01 12:30:00,Lab_219_PC130,In Use,AnonUser_0104,0
2026-04-01 12:30:00,Lab_219_PC131,In Use,AnonUser_0038,15
2026-04-01 12:30:00,Lab_219_PC132,Idle,AnonUser_0079,0
2026-04-01 12:30:00,Lab_219_PC133,In Use,AnonUser_0100,75
2026-04-01 12:30:00,Lab_219_PC134,In Use,AnonUser_0088,60
2026-04-01 12:30:00,Lab_219_PC135,In Use,AnonUser_0111,90
2026-04-01 12:30:00,Lab_219_PC136,In Use,AnonUser_0016,0
2026-04-01 12:30:00,Lab_219_PC137,In Use,AnonUser_0064,225
2026-04-01 12:30:00,Lab_219_PC138,In Use,AnonUser_0178,0
2026-04-01 12:30:00,Lab_219_PC139,In Use,AnonUser_0045,0
2026-04-01 12:30:00,Lab_219_PC140,In Use,AnonUser_0070,75
2026-04-01 12:30:00,Lab_219_PC141,In Use,AnonUser_0120,75
2026-04-01 12:30:00,Lab_219_PC142,In Use,AnonUser_0063,60
2026-04-01 12:30:00,Lab_219_PC143,In Use,AnonUser_0084,135
2026-04-01 12:30:00,Lab_219_PC144,In Use,AnonUser_0055,30
2026-04-01 12:30:00,Lab_219_PC145,In Use,AnonUser_0128,120
2026-04-01 12:30:00,Lab_219_PC146,In Use,AnonUser_0041,60
2026-04-01 12:30:00,Lab_219_PC147,Idle,AnonUser_0073,135
2026-04-01 12:30:00,Lab_219_PC148,In Use,AnonUser_0145,30
2026-04-01 12:30:00,Lab_219_PC149,In Use,AnonUser_0127,195
2026-04-01 12:30:00,Lab_219_PC150,In Use,AnonUser_0025,150
2026-04-01 12:30:00,Lab_219_PC151,In Use,AnonUser_0139,105
2026-04-01 12:30:00,Lab_219_PC152,In Use,AnonUser_0078,45
2026-04-01 12:30:00,Lab_219_PC153,In Use,AnonUser_0071,90
2026-04-01 12:30:00,Lab_219_PC154,In Use,AnonUser_0054,165
2026-04-01 12:30:00,Lab_219_PC155,In Use,AnonUser_0155,135
2026-04-01 12:30:00,Lab_219_PC156,In Use,AnonUser_0152,90
2026-04-01 12:30:00,Lab_219_PC157,In Use,AnonUser_0092,15
2026-04-01 12:30:00,Lab_219_PC158,In Use,AnonUser_0018,0
2026-04-01 12:30:00,Lab_219_PC159,In Use,AnonUser_0109,60
2026-04-01 12:30:00,Lab_219_PC160,Idle,AnonUser_0143,135
2026-04-01 12:30:00,Lab_219_PC161,In Use,AnonUser_0136,0
2026-04-01 12:30:00,Lab_219_PC162,In Use,AnonUser_0014,45
2026-04-01 12:30:00,Lab_219_PC163,In Use,AnonUser_0140,90
2026-04-01 12:30:00,Lab_219_PC164,In Use,AnonUser_0101,135
2026-04-01 12:30:00,Lab_219_PC165,In Use,AnonUser_0005,30
2026-04-01 12:30:00,Lab_219_PC166,In Use,AnonUser_0164,0
2026-04-01 12:30:00,Lab_219_PC167,In Use,AnonUser_0074,135
2026-04-01 12:30:00,Lab_219_PC168,In Use,AnonUser_0083,0
2026-04-01 12:30:00,Lab_219_PC169,In Use,AnonUser_0138,120
2026-04-01 12:30:00,Lab_219_PC170,In Use,AnonUser_0034,135
2026-04-01 12:30:00,Lab_219_PC171,In Use,AnonUser_0004,45
2026-04-01 12:30:00,Lab_219_PC172,Idle,AnonUser_0158,165
2026-04-01 12:30:00,Lab_219_PC173,In Use,AnonUser_0012,30
2026-04-01 12:30:00,Lab_219_PC174,Idle,AnonUser_0075,60
2026-04-01 12:30:00,Lab_219_PC175,In Use,AnonUser_0031,90
2026-04-01 12:30:00,Lab_219_PC176,In Use,AnonUser_0114,120
2026-04-01 12:30:00,Lab_219_PC177,In Use,AnonUser_0020,15
2026-04-01 12:30:00,Lab_219_PC178,In Use,AnonUser_0102,135
2026-04-01 12:30:00,Lab_219_PC179,In Use,AnonUser_0170,0
2026-04-01 12:45:00,Lab_202_PC001,In Use,AnonUser_0068,0
2026-04-01 12:45:00,Lab_202_PC002,In Use,AnonUser_0106,165
2026-04-01 12:45:00,Lab_202_PC003,In Use,AnonUser_0107,90
2026-04-01 12:45:00,Lab_202_PC004,In Use,AnonUser_0094,30
2026-04-01 12:45:00,Lab_202_PC005,In Use,AnonUser_0002,60
2026-04-01 12:45:00,Lab_202_PC006,In Use,AnonUser_0072,225
2026-04-01 12:45:00,Lab_202_PC007,In Use,AnonUser_0161,105
2026-04-01 12:45:00,Lab_202_PC008,In Use,AnonUser_0062,225
2026-04-01 12:45:00,Lab_202_PC009,In Use,AnonUser_0007,45
2026-04-01 12:45:00,Lab_202_PC010,In Use,AnonUser_0051,105
2026-04-01 12:45:00,Lab_202_PC011,In Use,AnonUser_0115,60
2026-04-01 12:45:00,Lab_202_PC012,In Use,AnonUser_0157,120
2026-04-01 12:45:00,Lab_202_PC013,In Use,AnonUser_0017,45
2026-04-01 12:45:00,Lab_202_PC014,Idle,AnonUser_0137,180
2026-04-01 12:45:00,Lab_202_PC015,In Use,AnonUser_0022,90
2026-04-01 12:45:00,Lab_202_PC016,Idle,AnonUser_0108,60
2026-04-01 12:45:00,Lab_202_PC017,Idle,AnonUser_0125,30
2026-04-01 12:45:00,Lab_202_PC018,Offline,N/A,N/A
2026-04-01 12:45:00,Lab_202_PC019,In Use,AnonUser_0001,15
2026-04-01 12:45:00,Lab_202_PC020,In Use,AnonUser_0049,180
2026-04-01 12:45:00,Lab_202_PC021,In Use,AnonUser_0042,165
2026-04-01 12:45:00,Lab_202_PC022,In Use,AnonUser_0027,105
2026-04-01 12:45:00,Lab_202_PC023,In Use,AnonUser_0130,90
2026-04-01 12:45:00,Lab_202_PC024,In Use,AnonUser_0165,105
2026-04-01 12:45:00,Lab_202_PC025,In Use,AnonUser_0069,30
2026-04-01 12:45:00,Lab_202_PC026,In Use,AnonUser_0032,0
2026-04-01 12:45:00,Lab_202_PC027,In Use,AnonUser_0103,105
2026-04-01 12:45:00,Lab_202_PC028,In Use,AnonUser_0006,30
2026-04-01 12:45:00,Lab_202_PC029,In Use,AnonUser_0129,30
2026-04-01 12:45:00,Lab_202_PC030,In Use,AnonUser_0112,105
2026-04-01 12:45:00,Lab_206_PC031,In Use,AnonUser_0117,180
2026-04-01 12:45:00,Lab_206_PC032,In Use,AnonUser_0105,165
2026-04-01 12:45:00,Lab_206_PC033,In Use,AnonUser_0040,0
2026-04-01 12:45:00,Lab_206_PC034,Idle,AnonUser_0163,15
2026-04-01 12:45:00,Lab_206_PC035,In Use,AnonUser_0087,30
2026-04-01 12:45:00,Lab_206_PC036,In Use,AnonUser_0052,15
2026-04-01 12:45:00,Lab_206_PC037,In Use,AnonUser_0134,120
2026-04-01 12:45:00,Lab_206_PC038,In Use,AnonUser_0122,0
2026-04-01 12:45:00,Lab_206_PC039,In Use,AnonUser_0121,60
2026-04-01 12:45:00,Lab_206_PC040,In Use,AnonUser_0030,45
2026-04-01 12:45:00,Lab_206_PC041,In Use,AnonUser_0003,105
2026-04-01 12:45:00,Lab_206_PC042,In Use,AnonUser_0095,135
2026-04-01 12:45:00,Lab_206_PC043,In Use,AnonUser_0026,15
2026-04-01 12:45:00,Lab_206_PC044,Idle,AnonUser_0174,45
2026-04-01 12:45:00,Lab_206_PC045,In Use,AnonUser_0118,90
2026-04-01 12:45:00,Lab_206_PC046,In Use,AnonUser_0019,30
2026-04-01 12:45:00,Lab_206_PC047,In Use,AnonUser_0141,120
2026-04-01 12:45:00,Lab_206_PC048,Idle,AnonUser_0099,60
2026-04-01 12:45:00,Lab_206_PC049,In Use,AnonUser_0153,30
2026-04-01 12:45:00,Lab_206_PC050,In Use,AnonUser_0065,60
2026-04-01 12:45:00,Lab_206_PC051,In Use,AnonUser_0124,45
2026-04-01 12:45:00,Lab_206_PC052,In Use,AnonUser_0179,0
2026-04-01 12:45:00,Lab_206_PC053,In Use,AnonUser_0151,165
2026-04-01 12:45:00,Lab_206_PC054,In Use,AnonUser_0172,105
2026-04-01 12:45:00,Lab_206_PC055,In Use,AnonUser_0060,0
2026-04-01 12:45:00,Lab_206_PC056,In Use,AnonUser_0035,45
2026-04-01 12:45:00,Lab_206_PC057,In Use,AnonUser_0148,60
2026-04-01 12:45:00,Lab_206_PC058,Idle,AnonUser_0067,150
2026-04-01 12:45:00,Lab_206_PC059,In Use,AnonUser_0171,120
2026-04-01 12:45:00,Lab_206_PC060,In Use,AnonUser_0093,60
2026-04-01 12:45:00,Lab_210_PC061,In Use,AnonUser_0131,45
2026-04-01 12:45:00,Lab_210_PC062,In Use,AnonUser_0159,105
2026-04-01 12:45:00,Lab_210_PC063,In Use,AnonUser_0029,60
2026-04-01 12:45:00,Lab_210_PC064,In Use,AnonUser_0010,150
2026-04-01 12:45:00,Lab_210_PC065,In Use,AnonUser_0050,0
2026-04-01 12:45:00,Lab_210_PC066,In Use,AnonUser_0061,15
2026-04-01 12:45:00,Lab_210_PC067,Idle,AnonUser_0044,30
2026-04-01 12:45:00,Lab_210_PC068,In Use,AnonUser_0089,45
2026-04-01 12:45:00,Lab_210_PC069,In Use,AnonUser_0123,15
2026-04-01 12:45:00,Lab_210_PC070,In Use,AnonUser_0056,15
2026-04-01 12:45:00,Lab_210_PC071,In Use,AnonUser_0160,30
2026-04-01 12:45:00,Lab_210_PC072,In Use,AnonUser_0086,0
2026-04-01 12:45:00,Lab_210_PC073,In Use,AnonUser_0110,180
2026-04-01 12:45:00,Lab_210_PC074,In Use,AnonUser_0082,15
2026-04-01 12:45:00,Lab_210_PC075,In Use,AnonUser_0167,225
2026-04-01 12:45:00,Lab_210_PC076,In Use,AnonUser_0008,180
2026-04-01 12:45:00,Lab_210_PC077,In Use,AnonUser_0132,75
2026-04-01 12:45:00,Lab_210_PC078,Idle,AnonUser_0154,195
2026-04-01 12:45:00,Lab_210_PC079,In Use,AnonUser_0015,30
2026-04-01 12:45:00,Lab_210_PC080,In Use,AnonUser_0023,180
2026-04-01 12:45:00,Lab_210_PC081,In Use,AnonUser_0113,90
2026-04-01 12:45:00,Lab_219_PC082,Idle,AnonUser_0133,165
2026-04-01 12:45:00,Lab_219_PC083,In Use,AnonUser_0058,30
2026-04-01 12:45:00,Lab_219_PC084,Idle,AnonUser_0011,135
2026-04-01 12:45:00,Lab_219_PC085,In Use,AnonUser_0156,15
2026-04-01 12:45:00,Lab_219_PC086,In Use,AnonUser_0037,90
2026-04-01 12:45:00,Lab_219_PC087,In Use,AnonUser_0081,30
2026-04-01 12:45:00,Lab_219_PC088,In Use,AnonUser_0059,75
2026-04-01 12:45:00,Lab_219_PC089,In Use,AnonUser_0135,0
2026-04-01 12:45:00,Lab_219_PC090,In Use,AnonUser_0043,60
2026-04-01 12:45:00,Lab_219_PC091,In Use,AnonUser_0142,60
2026-04-01 12:45:00,Lab_219_PC092,In Use,AnonUser_0036,30
2026-04-01 12:45:00,Lab_219_PC093,In Use,AnonUser_0053,60
2026-04-01 12:45:00,Lab_219_PC094,In Use,AnonUser_0057,30
2026-04-01 12:45:00,Lab_219_PC095,In Use,AnonUser_0177,75
2026-04-01 12:45:00,Lab_219_PC096,In Use,AnonUser_0046,90
2026-04-01 12:45:00,Lab_219_PC097,In Use,AnonUser_0147,45
2026-04-01 12:45:00,Lab_219_PC098,In Use,AnonUser_0098,45
2026-04-01 12:45:00,Lab_219_PC099,In Use,AnonUser_0009,75
2026-04-01 12:45:00,Lab_219_PC100,In Use,AnonUser_0024,15
2026-04-01 12:45:00,Lab_219_PC101,In Use,AnonUser_0173,0
2026-04-01 12:45:00,Lab_219_PC102,In Use,AnonUser_0085,45
2026-04-01 12:45:00,Lab_219_PC103,In Use,AnonUser_0116,180
2026-04-01 12:45:00,Lab_219_PC104,Idle,AnonUser_0048,165
2026-04-01 12:45:00,Lab_219_PC105,Idle,AnonUser_0169,105
2026-04-01 12:45:00,Lab_219_PC106,In Use,AnonUser_0149,30
2026-04-01 12:45:00,Lab_219_PC107,In Use,AnonUser_0162,45
2026-04-01 12:45:00,Lab_219_PC108,In Use,AnonUser_0146,75
2026-04-01 12:45:00,Lab_219_PC109,Idle,AnonUser_0168,45
2026-04-01 12:45:00,Lab_219_PC110,In Use,AnonUser_0150,30
2026-04-01 12:45:00,Lab_219_PC111,In Use,AnonUser_0091,195
2026-04-01 12:45:00,Lab_219_PC112,In Use,AnonUser_0021,15
2026-04-01 12:45:00,Lab_219_PC113,In Use,AnonUser_0096,210
2026-04-01 12:45:00,Lab_219_PC114,In Use,AnonUser_0033,15
2026-04-01 12:45:00,Lab_219_PC115,In Use,AnonUser_0077,90
2026-04-01 12:45:00,Lab_219_PC116,In Use,AnonUser_0126,135
2026-04-01 12:45:00,Lab_219_PC117,In Use,AnonUser_0039,60
2026-04-01 12:45:00,Lab_219_PC118,In Use,AnonUser_0080,30
2026-04-01 12:45:00,Lab_219_PC119,In Use,AnonUser_0090,15
2026-04-01 12:45:00,Lab_219_PC120,In Use,AnonUser_0144,45
2026-04-01 12:45:00,Lab_219_PC121,In Use,AnonUser_0028,60
2026-04-01 12:45:00,Lab_219_PC122,In Use,AnonUser_0166,75
2026-04-01 12:45:00,Lab_219_PC123,In Use,AnonUser_0175,30
2026-04-01 12:45:00,Lab_219_PC124,In Use,AnonUser_0066,60
2026-04-01 12:45:00,Lab_219_PC125,Idle,AnonUser_0176,30
2026-04-01 12:45:00,Lab_219_PC126,Offline,N/A,N/A
2026-04-01 12:45:00,Lab_219_PC127,In Use,AnonUser_0013,135
2026-04-01 12:45:00,Lab_219_PC128,In Use,AnonUser_0119,75
2026-04-01 12:45:00,Lab_219_PC129,In Use,AnonUser_0047,30
2026-04-01 12:45:00,Lab_219_PC130,In Use,AnonUser_0076,225
2026-04-01 12:45:00,Lab_219_PC131,In Use,AnonUser_0038,0
2026-04-01 12:45:00,Lab_219_PC132,Offline,N/A,N/A
2026-04-01 12:45:00,Lab_219_PC133,In Use,AnonUser_0100,60
2026-04-01 12:45:00,Lab_219_PC134,In Use,AnonUser_0088,45
2026-04-01 12:45:00,Lab_219_PC135,In Use,AnonUser_0111,75
2026-04-01 12:45:00,Lab_219_PC136,In Use,AnonUser_0079,90
2026-04-01 12:45:00,Lab_219_PC137,Idle,AnonUser_0064,210
2026-04-01 12:45:00,Lab_219_PC138,In Use,AnonUser_0104,105
2026-04-01 12:45:00,Lab_219_PC139,In Use,AnonUser_0097,225
2026-04-01 12:45:00,Lab_219_PC140,In Use,AnonUser_0070,60
2026-04-01 12:45:00,Lab_219_PC141,Idle,AnonUser_0120,60
2026-04-01 12:45:00,Lab_219_PC142,In Use,AnonUser_0063,45
2026-04-01 12:45:00,Lab_219_PC143,In Use,AnonUser_0084,120
2026-04-01 12:45:00,Lab_219_PC144,In Use,AnonUser_0055,15
2026-04-01 12:45:00,Lab_219_PC145,In Use,AnonUser_0128,105
2026-04-01 12:45:00,Lab_219_PC146,Idle,AnonUser_0041,45
2026-04-01 12:45:00,Lab_219_PC147,In Use,AnonUser_0073,120
2026-04-01 12:45:00,Lab_219_PC148,In Use,AnonUser_0145,15
2026-04-01 12:45:00,Lab_219_PC149,In Use,AnonUser_0127,180
2026-04-01 12:45:00,Lab_219_PC150,In Use,AnonUser_0025,135
2026-04-01 12:45:00,Lab_219_PC151,In Use,AnonUser_0139,90
2026-04-01 12:45:00,Lab_219_PC152,In Use,AnonUser_0078,30
2026-04-01 12:45:00,Lab_219_PC153,In Use,AnonUser_0071,75
2026-04-01 12:45:00,Lab_219_PC154,In Use,AnonUser_0054,150
2026-04-01 12:45:00,Lab_219_PC155,In Use,AnonUser_0155,120
2026-04-01 12:45:00,Lab_219_PC156,In Use,AnonUser_0152,75
2026-04-01 12:45:00,Lab_219_PC157,In Use,AnonUser_0092,0
2026-04-01 12:45:00,Lab_219_PC158,In Use,AnonUser_0016,60
2026-04-01 12:45:00,Lab_219_PC159,In Use,AnonUser_0109,45
2026-04-01 12:45:00,Lab_219_PC160,In Use,AnonUser_0143,120
2026-04-01 12:45:00,Lab_219_PC161,In Use,AnonUser_0045,165
2026-04-01 12:45:00,Lab_219_PC162,In Use,AnonUser_0014,30
2026-04-01 12:45:00,Lab_219_PC163,In Use,AnonUser_0140,75
2026-04-01 12:45:00,Lab_219_PC164,In Use,AnonUser_0101,120
2026-04-01 12:45:00,Lab_219_PC165,In Use,AnonUser_0005,15
2026-04-01 12:45:00,Lab_219_PC166,In Use,AnonUser_0018,135
2026-04-01 12:45:00,Lab_219_PC167,In Use,AnonUser_0074,120
2026-04-01 12:45:00,Lab_219_PC168,In Use,AnonUser_0164,90
2026-04-01 12:45:00,Lab_219_PC169,In Use,AnonUser_0138,105
2026-04-01 12:45:00,Lab_219_PC170,In Use,AnonUser_0034,120
2026-04-01 12:45:00,Lab_219_PC171,In Use,AnonUser_0004,30
2026-04-01 12:45:00,Lab_219_PC172,In Use,AnonUser_0158,150
2026-04-01 12:45:00,Lab_219_PC173,In Use,AnonUser_0012,15
2026-04-01 12:45:00,Lab_219_PC174,In Use,AnonUser_0075,45
2026-04-01 12:45:00,Lab_219_PC175,In Use,AnonUser_0031,75
2026-04-01 12:45:00,Lab_219_PC176,In Use,AnonUser_0114,105
2026-04-01 12:45:00,Lab_219_PC177,In Use,AnonUser_0020,0
2026-04-01 12:45:00,Lab_219_PC178,In Use,AnonUser_0102,120
2026-04-01 12:45:00,Lab_219_PC179,In Use,AnonUser_0170,90
2026-04-01 13:00:00,Lab_202_PC001,In Use,AnonUser_0136,30
2026-04-01 13:00:00,Lab_202_PC002,Idle,AnonUser_0106,150
2026-04-01 13:00:00,Lab_202_PC003,In Use,AnonUser_0107,75
2026-04-01 13:00:00,Lab_202_PC004,In Use,AnonUser_0094,15
2026-04-01 13:00:00,Lab_202_PC005,In Use,AnonUser_0002,45
2026-04-01 13:00:00,Lab_202_PC006,In Use,AnonUser_0072,210
2026-04-01 13:00:00,Lab_202_PC007,In Use,AnonUser_0161,90
2026-04-01 13:00:00,Lab_202_PC008,In Use,AnonUser_0062,210
2026-04-01 13:00:00,Lab_202_PC009,Idle,AnonUser_0007,30
2026-04-01 13:00:00,Lab_202_PC010,In Use,AnonUser_0051,90
2026-04-01 13:00:00,Lab_202_PC011,In Use,AnonUser_0115,45
2026-04-01 13:00:00,Lab_202_PC012,Idle,AnonUser_0157,105
2026-04-01 13:00:00,Lab_202_PC013,In Use,AnonUser_0017,30
2026-04-01 13:00:00,Lab_202_PC014,In Use,AnonUser_0137,165
2026-04-01 13:00:00,Lab_202_PC015,In Use,AnonUser_0022,75
2026-04-01 13:00:00,Lab_202_PC016,Idle,AnonUser_0108,45
2026-04-01 13:00:00,Lab_202_PC017,In Use,AnonUser_0125,15
2026-04-01 13:00:00,Lab_202_PC018,Idle,AnonUser_0178,195
2026-04-01 13:00:00,Lab_202_PC019,In Use,AnonUser_0001,0
2026-04-01 13:00:00,Lab_202_PC020,In Use,AnonUser_0049,165
2026-04-01 13:00:00,Lab_202_PC021,In Use,AnonUser_0042,150
2026-04-01 13:00:00,Lab_202_PC022,Idle,AnonUser_0027,90
2026-04-01 13:00:00,Lab_202_PC023,In Use,AnonUser_0130,75
2026-04-01 13:00:00,Lab_202_PC024,In Use,AnonUser_0165,90
2026-04-01 13:00:00,Lab_202_PC025,In Use,AnonUser_0069,15
2026-04-01 13:00:00,Lab_202_PC026,Idle,AnonUser_0083,195
2026-04-01 13:00:00,Lab_202_PC027,In Use,AnonUser_0103,90
2026-04-01 13:00:00,Lab_202_PC028,In Use,AnonUser_0006,15
2026-04-01 13:00:00,Lab_202_PC029,In Use,AnonUser_0129,15
2026-04-01 13:00:00,Lab_202_PC030,In Use,AnonUser_0112,90
2026-04-01 13:00:00,Lab_206_PC031,Idle,AnonUser_0117,165
2026-04-01 13:00:00,Lab_206_PC032,In Use,AnonUser_0105,150
2026-04-01 13:00:00,Lab_206_PC033,In Use,AnonUser_0032,45
2026-04-01 13:00:00,Lab_206_PC034,In Use,AnonUser_0163,0
2026-04-01 13:00:00,Lab_206_PC035,In Use,AnonUser_0087,15
2026-04-01 13:00:00,Lab_206_PC036,In Use,AnonUser_0052,0
2026-04-01 13:00:00,Lab_206_PC037,In Use,AnonUser_0134,105
2026-04-01 13:00:00,Lab_206_PC038,In Use,AnonUser_0040,210
2026-04-01 13:00:00,Lab_206_PC039,In Use,AnonUser_0121,45
2026-04-01 13:00:00,Lab_206_PC040,Idle,AnonUser_0030,30
2026-04-01 13:00:00,Lab_206_PC041,In Use,AnonUser_0003,90
2026-04-01 13:00:00,Lab_206_PC042,In Use,AnonUser_0095,120
2026-04-01 13:00:00,Lab_206_PC043,In Use,AnonUser_0026,0
2026-04-01 13:00:00,Lab_206_PC044,In Use,AnonUser_0174,30
2026-04-01 13:00:00,Lab_206_PC045,Idle,AnonUser_0118,75
2026-04-01 13:00:00,Lab_206_PC046,In Use,AnonUser_0019,15
2026-04-01 13:00:00,Lab_206_PC047,In Use,AnonUser_0141,105
2026-04-01 13:00:00,Lab_206_PC048,Idle,AnonUser_0099,45
2026-04-01 13:00:00,Lab_206_PC049,In Use,AnonUser_0153,15
2026-04-01 13:00:00,Lab_206_PC050,In Use,AnonUser_0065,45
2026-04-01 13:00:00,Lab_206_PC051,In Use,AnonUser_0124,30
2026-04-01 13:00:00,Lab_206_PC052,In Use,AnonUser_0179,30
2026-04-01 13:00:00,Lab_206_PC053,Idle,AnonUser_0151,150
2026-04-01 13:00:00,Lab_206_PC054,In Use,AnonUser_0172,90
2026-04-01 13:00:00,Lab_206_PC055,In Use,AnonUser_0068,0
2026-04-01 13:00:00,Lab_206_PC056,In Use,AnonUser_0035,30
2026-04-01 13:00:00,Lab_206_PC057,In Use,AnonUser_0148,45
2026-04-01 13:00:00,Lab_206_PC058,In Use,AnonUser_0067,135
2026-04-01 13:00:00,Lab_206_PC059,In Use,AnonUser_0171,105
2026-04-01 13:00:00,Lab_206_PC060,In Use,AnonUser_0093,45
2026-04-01 13:00:00,Lab_210_PC061,In Use,AnonUser_0131,30
2026-04-01 13:00:00,Lab_210_PC062,In Use,AnonUser_0159,90
2026-04-01 13:00:00,Lab_210_PC063,In Use,AnonUser_0029,45
2026-04-01 13:00:00,Lab_210_PC064,In Use,AnonUser_0010,135
2026-04-01 13:00:00,Lab_210_PC065,In Use,AnonUser_0050,60
2026-04-01 13:00:00,Lab_210_PC066,In Use,AnonUser_0061,0
2026-04-01 13:00:00,Lab_210_PC067,In Use,AnonUser_0044,15
2026-04-01 13:00:00,Lab_210_PC068,Idle,AnonUser_0089,30
2026-04-01 13:00:00,Lab_210_PC069,In Use,AnonUser_0123,0
2026-04-01 13:00:00,Lab_210_PC070,Idle,AnonUser_0056,0
2026-04-01 13:00:00,Lab_210_PC071,Idle,AnonUser_0160,15
2026-04-01 13:00:00,Lab_210_PC072,In Use,AnonUser_0060,90
2026-04-01 13:00:00,Lab_210_PC073,In Use,AnonUser_0110,165
2026-04-01 13:00:00,Lab_210_PC074,Idle,AnonUser_0082,0
2026-04-01 13:00:00,Lab_210_PC075,In Use,AnonUser_0167,210
2026-04-01 13:00:00,Lab_210_PC076,In Use,AnonUser_0008,165
2026-04-01 13:00:00,Lab_210_PC077,In Use,AnonUser_0132,60
2026-04-01 13:00:00,Lab_210_PC078,In Use,AnonUser_0154,180
2026-04-01 13:00:00,Lab_210_PC079,In Use,AnonUser_0015,15
2026-04-01 13:00:00,Lab_210_PC080,In Use,AnonUser_0023,165
2026-04-01 13:00:00,Lab_210_PC081,In Use,AnonUser_0113,75
2026-04-01 13:00:00,Lab_219_PC082,In Use,AnonUser_0133,150
2026-04-01 13:00:00,Lab_219_PC083,In Use,AnonUser_0058,15
2026-04-01 13:00:00,Lab_219_PC084,In Use,AnonUser_0011,120
2026-04-01 13:00:00,Lab_219_PC085,In Use,AnonUser_0156,0
2026-04-01 13:00:00,Lab_219_PC086,In Use,AnonUser_0037,75
2026-04-01 13:00:00,Lab_219_PC087,In Use,AnonUser_0081,15
2026-04-01 13:00:00,Lab_219_PC088,In Use,AnonUser_0059,60
2026-04-01 13:00:00,Lab_219_PC089,In Use,AnonUser_0122,105
2026-04-01 13:00:00,Lab_219_PC090,Idle,AnonUser_0043,45
2026-04-01 13:00:00,Lab_219_PC091,Idle,AnonUser_0142,45
2026-04-01 13:00:00,Lab_219_PC092,In Use,AnonUser_0036,15
2026-04-01 13:00:00,Lab_219_PC093,In Use,AnonUser_0053,45
2026-04-01 13:00:00,Lab_219_PC094,In Use,AnonUser_0057,15
2026-04-01 13:00:00,Lab_219_PC095,In Use,AnonUser_0177,60
2026-04-01 13:00:00,Lab_219_PC096,In Use,AnonUser_0046,75
2026-04-01 13:00:00,Lab_219_PC097,In Use,AnonUser_0147,30
2026-04-01 13:00:00,Lab_219_PC098,Idle,AnonUser_0098,30
2026-04-01 13:00:00,Lab_219_PC099,In Use,AnonUser_0009,60
2026-04-01 13:00:00,Lab_219_PC100,Idle,AnonUser_0024,0
2026-04-01 13:00:00,Lab_219_PC101,In Use,AnonUser_0173,75
2026-04-01 13:00:00,Lab_219_PC102,In Use,AnonUser_0085,30
2026-04-01 13:00:00,Lab_219_PC103,Idle,AnonUser_0116,165
2026-04-01 13:00:00,Lab_219_PC104,In Use,AnonUser_0048,150
2026-04-01 13:00:00,Lab_219_PC105,In Use,AnonUser_0169,90
2026-04-01 13:00:00,Lab_219_PC106,Idle,AnonUser_0149,15
2026-04-01 13:00:00,Lab_219_PC107,In Use,AnonUser_0162,30
2026-04-01 13:00:00,Lab_219_PC108,In Use,AnonUser_0146,60
2026-04-01 13:00:00,Lab_219_PC109,In Use,AnonUser_0168,30
2026-04-01 13:00:00,Lab_219_PC110,In Use,AnonUser_0150,15
2026-04-01 13:00:00,Lab_219_PC111,In Use,AnonUser_0091,180
2026-04-01 13:00:00,Lab_219_PC112,In Use,AnonUser_0021,0
2026-04-01 13:00:00,Lab_219_PC113,In Use,AnonUser_0096,195
2026-04-01 13:00:00,Lab_219_PC114,In Use,AnonUser_0033,0
2026-04-01 13:00:00,Lab_219_PC115,In Use,AnonUser_0077,75
2026-04-01 13:00:00,Lab_219_PC116,In Use,AnonUser_0126,120
2026-04-01 13:00:00,Lab_219_PC117,Idle,AnonUser_0039,45
2026-04-01 13:00:00,Lab_219_PC118,In Use,AnonUser_0080,15
2026-04-01 13:00:00,Lab_219_PC119,In Use,AnonUser_0090,0
2026-04-01 13:00:00,Lab_219_PC120,In Use,AnonUser_0144,30
2026-04-01 13:00:00,Lab_219_PC121,In Use,AnonUser_0028,45
2026-04-01 13:00:00,Lab_219_PC122,In Use,AnonUser_0166,60
2026-04-01 13:00:00,Lab_219_PC123,In Use,AnonUser_0175,15
2026-04-01 13:00:00,Lab_219_PC124,In Use,AnonUser_0066,45
2026-04-01 13:00:00,Lab_219_PC125,In Use,AnonUser_0176,15
2026-04-01 13:00:00,Lab_219_PC126,Idle,AnonUser_0135,75
2026-04-01 13:00:00,Lab_219_PC127,In Use,AnonUser_0013,120
2026-04-01 13:00:00,Lab_219_PC128,In Use,AnonUser_0119,60
2026-04-01 13:00:00,Lab_219_PC129,In Use,AnonUser_0047,15
2026-04-01 13:00:00,Lab_219_PC130,In Use,AnonUser_0076,210
2026-04-01 13:00:00,Lab_219_PC131,In Use,AnonUser_0038,195
2026-04-01 13:00:00,Lab_219_PC132,In Use,AnonUser_0086,60
2026-04-01 13:00:00,Lab_219_PC133,In Use,AnonUser_0100,45
2026-04-01 13:00:00,Lab_219_PC134,Idle,AnonUser_0088,30
2026-04-01 13:00:00,Lab_219_PC135,In Use,AnonUser_0111,60
2026-04-01 13:00:00,Lab_219_PC136,Idle,AnonUser_0079,75
2026-04-01 13:00:00,Lab_219_PC137,In Use,AnonUser_0064,195
2026-04-01 13:00:00,Lab_219_PC138,In Use,AnonUser_0104,90
2026-04-01 13:00:00,Lab_219_PC139,In Use,AnonUser_0097,210
2026-04-01 13:00:00,Lab_219_PC140,Idle,AnonUser_0070,45
2026-04-01 13:00:00,Lab_219_PC141,In Use,AnonUser_0120,45
2026-04-01 13:00:00,Lab_219_PC142,In Use,AnonUser_0063,30
2026-04-01 13:00:00,Lab_219_PC143,In Use,AnonUser_0084,105
2026-04-01 13:00:00,Lab_219_PC144,In Use,AnonUser_0055,0
2026-04-01 13:00:00,Lab_219_PC145,In Use,AnonUser_0128,90
2026-04-01 13:00:00,Lab_219_PC146,In Use,AnonUser_0041,30
2026-04-01 13:00:00,Lab_219_PC147,In Use,AnonUser_0073,105
2026-04-01 13:00:00,Lab_219_PC148,In Use,AnonUser_0145,0
2026-04-01 13:00:00,Lab_219_PC149,In Use,AnonUser_0127,165
2026-04-01 13:00:00,Lab_219_PC150,In Use,AnonUser_0025,120
2026-04-01 13:00:00,Lab_219_PC151,In Use,AnonUser_0139,75
2026-04-01 13:00:00,Lab_219_PC152,In Use,AnonUser_0078,15
2026-04-01 13:00:00,Lab_219_PC153,In Use,AnonUser_0071,60
2026-04-01 13:00:00,Lab_219_PC154,In Use,AnonUser_0054,135
2026-04-01 13:00:00,Lab_219_PC155,In Use,AnonUser_0155,105
2026-04-01 13:00:00,Lab_219_PC156,In Use,AnonUser_0152,60
2026-04-01 13:00:00,Lab_219_PC157,In Use,AnonUser_0092,165
2026-04-01 13:00:00,Lab_219_PC158,In Use,AnonUser_0016,45
2026-04-01 13:00:00,Lab_219_PC159,In Use,AnonUser_0109,30
2026-04-01 13:00:00,Lab_219_PC160,In Use,AnonUser_0143,105
2026-04-01 13:00:00,Lab_219_PC161,In Use,AnonUser_0045,150
2026-04-01 13:00:00,Lab_219_PC162,In Use,AnonUser_0014,15
2026-04-01 13:00:00,Lab_219_PC163,In Use,AnonUser_0140,60
2026-04-01 13:00:00,Lab_219_PC164,In Use,AnonUser_0101,105
2026-04-01 13:00:00,Lab_219_PC165,In Use,AnonUser_0005,0
2026-04-01 13:00:00,Lab_219_PC166,In Use,AnonUser_0018,120
2026-04-01 13:00:00,Lab_219_PC167,Idle,AnonUser_0074,105
2026-04-01 13:00:00,Lab_219_PC168,In Use,AnonUser_0164,75
2026-04-01 13:00:00,Lab_219_PC169,In Use,AnonUser_0138,90
2026-04-01 13:00:00,Lab_219_PC170,Idle,AnonUser_0034,105
2026-04-01 13:00:00,Lab_219_PC171,In Use,AnonUser_0004,15
2026-04-01 13:00:00,Lab_219_PC172,In Use,AnonUser_0158,135
2026-04-01 13:00:00,Lab_219_PC173,In Use,AnonUser_0012,0
2026-04-01 13:00:00,Lab_219_PC174,In Use,AnonUser_0075,30
2026-04-01 13:00:00,Lab_219_PC175,In Use,AnonUser_0031,60
2026-04-01 13:00:00,Lab_219_PC176,In Use,AnonUser_0114,90
2026-04-01 13:00:00,Lab_219_PC177,In Use,AnonUser_0020,165
2026-04-01 13:00:00,Lab_219_PC178,In Use,AnonUser_0102,105
2026-04-01 13:00:00,Lab_219_PC179,Idle,AnonUser_0170,75
2026-04-01 13:15:00,Lab_202_PC001,Idle,AnonUser_0136,15
2026-04-01 13:15:00,Lab_202_PC002,In Use,AnonUser_0106,135
2026-04-01 13:15:00,Lab_202_PC003,In Use,AnonUser_0107,60
2026-04-01 13:15:00,Lab_202_PC004,Idle,AnonUser_0094,0
2026-04-01 13:15:00,Lab_202_PC005,In Use,AnonUser_0002,30
2026-04-01 13:15:00,Lab_202_PC006,Idle,AnonUser_0072,195
2026-04-01 13:15:00,Lab_202_PC007,In Use,AnonUser_0161,75
2026-04-01 13:15:00,Lab_202_PC008,In Use,AnonUser_0062,195
2026-04-01 13:15:00,Lab_202_PC009,Idle,AnonUser_0007,15
2026-04-01 13:15:00,Lab_202_PC010,In Use,AnonUser_0051,75
2026-04-01 13:15:00,Lab_202_PC011,In Use,AnonUser_0115,30
2026-04-01 13:15:00,Lab_202_PC012,Idle,AnonUser_0157,90
2026-04-01 13:15:00,Lab_202_PC013,In Use,AnonUser_0017,15
2026-04-01 13:15:00,Lab_202_PC014,In Use,AnonUser_0137,150
2026-04-01 13:15:00,Lab_202_PC015,Idle,AnonUser_0022,60
2026-04-01 13:15:00,Lab_202_PC016,In Use,AnonUser_0108,30
2026-04-01 13:15:00,Lab_202_PC017,Idle,AnonUser_0125,0
2026-04-01 13:15:00,Lab_202_PC018,Idle,AnonUser_0178,180
2026-04-01 13:15:00,Lab_202_PC019,Idle,AnonUser_0001,105
2026-04-01 13:15:00,Lab_202_PC020,Idle,AnonUser_0049,150
2026-04-01 13:15:00,Lab_202_PC021,In Use,AnonUser_0042,135
2026-04-01 13:15:00,Lab_202_PC022,In Use,AnonUser_0027,75
2026-04-01 13:15:00,Lab_202_PC023,In Use,AnonUser_0130,60
2026-04-01 13:15:00,Lab_202_PC024,Idle,AnonUser_0165,75
2026-04-01 13:15:00,Lab_202_PC025,Idle,AnonUser_0069,0
2026-04-01 13:15:00,Lab_202_PC026,In Use,AnonUser_0083,180
2026-04-01 13:15:00,Lab_202_PC027,In Use,AnonUser_0103,75
2026-04-01 13:15:00,Lab_202_PC028,In Use,AnonUser_0006,0
2026-04-01 13:15:00,Lab_202_PC029,In Use,AnonUser_0129,0
2026-04-01 13:15:00,Lab_202_PC030,Idle,AnonUser_0112,75
2026-04-01 13:15:00,Lab_206_PC031,In Use,AnonUser_0117,150
2026-04-01 13:15:00,Lab_206_PC032,In Use,AnonUser_0105,135
2026-04-01 13:15:00,Lab_206_PC033,In Use,AnonUser_0032,30
2026-04-01 13:15:00,Lab_206_PC034,In Use,AnonUser_0163,60
2026-04-01 13:15:00,Lab_206_PC035,In Use,AnonUser_0087,0
2026-04-01 13:15:00,Lab_206_PC036,In Use,AnonUser_0052,120
2026-04-01 13:15:00,Lab_206_PC037,In Use,AnonUser_0134,90
2026-04-01 13:15:00,Lab_206_PC038,In Use,AnonUser_0040,195
2026-04-01 13:15:00,Lab_206_PC039,In Use,AnonUser_0121,30
2026-04-01 13:15:00,Lab_206_PC040,In Use,AnonUser_0030,15
2026-04-01 13:15:00,Lab_206_PC041,In Use,AnonUser_0003,75
2026-04-01 13:15:00,Lab_206_PC042,In Use,AnonUser_0095,105
2026-04-01 13:15:00,Lab_206_PC043,Idle,AnonUser_0026,210
2026-04-01 13:15:00,Lab_206_PC044,In Use,AnonUser_0174,15
2026-04-01 13:15:00,Lab_206_PC045,In Use,AnonUser_0118,60
2026-04-01 13:15:00,Lab_206_PC046,In Use,AnonUser_0019,0
2026-04-01 13:15:00,Lab_206_PC047,In Use,AnonUser_0141,90
2026-04-01 13:15:00,Lab_206_PC048,In Use,AnonUser_0099,30
2026-04-01 13:15:00,Lab_206_PC049,In Use,AnonUser_0153,0
2026-04-01 13:15:00,Lab_206_PC050,Idle,AnonUser_0065,30
2026-04-01 13:15:00,Lab_206_PC051,In Use,AnonUser_0124,15
2026-04-01 13:15:00,Lab_206_PC052,In Use,AnonUser_0179,15
2026-04-01 13:15:00,Lab_206_PC053,In Use,AnonUser_0151,135
2026-04-01 13:15:00,Lab_206_PC054,In Use,AnonUser_0172,75
2026-04-01 13:15:00,Lab_206_PC055,In Use,AnonUser_0068,0
2026-04-01 13:15:00,Lab_206_PC056,In Use,AnonUser_0035,15
2026-04-01 13:15:00,Lab_206_PC057,In Use,AnonUser_0148,30
2026-04-01 13:15:00,Lab_206_PC058,In Use,AnonUser_0067,120
2026-04-01 13:15:00,Lab_206_PC059,In Use,AnonUser_0171,90
2026-04-01 13:15:00,Lab_206_PC060,In Use,AnonUser_0093,30
2026-04-01 13:15:00,Lab_210_PC061,In Use,AnonUser_0131,15
2026-04-01 13:15:00,Lab_210_PC062,In Use,AnonUser_0159,75
2026-04-01 13:15:00,Lab_210_PC063,In Use,AnonUser_0029,30
2026-04-01 13:15:00,Lab_210_PC064,In Use,AnonUser_0010,120
2026-04-01 13:15:00,Lab_210_PC065,In Use,AnonUser_0050,45
2026-04-01 13:15:00,Lab_210_PC066,In Use,AnonUser_0061,120
2026-04-01 13:15:00,Lab_210_PC067,In Use,AnonUser_0044,0
2026-04-01 13:15:00,Lab_210_PC068,In Use,AnonUser_0089,15
2026-04-01 13:15:00,Lab_210_PC069,In Use,AnonUser_0123,135
2026-04-01 13:15:00,Lab_210_PC070,In Use,AnonUser_0056,30
2026-04-01 13:15:00,Lab_210_PC071,In Use,AnonUser_0160,0
2026-04-01 13:15:00,Lab_210_PC072,In Use,AnonUser_0060,75
2026-04-01 13:15:00,Lab_210_PC073,In Use,AnonUser_0110,150
2026-04-01 13:15:00,Lab_210_PC074,In Use,AnonUser_0082,120
2026-04-01 13:15:00,Lab_210_PC075,In Use,AnonUser_0167,195
2026-04-01 13:15:00,Lab_210_PC076,In Use,AnonUser_0008,150
2026-04-01 13:15:00,Lab_210_PC077,In Use,AnonUser_0132,45
2026-04-01 13:15:00,Lab_210_PC078,In Use,AnonUser_0154,165
2026-04-01 13:15:00,Lab_210_PC079,In Use,AnonUser_0015,0
2026-04-01 13:15:00,Lab_210_PC080,In Use,AnonUser_0023,150
2026-04-01 13:15:00,Lab_210_PC081,Idle,AnonUser_0113,60
2026-04-01 13:15:00,Lab_219_PC082,Idle,AnonUser_0133,135
2026-04-01 13:15:00,Lab_219_PC083,In Use,AnonUser_0058,0
2026-04-01 13:15:00,Lab_219_PC084,In Use,AnonUser_0011,105
2026-04-01 13:15:00,Lab_219_PC085,Offline,N/A,N/A
2026-04-01 13:15:00,Lab_219_PC086,In Use,AnonUser_0037,60
2026-04-01 13:15:00,Lab_219_PC087,In Use,AnonUser_0081,0
2026-04-01 13:15:00,Lab_219_PC088,Idle,AnonUser_0059,45
2026-04-01 13:15:00,Lab_219_PC089,In Use,AnonUser_0122,90
2026-04-01 13:15:00,Lab_219_PC090,In Use,AnonUser_0043,30
2026-04-01 13:15:00,Lab_219_PC091,In Use,AnonUser_0142,30
2026-04-01 13:15:00,Lab_219_PC092,In Use,AnonUser_0036,0
2026-04-01 13:15:00,Lab_219_PC093,In Use,AnonUser_0053,30
2026-04-01 13:15:00,Lab_219_PC094,In Use,AnonUser_0057,0
2026-04-01 13:15:00,Lab_219_PC095,In Use,AnonUser_0177,45
2026-04-01 13:15:00,Lab_219_PC096,In Use,AnonUser_0046,60
2026-04-01 13:15:00,Lab_219_PC097,In Use,AnonUser_0147,15
2026-04-01 13:15:00,Lab_219_PC098,In Use,AnonUser_0098,15
2026-04-01 13:15:00,Lab_219_PC099,In Use,AnonUser_0009,45
2026-04-01 13:15:00,Lab_219_PC100,In Use,AnonUser_0156,30
2026-04-01 13:15:00,Lab_219_PC101,Idle,AnonUser_0173,60
2026-04-01 13:15:00,Lab_219_PC102,In Use,AnonUser_0085,15
2026-04-01 13:15:00,Lab_219_PC103,In Use,AnonUser_0116,150
2026-04-01 13:15:00,Lab_219_PC104,In Use,AnonUser_0048,135
2026-04-01 13:15:00,Lab_219_PC105,In Use,AnonUser_0169,75
2026-04-01 13:15:00,Lab_219_PC106,In Use,AnonUser_0149,0
2026-04-01 13:15:00,Lab_219_PC107,In Use,AnonUser_0162,15
2026-04-01 13:15:00,Lab_219_PC108,In Use,AnonUser_0146,45
2026-04-01 13:15:00,Lab_219_PC109,In Use,AnonUser_0168,15
2026-04-01 13:15:00,Lab_219_PC110,Idle,AnonUser_0150,0
2026-04-01 13:15:00,Lab_219_PC111,In Use,AnonUser_0091,165
2026-04-01 13:15:00,Lab_219_PC112,In Use,AnonUser_0024,0
2026-04-01 13:15:00,Lab_219_PC113,In Use,AnonUser_0096,180
2026-04-01 13:15:00,Lab_219_PC114,In Use,AnonUser_0033,210
2026-04-01 13:15:00,Lab_219_PC115,In Use,AnonUser_0077,60
2026-04-01 13:15:00,Lab_219_PC116,In Use,AnonUser_0126,105
2026-04-01 13:15:00,Lab_219_PC117,In Use,AnonUser_0039,30
2026-04-01 13:15:00,Lab_219_PC118,Idle,AnonUser_0080,0
2026-04-01 13:15:00,Lab_219_PC119,In Use,AnonUser_0021,45
2026-04-01 13:15:00,Lab_219_PC120,In Use,AnonUser_0144,15
2026-04-01 13:15:00,Lab_219_PC121,In Use,AnonUser_0028,30
2026-04-01 13:15:00,Lab_219_PC122,Idle,AnonUser_0166,45
2026-04-01 13:15:00,Lab_219_PC123,In Use,AnonUser_0175,0
2026-04-01 13:15:00,Lab_219_PC124,In Use,AnonUser_0066,30
2026-04-01 13:15:00,Lab_219_PC125,In Use,AnonUser_0176,0
2026-04-01 13:15:00,Lab_219_PC126,In Use,AnonUser_0135,60
2026-04-01 13:15:00,Lab_219_PC127,In Use,AnonUser_0013,105
2026-04-01 13:15:00,Lab_219_PC128,In Use,AnonUser_0119,45
2026-04-01 13:15:00,Lab_219_PC129,In Use,AnonUser_0047,0
2026-04-01 13:15:00,Lab_219_PC130,In Use,AnonUser_0076,195
2026-04-01 13:15:00,Lab_219_PC131,In Use,AnonUser_0038,180
2026-04-01 13:15:00,Lab_219_PC132,In Use,AnonUser_0086,45
2026-04-01 13:15:00,Lab_219_PC133,In Use,AnonUser_0100,30
2026-04-01 13:15:00,Lab_219_PC134,In Use,AnonUser_0088,15
2026-04-01 13:15:00,Lab_219_PC135,In Use,AnonUser_0111,45
2026-04-01 13:15:00,Lab_219_PC136,In Use,AnonUser_0079,60
2026-04-01 13:15:00,Lab_219_PC137,In Use,AnonUser_0064,180
2026-04-01 13:15:00,Lab_219_PC138,In Use,AnonUser_0104,75
2026-04-01 13:15:00,Lab_219_PC139,In Use,AnonUser_0097,195
2026-04-01 13:15:00,Lab_219_PC140,In Use,AnonUser_0070,30
2026-04-01 13:15:00,Lab_219_PC141,In Use,AnonUser_0120,30
2026-04-01 13:15:00,Lab_219_PC142,Idle,AnonUser_0063,15
2026-04-01 13:15:00,Lab_219_PC143,In Use,AnonUser_0084,90
2026-04-01 13:15:00,Lab_219_PC144,In Use,AnonUser_0055,150
2026-04-01 13:15:00,Lab_219_PC145,In Use,AnonUser_0128,75
2026-04-01 13:15:00,Lab_219_PC146,In Use,AnonUser_0041,15
2026-04-01 13:15:00,Lab_219_PC147,In Use,AnonUser_0073,90
2026-04-01 13:15:00,Lab_219_PC148,In Use,AnonUser_0090,0
2026-04-01 13:15:00,Lab_219_PC149,Idle,AnonUser_0127,150
2026-04-01 13:15:00,Lab_219_PC150,In Use,AnonUser_0025,105
2026-04-01 13:15:00,Lab_219_PC151,In Use,AnonUser_0139,60
2026-04-01 13:15:00,Lab_219_PC152,In Use,AnonUser_0078,0
2026-04-01 13:15:00,Lab_219_PC153,In Use,AnonUser_0071,45
2026-04-01 13:15:00,Lab_219_PC154,In Use,AnonUser_0054,120
2026-04-01 13:15:00,Lab_219_PC155,In Use,AnonUser_0155,90
2026-04-01 13:15:00,Lab_219_PC156,In Use,AnonUser_0152,45
2026-04-01 13:15:00,Lab_219_PC157,In Use,AnonUser_0092,150
2026-04-01 13:15:00,Lab_219_PC158,In Use,AnonUser_0016,30
2026-04-01 13:15:00,Lab_219_PC159,Idle,AnonUser_0109,15
2026-04-01 13:15:00,Lab_219_PC160,In Use,AnonUser_0143,90
2026-04-01 13:15:00,Lab_219_PC161,In Use,AnonUser_0045,135
2026-04-01 13:15:00,Lab_219_PC162,Idle,AnonUser_0014,0
2026-04-01 13:15:00,Lab_219_PC163,Idle,AnonUser_0140,45
2026-04-01 13:15:00,Lab_219_PC164,In Use,AnonUser_0101,90
2026-04-01 13:15:00,Lab_219_PC165,Idle,AnonUser_0145,75
2026-04-01 13:15:00,Lab_219_PC166,In Use,AnonUser_0018,105
2026-04-01 13:15:00,Lab_219_PC167,In Use,AnonUser_0074,90
2026-04-01 13:15:00,Lab_219_PC168,In Use,AnonUser_0164,60
2026-04-01 13:15:00,Lab_219_PC169,In Use,AnonUser_0138,75
2026-04-01 13:15:00,Lab_219_PC170,In Use,AnonUser_0034,90
2026-04-01 13:15:00,Lab_219_PC171,In Use,AnonUser_0004,0
2026-04-01 13:15:00,Lab_219_PC172,In Use,AnonUser_0158,120
2026-04-01 13:15:00,Lab_219_PC173,Idle,AnonUser_0005,90
2026-04-01 13:15:00,Lab_219_PC174,In Use,AnonUser_0075,15
2026-04-01 13:15:00,Lab_219_PC175,In Use,AnonUser_0031,45
2026-04-01 13:15:00,Lab_219_PC176,In Use,AnonUser_0114,75
2026-04-01 13:15:00,Lab_219_PC177,In Use,AnonUser_0020,150
2026-04-01 13:15:00,Lab_219_PC178,In Use,AnonUser_0102,90
2026-04-01 13:15:00,Lab_219_PC179,In Use,AnonUser_0170,60
2026-04-01 13:30:00,Lab_202_PC001,In Use,AnonUser_0136,0
2026-04-01 13:30:00,Lab_202_PC002,In Use,AnonUser_0106,120
2026-04-01 13:30:00,Lab_202_PC003,In Use,AnonUser_0107,45
2026-04-01 13:30:00,Lab_202_PC004,In Use,AnonUser_0094,75
2026-04-01 13:30:00,Lab_202_PC005,In Use,AnonUser_0002,15
2026-04-01 13:30:00,Lab_202_PC006,In Use,AnonUser_0072,180
2026-04-01 13:30:00,Lab_202_PC007,In Use,AnonUser_0161,60
2026-04-01 13:30:00,Lab_202_PC008,In Use,AnonUser_0062,180
2026-04-01 13:30:00,Lab_202_PC009,In Use,AnonUser_0007,0
2026-04-01 13:30:00,Lab_202_PC010,In Use,AnonUser_0051,60
2026-04-01 13:30:00,Lab_202_PC011,In Use,AnonUser_0115,15
2026-04-01 13:30:00,Lab_202_PC012,Idle,AnonUser_0157,75
2026-04-01 13:30:00,Lab_202_PC013,In Use,AnonUser_0017,0
2026-04-01 13:30:00,Lab_202_PC014,In Use,AnonUser_0137,135
2026-04-01 13:30:00,Lab_202_PC015,In Use,AnonUser_0022,45
2026-04-01 13:30:00,Lab_202_PC016,In Use,AnonUser_0108,15
2026-04-01 13:30:00,Lab_202_PC017,In Use,AnonUser_0125,180
2026-04-01 13:30:00,Lab_202_PC018,In Use,AnonUser_0178,165
2026-04-01 13:30:00,Lab_202_PC019,In Use,AnonUser_0001,90
2026-04-01 13:30:00,Lab_202_PC020,In Use,AnonUser_0049,135
2026-04-01 13:30:00,Lab_202_PC021,In Use,AnonUser_0042,120
2026-04-01 13:30:00,Lab_202_PC022,In Use,AnonUser_0027,60
2026-04-01 13:30:00,Lab_202_PC023,In Use,AnonUser_0130,45
2026-04-01 13:30:00,Lab_202_PC024,In Use,AnonUser_0165,60
2026-04-01 13:30:00,Lab_202_PC025,In Use,AnonUser_0012,180
2026-04-01 13:30:00,Lab_202_PC026,In Use,AnonUser_0083,165
2026-04-01 13:30:00,Lab_202_PC027,In Use,AnonUser_0103,60
2026-04-01 13:30:00,Lab_202_PC028,In Use,AnonUser_0069,90
2026-04-01 13:30:00,Lab_202_PC029,Idle,AnonUser_0129,120
2026-04-01 13:30:00,Lab_202_PC030,In Use,AnonUser_0112,60
2026-04-01 13:30:00,Lab_206_PC031,Idle,AnonUser_0117,135
2026-04-01 13:30:00,Lab_206_PC032,In Use,AnonUser_0105,120
2026-04-01 13:30:00,Lab_206_PC033,In Use,AnonUser_0032,15
2026-04-01 13:30:00,Lab_206_PC034,In Use,AnonUser_0163,45
2026-04-01 13:30:00,Lab_206_PC035,In Use,AnonUser_0087,225
2026-04-01 13:30:00,Lab_206_PC036,In Use,AnonUser_0052,105
2026-04-01 13:30:00,Lab_206_PC037,Idle,AnonUser_0134,75
2026-04-01 13:30:00,Lab_206_PC038,In Use,AnonUser_0040,180
2026-04-01 13:30:00,Lab_206_PC039,In Use,AnonUser_0121,15
2026-04-01 13:30:00,Lab_206_PC040,In Use,AnonUser_0030,0
2026-04-01 13:30:00,Lab_206_PC041,In Use,AnonUser_0003,60
2026-04-01 13:30:00,Lab_206_PC042,In Use,AnonUser_0095,90
2026-04-01 13:30:00,Lab_206_PC043,In Use,AnonUser_0026,195
2026-04-01 13:30:00,Lab_206_PC044,In Use,AnonUser_0174,0
2026-04-01 13:30:00,Lab_206_PC045,In Use,AnonUser_0118,45
2026-04-01 13:30:00,Lab_206_PC046,Offline,N/A,N/A
2026-04-01 13:30:00,Lab_206_PC047,In Use,AnonUser_0141,75
2026-04-01 13:30:00,Lab_206_PC048,Idle,AnonUser_0099,15
2026-04-01 13:30:00,Lab_206_PC049,In Use,AnonUser_0153,225
2026-04-01 13:30:00,Lab_206_PC050,Idle,AnonUser_0065,15
2026-04-01 13:30:00,Lab_206_PC051,In Use,AnonUser_0124,0
2026-04-01 13:30:00,Lab_206_PC052,In Use,AnonUser_0179,0
2026-04-01 13:30:00,Lab_206_PC053,In Use,AnonUser_0151,120
2026-04-01 13:30:00,Lab_206_PC054,In Use,AnonUser_0172,60
2026-04-01 13:30:00,Lab_206_PC055,Offline,N/A,N/A
2026-04-01 13:30:00,Lab_206_PC056,In Use,AnonUser_0035,0
2026-04-01 13:30:00,Lab_206_PC057,In Use,AnonUser_0148,15
2026-04-01 13:30:00,Lab_206_PC058,In Use,AnonUser_0067,105
2026-04-01 13:30:00,Lab_206_PC059,In Use,AnonUser_0171,75
2026-04-01 13:30:00,Lab_206_PC060,In Use,AnonUser_0093,15
2026-04-01 13:30:00,Lab_210_PC061,Idle,AnonUser_0131,0
2026-04-01 13:30:00,Lab_210_PC062,Idle,AnonUser_0159,60
2026-04-01 13:30:00,Lab_210_PC063,In Use,AnonUser_0029,15
2026-04-01 13:30:00,Lab_210_PC064,In Use,AnonUser_0010,105
2026-04-01 13:30:00,Lab_210_PC065,Idle,AnonUser_0050,30
2026-04-01 13:30:00,Lab_210_PC066,In Use,AnonUser_0061,105
2026-04-01 13:30:00,Lab_210_PC067,In Use,AnonUser_0019,135
2026-04-01 13:30:00,Lab_210_PC068,In Use,AnonUser_0089,0
2026-04-01 13:30:00,Lab_210_PC069,Idle,AnonUser_0123,120
2026-04-01 13:30:00,Lab_210_PC070,In Use,AnonUser_0056,15
2026-04-01 13:30:00,Lab_210_PC071,In Use,AnonUser_0068,120
2026-04-01 13:30:00,Lab_210_PC072,In Use,AnonUser_0060,60
2026-04-01 13:30:00,Lab_210_PC073,In Use,AnonUser_0110,135
2026-04-01 13:30:00,Lab_210_PC074,In Use,AnonUser_0082,105
2026-04-01 13:30:00,Lab_210_PC075,In Use,AnonUser_0167,180
2026-04-01 13:30:00,Lab_210_PC076,In Use,AnonUser_0008,135
2026-04-01 13:30:00,Lab_210_PC077,Idle,AnonUser_0132,30
2026-04-01 13:30:00,Lab_210_PC078,In Use,AnonUser_0154,150
2026-04-01 13:30:00,Lab_210_PC079,Idle,AnonUser_0015,90
2026-04-01 13:30:00,Lab_210_PC080,In Use,AnonUser_0023,135
2026-04-01 13:30:00,Lab_210_PC081,In Use,AnonUser_0113,45
2026-04-01 13:30:00,Lab_219_PC082,In Use,AnonUser_0133,120
2026-04-01 13:30:00,Lab_219_PC083,In Use,AnonUser_0006,195
2026-04-01 13:30:00,Lab_219_PC084,In Use,AnonUser_0011,90
2026-04-01 13:30:00,Lab_219_PC085,In Use,AnonUser_0044,0
2026-04-01 13:30:00,Lab_219_PC086,In Use,AnonUser_0037,45
2026-04-01 13:30:00,Lab_219_PC087,In Use,AnonUser_0081,120
2026-04-01 13:30:00,Lab_219_PC088,In Use,AnonUser_0059,30
2026-04-01 13:30:00,Lab_219_PC089,Idle,AnonUser_0122,75
2026-04-01 13:30:00,Lab_219_PC090,In Use,AnonUser_0043,15
2026-04-01 13:30:00,Lab_219_PC091,In Use,AnonUser_0142,15
2026-04-01 13:30:00,Lab_219_PC092,In Use,AnonUser_0036,105
2026-04-01 13:30:00,Lab_219_PC093,In Use,AnonUser_0053,15
2026-04-01 13:30:00,Lab_219_PC094,In Use,AnonUser_0160,90
2026-04-01 13:30:00,Lab_219_PC095,In Use,AnonUser_0177,30
2026-04-01 13:30:00,Lab_219_PC096,In Use,AnonUser_0046,45
2026-04-01 13:30:00,Lab_219_PC097,In Use,AnonUser_0147,0
2026-04-01 13:30:00,Lab_219_PC098,In Use,AnonUser_0098,0
2026-04-01 13:30:00,Lab_219_PC099,Idle,AnonUser_0009,30
2026-04-01 13:30:00,Lab_219_PC100,In Use,AnonUser_0156,15
2026-04-01 13:30:00,Lab_219_PC101,In Use,AnonUser_0173,45
2026-04-01 13:30:00,Lab_219_PC102,In Use,AnonUser_0085,0
2026-04-01 13:30:00,Lab_219_PC103,Idle,AnonUser_0116,135
2026-04-01 13:30:00,Lab_219_PC104,In Use,AnonUser_0048,120
2026-04-01 13:30:00,Lab_219_PC105,In Use,AnonUser_0169,60
2026-04-01 13:30:00,Lab_219_PC106,In Use,AnonUser_0057,45
2026-04-01 13:30:00,Lab_219_PC107,In Use,AnonUser_0162,0
2026-04-01 13:30:00,Lab_219_PC108,In Use,AnonUser_0146,30
2026-04-01 13:30:00,Lab_219_PC109,In Use,AnonUser_0168,0
2026-04-01 13:30:00,Lab_219_PC110,In Use,AnonUser_0058,15
2026-04-01 13:30:00,Lab_219_PC111,In Use,AnonUser_0091,150
2026-04-01 13:30:00,Lab_219_PC112,In Use,AnonUser_0024,195
2026-04-01 13:30:00,Lab_219_PC113,Idle,AnonUser_0096,165
2026-04-01 13:30:00,Lab_219_PC114,In Use,AnonUser_0033,195
2026-04-01 13:30:00,Lab_219_PC115,In Use,AnonUser_0077,45
2026-04-01 13:30:00,Lab_219_PC116,In Use,AnonUser_0126,90
2026-04-01 13:30:00,Lab_219_PC117,In Use,AnonUser_0039,15
2026-04-01 13:30:00,Lab_219_PC118,In Use,AnonUser_0149,150
2026-04-01 13:30:00,Lab_219_PC119,Idle,AnonUser_0021,30
2026-04-01 13:30:00,Lab_219_PC120,Idle,AnonUser_0144,0
2026-04-01 13:30:00,Lab_219_PC121,In Use,AnonUser_0028,15
2026-04-01 13:30:00,Lab_219_PC122,In Use,AnonUser_0166,30
2026-04-01 13:30:00,Lab_219_PC123,In Use,AnonUser_0175,45
2026-04-01 13:30:00,Lab_219_PC124,In Use,AnonUser_0066,15
2026-04-01 13:30:00,Lab_219_PC125,Idle,AnonUser_0150,90
2026-04-01 13:30:00,Lab_219_PC126,In Use,AnonUser_0135,45
2026-04-01 13:30:00,Lab_219_PC127,In Use,AnonUser_0013,90
2026-04-01 13:30:00,Lab_219_PC128,In Use,AnonUser_0119,30
2026-04-01 13:30:00,Lab_219_PC129,In Use,AnonUser_0176,210
2026-04-01 13:30:00,Lab_219_PC130,In Use,AnonUser_0076,180
2026-04-01 13:30:00,Lab_219_PC131,In Use,AnonUser_0038,165
2026-04-01 13:30:00,Lab_219_PC132,In Use,AnonUser_0086,30
2026-04-01 13:30:00,Lab_219_PC133,Idle,AnonUser_0100,15
2026-04-01 13:30:00,Lab_219_PC134,Idle,AnonUser_0088,0
2026-04-01 13:30:00,Lab_219_PC135,In Use,AnonUser_0111,30
2026-04-01 13:30:00,Lab_219_PC136,In Use,AnonUser_0079,45
2026-04-01 13:30:00,Lab_219_PC137,In Use,AnonUser_0064,165
2026-04-01 13:30:00,Lab_219_PC138,In Use,AnonUser_0104,60
2026-04-01 13:30:00,Lab_219_PC139,In Use,AnonUser_0097,180
2026-04-01 13:30:00,Lab_219_PC140,Idle,AnonUser_0070,15
2026-04-01 13:30:00,Lab_219_PC141,In Use,AnonUser_0120,15
2026-04-01 13:30:00,Lab_219_PC142,In Use,AnonUser_0063,0
2026-04-01 13:30:00,Lab_219_PC143,In Use,AnonUser_0084,75
2026-04-01 13:30:00,Lab_219_PC144,In Use,AnonUser_0055,135
2026-04-01 13:30:00,Lab_219_PC145,Idle,AnonUser_0128,60
2026-04-01 13:30:00,Lab_219_PC146,In Use,AnonUser_0041,0
2026-04-01 13:30:00,Lab_219_PC147,In Use,AnonUser_0073,75
2026-04-01 13:30:00,Lab_219_PC148,In Use,AnonUser_0080,0
2026-04-01 13:30:00,Lab_219_PC149,In Use,AnonUser_0127,135
2026-04-01 13:30:00,Lab_219_PC150,In Use,AnonUser_0025,90
2026-04-01 13:30:00,Lab_219_PC151,Idle,AnonUser_0139,45
2026-04-01 13:30:00,Lab_219_PC152,In Use,AnonUser_0090,60
2026-04-01 13:30:00,Lab_219_PC153,In Use,AnonUser_0071,30
2026-04-01 13:30:00,Lab_219_PC154,In Use,AnonUser_0054,105
2026-04-01 13:30:00,Lab_219_PC155,Idle,AnonUser_0155,75
2026-04-01 13:30:00,Lab_219_PC156,Idle,AnonUser_0152,30
2026-04-01 13:30:00,Lab_219_PC157,Idle,AnonUser_0092,135
2026-04-01 13:30:00,Lab_219_PC158,Idle,AnonUser_0016,15
2026-04-01 13:30:00,Lab_219_PC159,In Use,AnonUser_0109,0
2026-04-01 13:30:00,Lab_219_PC160,In Use,AnonUser_0143,75
2026-04-01 13:30:00,Lab_219_PC161,In Use,AnonUser_0045,120
2026-04-01 13:30:00,Lab_219_PC162,In Use,AnonUser_0078,180
2026-04-01 13:30:00,Lab_219_PC163,In Use,AnonUser_0140,30
2026-04-01 13:30:00,Lab_219_PC164,In Use,AnonUser_0101,75
2026-04-01 13:30:00,Lab_219_PC165,Idle,AnonUser_0145,60
2026-04-01 13:30:00,Lab_219_PC166,In Use,AnonUser_0018,90
2026-04-01 13:30:00,Lab_219_PC167,In Use,AnonUser_0074,75
2026-04-01 13:30:00,Lab_219_PC168,In Use,AnonUser_0164,45
2026-04-01 13:30:00,Lab_219_PC169,In Use,AnonUser_0138,60
2026-04-01 13:30:00,Lab_219_PC170,Idle,AnonUser_0034,75
2026-04-01 13:30:00,Lab_219_PC171,Offline,N/A,N/A
2026-04-01 13:30:00,Lab_219_PC172,In Use,AnonUser_0158,105
2026-04-01 13:30:00,Lab_219_PC173,In Use,AnonUser_0005,75
2026-04-01 13:30:00,Lab_219_PC174,In Use,AnonUser_0075,0
2026-04-01 13:30:00,Lab_219_PC175,In Use,AnonUser_0031,30
2026-04-01 13:30:00,Lab_219_PC176,In Use,AnonUser_0114,60
2026-04-01 13:30:00,Lab_219_PC177,In Use,AnonUser_0020,135
2026-04-01 13:30:00,Lab_219_PC178,In Use,AnonUser_0102,75
2026-04-01 13:30:00,Lab_219_PC179,In Use,AnonUser_0170,45
2026-04-01 13:45:00,Lab_202_PC001,In Use,AnonUser_0004,210
2026-04-01 13:45:00,Lab_202_PC002,Idle,AnonUser_0106,105
2026-04-01 13:45:00,Lab_202_PC003,In Use,AnonUser_0107,30
2026-04-01 13:45:00,Lab_202_PC004,In Use,AnonUser_0094,60
2026-04-01 13:45:00,Lab_202_PC005,In Use,AnonUser_0002,0
2026-04-01 13:45:00,Lab_202_PC006,In Use,AnonUser_0072,165
2026-04-01 13:45:00,Lab_202_PC007,In Use,AnonUser_0161,45
2026-04-01 13:45:00,Lab_202_PC008,In Use,AnonUser_0062,165
2026-04-01 13:45:00,Lab_202_PC009,In Use,AnonUser_0014,120
2026-04-01 13:45:00,Lab_202_PC010,Idle,AnonUser_0051,45
2026-04-01 13:45:00,Lab_202_PC011,In Use,AnonUser_0115,0
2026-04-01 13:45:00,Lab_202_PC012,In Use,AnonUser_0157,60
2026-04-01 13:45:00,Lab_202_PC013,In Use,AnonUser_0047,195
2026-04-01 13:45:00,Lab_202_PC014,In Use,AnonUser_0137,120
2026-04-01 13:45:00,Lab_202_PC015,In Use,AnonUser_0022,30
2026-04-01 13:45:00,Lab_202_PC016,In Use,AnonUser_0108,0
2026-04-01 13:45:00,Lab_202_PC017,In Use,AnonUser_0125,165
2026-04-01 13:45:00,Lab_202_PC018,In Use,AnonUser_0178,150
2026-04-01 13:45:00,Lab_202_PC019,In Use,AnonUser_0001,75
2026-04-01 13:45:00,Lab_202_PC020,In Use,AnonUser_0049,120
2026-04-01 13:45:00,Lab_202_PC021,In Use,AnonUser_0042,105
2026-04-01 13:45:00,Lab_202_PC022,In Use,AnonUser_0027,45
2026-04-01 13:45:00,Lab_202_PC023,In Use,AnonUser_0130,30
2026-04-01 13:45:00,Lab_202_PC024,In Use,AnonUser_0165,45
2026-04-01 13:45:00,Lab_202_PC025,In Use,AnonUser_0012,165
2026-04-01 13:45:00,Lab_202_PC026,In Use,AnonUser_0083,150
2026-04-01 13:45:00,Lab_202_PC027,In Use,AnonUser_0103,45
2026-04-01 13:45:00,Lab_202_PC028,In Use,AnonUser_0069,75
2026-04-01 13:45:00,Lab_202_PC029,In Use,AnonUser_0129,105
2026-04-01 13:45:00,Lab_202_PC030,Idle,AnonUser_0112,45
2026-04-01 13:45:00,Lab_206_PC031,In Use,AnonUser_0117,120
2026-04-01 13:45:00,Lab_206_PC032,In Use,AnonUser_0105,105
2026-04-01 13:45:00,Lab_206_PC033,In Use,AnonUser_0032,0
2026-04-01 13:45:00,Lab_206_PC034,In Use,AnonUser_0163,30
2026-04-01 13:45:00,Lab_206_PC035,In Use,AnonUser_0087,210
2026-04-01 13:45:00,Lab_206_PC036,Idle,AnonUser_0052,90
2026-04-01 13:45:00,Lab_206_PC037,In Use,AnonUser_0134,60
2026-04-01 13:45:00,Lab_206_PC038,In Use,AnonUser_0040,165
2026-04-01 13:45:00,Lab_206_PC039,In Use,AnonUser_0121,0
2026-04-01 13:45:00,Lab_206_PC040,In Use,AnonUser_0030,120
2026-04-01 13:45:00,Lab_206_PC041,In Use,AnonUser_0003,45
2026-04-01 13:45:00,Lab_206_PC042,In Use,AnonUser_0095,75
2026-04-01 13:45:00,Lab_206_PC043,In Use,AnonUser_0026,180
2026-04-01 13:45:00,Lab_206_PC044,Offline,N/A,N/A
2026-04-01 13:45:00,Lab_206_PC045,In Use,AnonUser_0118,30
2026-04-01 13:45:00,Lab_206_PC046,In Use,AnonUser_0007,150
2026-04-01 13:45:00,Lab_206_PC047,In Use,AnonUser_0141,60
2026-04-01 13:45:00,Lab_206_PC048,Idle,AnonUser_0099,0
2026-04-01 13:45:00,Lab_206_PC049,In Use,AnonUser_0153,210
2026-04-01 13:45:00,Lab_206_PC050,In Use,AnonUser_0065,0
2026-04-01 13:45:00,Lab_206_PC051,In Use,AnonUser_0136,90
2026-04-01 13:45:00,Lab_206_PC052,In Use,AnonUser_0174,150
2026-04-01 13:45:00,Lab_206_PC053,In Use,AnonUser_0151,105
2026-04-01 13:45:00,Lab_206_PC054,In Use,AnonUser_0172,45
2026-04-01 13:45:00,Lab_206_PC055,In Use,AnonUser_0124,195
2026-04-01 13:45:00,Lab_206_PC056,In Use,AnonUser_0179,60
2026-04-01 13:45:00,Lab_206_PC057,Idle,AnonUser_0148,0
2026-04-01 13:45:00,Lab_206_PC058,In Use,AnonUser_0067,90
2026-04-01 13:45:00,Lab_206_PC059,In Use,AnonUser_0171,60
2026-04-01 13:45:00,Lab_206_PC060,In Use,AnonUser_0093,0
2026-04-01 13:45:00,Lab_210_PC061,In Use,AnonUser_0017,195
2026-04-01 13:45:00,Lab_210_PC062,In Use,AnonUser_0159,45
2026-04-01 13:45:00,Lab_210_PC063,In Use,AnonUser_0029,0
2026-04-01 13:45:00,Lab_210_PC064,In Use,AnonUser_0010,90
2026-04-01 13:45:00,Lab_210_PC065,In Use,AnonUser_0050,15
2026-04-01 13:45:00,Lab_210_PC066,In Use,AnonUser_0061,90
2026-04-01 13:45:00,Lab_210_PC067,In Use,AnonUser_0019,120
2026-04-01 13:45:00,Lab_210_PC068,Idle,AnonUser_0035,195
2026-04-01 13:45:00,Lab_210_PC069,In Use,AnonUser_0123,105
2026-04-01 13:45:00,Lab_210_PC070,Idle,AnonUser_0056,0
2026-04-01 13:45:00,Lab_210_PC071,In Use,AnonUser_0068,105
2026-04-01 13:45:00,Lab_210_PC072,Idle,AnonUser_0060,45
2026-04-01 13:45:00,Lab_210_PC073,In Use,AnonUser_0110,120
2026-04-01 13:45:00,Lab_210_PC074,In Use,AnonUser_0082,90
2026-04-01 13:45:00,Lab_210_PC075,In Use,AnonUser_0167,165
2026-04-01 13:45:00,Lab_210_PC076,In Use,AnonUser_0008,120
2026-04-01 13:45:00,Lab_210_PC077,In Use,AnonUser_0132,15
2026-04-01 13:45:00,Lab_210_PC078,In Use,AnonUser_0154,135
2026-04-01 13:45:00,Lab_210_PC079,In Use,AnonUser_0015,75
2026-04-01 13:45:00,Lab_210_PC080,In Use,AnonUser_0023,120
2026-04-01 13:45:00,Lab_210_PC081,Idle,AnonUser_0113,30
2026-04-01 13:45:00,Lab_219_PC082,In Use,AnonUser_0133,105
2026-04-01 13:45:00,Lab_219_PC083,In Use,AnonUser_0006,180
2026-04-01 13:45:00,Lab_219_PC084,In Use,AnonUser_0011,75
2026-04-01 13:45:00,Lab_219_PC085,Idle,AnonUser_0089,0
2026-04-01 13:45:00,Lab_219_PC086,Idle,AnonUser_0037,30
2026-04-01 13:45:00,Lab_219_PC087,In Use,AnonUser_0081,105
2026-04-01 13:45:00,Lab_219_PC088,Idle,AnonUser_0059,15
2026-04-01 13:45:00,Lab_219_PC089,In Use,AnonUser_0122,60
2026-04-01 13:45:00,Lab_219_PC090,In Use,AnonUser_0043,0
2026-04-01 13:45:00,Lab_219_PC091,In Use,AnonUser_0142,0
2026-04-01 13:45:00,Lab_219_PC092,In Use,AnonUser_0036,90
2026-04-01 13:45:00,Lab_219_PC093,In Use,AnonUser_0053,0
2026-04-01 13:45:00,Lab_219_PC094,Idle,AnonUser_0160,75
2026-04-01 13:45:00,Lab_219_PC095,In Use,AnonUser_0177,15
2026-04-01 13:45:00,Lab_219_PC096,In Use,AnonUser_0046,30
2026-04-01 13:45:00,Lab_219_PC097,In Use,AnonUser_0147,45
2026-04-01 13:45:00,Lab_219_PC098,In Use,AnonUser_0044,180
2026-04-01 13:45:00,Lab_219_PC099,In Use,AnonUser_0009,15
2026-04-01 13:45:00,Lab_219_PC100,In Use,AnonUser_0156,0
2026-04-01 13:45:00,Lab_219_PC101,In Use,AnonUser_0173,30
2026-04-01 13:45:00,Lab_219_PC102,In Use,AnonUser_0131,165
2026-04-01 13:45:00,Lab_219_PC103,In Use,AnonUser_0116,120
2026-04-01 13:45:00,Lab_219_PC104,Idle,AnonUser_0048,105
2026-04-01 13:45:00,Lab_219_PC105,In Use,AnonUser_0169,45
2026-04-01 13:45:00,Lab_219_PC106,In Use,AnonUser_0057,30
2026-04-01 13:45:00,Lab_219_PC107,In Use,AnonUser_0098,165
2026-04-01 13:45:00,Lab_219_PC108,In Use,AnonUser_0146,15
2026-04-01 13:45:00,Lab_219_PC109,In Use,AnonUser_0168,225
2026-04-01 13:45:00,Lab_219_PC110,In Use,AnonUser_0058,0
2026-04-01 13:45:00,Lab_219_PC111,In Use,AnonUser_0091,135
2026-04-01 13:45:00,Lab_219_PC112,In Use,AnonUser_0024,180
2026-04-01 13:45:00,Lab_219_PC113,In Use,AnonUser_0096,150
2026-04-01 13:45:00,Lab_219_PC114,In Use,AnonUser_0033,180
2026-04-01 13:45:00,Lab_219_PC115,In Use,AnonUser_0077,30
2026-04-01 13:45:00,Lab_219_PC116,Idle,AnonUser_0126,75
2026-04-01 13:45:00,Lab_219_PC117,In Use,AnonUser_0039,0
2026-04-01 13:45:00,Lab_219_PC118,Idle,AnonUser_0149,135
2026-04-01 13:45:00,Lab_219_PC119,In Use,AnonUser_0021,15
2026-04-01 13:45:00,Lab_219_PC120,Offline,N/A,N/A
2026-04-01 13:45:00,Lab_219_PC121,In Use,AnonUser_0028,0
2026-04-01 13:45:00,Lab_219_PC122,In Use,AnonUser_0166,15
2026-04-01 13:45:00,Lab_219_PC123,In Use,AnonUser_0175,30
2026-04-01 13:45:00,Lab_219_PC124,In Use,AnonUser_0066,0
2026-04-01 13:45:00,Lab_219_PC125,In Use,AnonUser_0150,75
2026-04-01 13:45:00,Lab_219_PC126,In Use,AnonUser_0135,30
2026-04-01 13:45:00,Lab_219_PC127,In Use,AnonUser_0013,75
2026-04-01 13:45:00,Lab_219_PC128,In Use,AnonUser_0119,15
2026-04-01 13:45:00,Lab_219_PC129,In Use,AnonUser_0176,195
2026-04-01 13:45:00,Lab_219_PC130,In Use,AnonUser_0076,165
2026-04-01 13:45:00,Lab_219_PC131,In Use,AnonUser_0038,150
2026-04-01 13:45:00,Lab_219_PC132,In Use,AnonUser_0086,15
2026-04-01 13:45:00,Lab_219_PC133,In Use,AnonUser_0100,0
2026-04-01 13:45:00,Lab_219_PC134,In Use,AnonUser_0085,90
2026-04-01 13:45:00,Lab_219_PC135,Idle,AnonUser_0111,15
2026-04-01 13:45:00,Lab_219_PC136,In Use,AnonUser_0079,30
2026-04-01 13:45:00,Lab_219_PC137,In Use,AnonUser_0064,150
2026-04-01 13:45:00,Lab_219_PC138,In Use,AnonUser_0104,45
2026-04-01 13:45:00,Lab_219_PC139,In Use,AnonUser_0097,165
2026-04-01 13:45:00,Lab_219_PC140,In Use,AnonUser_0070,0
2026-04-01 13:45:00,Lab_219_PC141,In Use,AnonUser_0120,0
2026-04-01 13:45:00,Lab_219_PC142,Offline,N/A,N/A
2026-04-01 13:45:00,Lab_219_PC143,In Use,AnonUser_0084,60
2026-04-01 13:45:00,Lab_219_PC144,In Use,AnonUser_0055,120
2026-04-01 13:45:00,Lab_219_PC145,In Use,AnonUser_0128,45
2026-04-01 13:45:00,Lab_219_PC146,Offline,N/A,N/A
2026-04-01 13:45:00,Lab_219_PC147,In Use,AnonUser_0073,60
2026-04-01 13:45:00,Lab_219_PC148,In Use,AnonUser_0041,30
2026-04-01 13:45:00,Lab_219_PC149,In Use,AnonUser_0127,120
2026-04-01 13:45:00,Lab_219_PC150,Idle,AnonUser_0025,75
2026-04-01 13:45:00,Lab_219_PC151,In Use,AnonUser_0139,30
2026-04-01 13:45:00,Lab_219_PC152,In Use,AnonUser_0090,45
2026-04-01 13:45:00,Lab_219_PC153,In Use,AnonUser_0071,15
2026-04-01 13:45:00,Lab_219_PC154,In Use,AnonUser_0054,90
2026-04-01 13:45:00,Lab_219_PC155,In Use,AnonUser_0155,60
2026-04-01 13:45:00,Lab_219_PC156,In Use,AnonUser_0152,15
2026-04-01 13:45:00,Lab_219_PC157,In Use,AnonUser_0092,120
2026-04-01 13:45:00,Lab_219_PC158,In Use,AnonUser_0016,0
2026-04-01 13:45:00,Lab_219_PC159,In Use,AnonUser_0088,0
2026-04-01 13:45:00,Lab_219_PC160,In Use,AnonUser_0143,60
2026-04-01 13:45:00,Lab_219_PC161,In Use,AnonUser_0045,105
2026-04-01 13:45:00,Lab_219_PC162,In Use,AnonUser_0078,165
2026-04-01 13:45:00,Lab_219_PC163,In Use,AnonUser_0140,15
2026-04-01 13:45:00,Lab_219_PC164,In Use,AnonUser_0101,60
2026-04-01 13:45:00,Lab_219_PC165,In Use,AnonUser_0145,45
2026-04-01 13:45:00,Lab_219_PC166,In Use,AnonUser_0018,75
2026-04-01 13:45:00,Lab_219_PC167,In Use,AnonUser_0074,60
2026-04-01 13:45:00,Lab_219_PC168,In Use,AnonUser_0164,30
2026-04-01 13:45:00,Lab_219_PC169,Idle,AnonUser_0138,45
2026-04-01 13:45:00,Lab_219_PC170,Idle,AnonUser_0034,60
2026-04-01 13:45:00,Lab_219_PC171,In Use,AnonUser_0063,195
2026-04-01 13:45:00,Lab_219_PC172,In Use,AnonUser_0158,90
2026-04-01 13:45:00,Lab_219_PC173,In Use,AnonUser_0005,60
2026-04-01 13:45:00,Lab_219_PC174,In Use,AnonUser_0109,60
2026-04-01 13:45:00,Lab_219_PC175,In Use,AnonUser_0031,15
2026-04-01 13:45:00,Lab_219_PC176,In Use,AnonUser_0114,45
2026-04-01 13:45:00,Lab_219_PC177,In Use,AnonUser_0020,120
2026-04-01 13:45:00,Lab_219_PC178,In Use,AnonUser_0102,60
2026-04-01 13:45:00,Lab_219_PC179,In Use,AnonUser_0170,30
2026-04-01 14:00:00,Lab_202_PC001,Idle,AnonUser_0004,195
2026-04-01 14:00:00,Lab_202_PC002,In Use,AnonUser_0106,90
2026-04-01 14:00:00,Lab_202_PC003,In Use,AnonUser_0107,15
2026-04-01 14:00:00,Lab_202_PC004,In Use,AnonUser_0094,45
2026-04-01 14:00:00,Lab_202_PC005,In Use,AnonUser_0002,15
2026-04-01 14:00:00,Lab_202_PC006,In Use,AnonUser_0072,150
2026-04-01 14:00:00,Lab_202_PC007,In Use,AnonUser_0161,30
2026-04-01 14:00:00,Lab_202_PC008,Idle,AnonUser_0062,150
2026-04-01 14:00:00,Lab_202_PC009,In Use,AnonUser_0014,105
2026-04-01 14:00:00,Lab_202_PC010,In Use,AnonUser_0051,30
2026-04-01 14:00:00,Lab_202_PC011,Offline,N/A,N/A
2026-04-01 14:00:00,Lab_202_PC012,In Use,AnonUser_0157,45
2026-04-01 14:00:00,Lab_202_PC013,In Use,AnonUser_0047,180
2026-04-01 14:00:00,Lab_202_PC014,Idle,AnonUser_0137,105
2026-04-01 14:00:00,Lab_202_PC015,In Use,AnonUser_0022,15
2026-04-01 14:00:00,Lab_202_PC016,Idle,AnonUser_0144,105
2026-04-01 14:00:00,Lab_202_PC017,Idle,AnonUser_0125,150
2026-04-01 14:00:00,Lab_202_PC018,Idle,AnonUser_0178,135
2026-04-01 14:00:00,Lab_202_PC019,Idle,AnonUser_0001,60
2026-04-01 14:00:00,Lab_202_PC020,In Use,AnonUser_0049,105
2026-04-01 14:00:00,Lab_202_PC021,Idle,AnonUser_0042,90
2026-04-01 14:00:00,Lab_202_PC022,Idle,AnonUser_0027,30
2026-04-01 14:00:00,Lab_202_PC023,In Use,AnonUser_0130,15
2026-04-01 14:00:00,Lab_202_PC024,In Use,AnonUser_0165,30
2026-04-01 14:00:00,Lab_202_PC025,Idle,AnonUser_0012,150
2026-04-01 14:00:00,Lab_202_PC026,Idle,AnonUser_0083,135
2026-04-01 14:00:00,Lab_202_PC027,In Use,AnonUser_0103,30
2026-04-01 14:00:00,Lab_202_PC028,In Use,AnonUser_0069,60
2026-04-01 14:00:00,Lab_202_PC029,In Use,AnonUser_0129,90
2026-04-01 14:00:00,Lab_202_PC030,In Use,AnonUser_0112,30
2026-04-01 14:00:00,Lab_206_PC031,In Use,AnonUser_0117,105
2026-04-01 14:00:00,Lab_206_PC032,In Use,AnonUser_0105,90
2026-04-01 14:00:00,Lab_206_PC033,In Use,AnonUser_0032,135
2026-04-01 14:00:00,Lab_206_PC034,In Use,AnonUser_0163,15
2026-04-01 14:00:00,Lab_206_PC035,In Use,AnonUser_0087,195
2026-04-01 14:00:00,Lab_206_PC036,In Use,AnonUser_0052,75
2026-04-01 14:00:00,Lab_206_PC037,In Use,AnonUser_0134,45
2026-04-01 14:00:00,Lab_206_PC038,In Use,AnonUser_0040,150
2026-04-01 14:00:00,Lab_206_PC039,Offline,N/A,N/A
2026-04-01 14:00:00,Lab_206_PC040,In Use,AnonUser_0030,105
2026-04-01 14:00:00,Lab_206_PC041,Idle,AnonUser_0003,30
2026-04-01 14:00:00,Lab_206_PC042,In Use,AnonUser_0095,60
2026-04-01 14:00:00,Lab_206_PC043,Idle,AnonUser_0026,165
2026-04-01 14:00:00,Lab_206_PC044,In Use,AnonUser_0115,225
2026-04-01 14:00:00,Lab_206_PC045,In Use,AnonUser_0118,15
2026-04-01 14:00:00,Lab_206_PC046,In Use,AnonUser_0007,135
2026-04-01 14:00:00,Lab_206_PC047,In Use,AnonUser_0141,45
2026-04-01 14:00:00,Lab_206_PC048,Idle,AnonUser_0099,150
2026-04-01 14:00:00,Lab_206_PC049,In Use,AnonUser_0153,195
2026-04-01 14:00:00,Lab_206_PC050,Idle,AnonUser_0075,150
2026-04-01 14:00:00,Lab_206_PC051,In Use,AnonUser_0136,75
2026-04-01 14:00:00,Lab_206_PC052,In Use,AnonUser_0174,135
2026-04-01 14:00:00,Lab_206_PC053,Idle,AnonUser_0151,90
2026-04-01 14:00:00,Lab_206_PC054,In Use,AnonUser_0172,30
2026-04-01 14:00:00,Lab_206_PC055,In Use,AnonUser_0124,180
2026-04-01 14:00:00,Lab_206_PC056,In Use,AnonUser_0179,45
2026-04-01 14:00:00,Lab_206_PC057,Idle,AnonUser_0065,195
2026-04-01 14:00:00,Lab_206_PC058,In Use,AnonUser_0067,75
2026-04-01 14:00:00,Lab_206_PC059,In Use,AnonUser_0171,45
2026-04-01 14:00:00,Lab_206_PC060,In Use,AnonUser_0080,60
2026-04-01 14:00:00,Lab_210_PC061,In Use,AnonUser_0017,180
2026-04-01 14:00:00,Lab_210_PC062,In Use,AnonUser_0159,30
2026-04-01 14:00:00,Lab_210_PC063,In Use,AnonUser_0093,15
2026-04-01 14:00:00,Lab_210_PC064,In Use,AnonUser_0010,75
2026-04-01 14:00:00,Lab_210_PC065,In Use,AnonUser_0050,0
2026-04-01 14:00:00,Lab_210_PC066,In Use,AnonUser_0061,75
2026-04-01 14:00:00,Lab_210_PC067,In Use,AnonUser_0019,105
2026-04-01 14:00:00,Lab_210_PC068,In Use,AnonUser_0035,180
2026-04-01 14:00:00,Lab_210_PC069,In Use,AnonUser_0123,90
2026-04-01 14:00:00,Lab_210_PC070,In Use,AnonUser_0162,0
2026-04-01 14:00:00,Lab_210_PC071,In Use,AnonUser_0068,90
2026-04-01 14:00:00,Lab_210_PC072,In Use,AnonUser_0060,30
2026-04-01 14:00:00,Lab_210_PC073,In Use,AnonUser_0110,105
2026-04-01 14:00:00,Lab_210_PC074,Idle,AnonUser_0082,75
2026-04-01 14:00:00,Lab_210_PC075,In Use,AnonUser_0167,150
2026-04-01 14:00:00,Lab_210_PC076,In Use,AnonUser_0008,105
2026-04-01 14:00:00,Lab_210_PC077,Idle,AnonUser_0132,0
2026-04-01 14:00:00,Lab_210_PC078,In Use,AnonUser_0154,120
2026-04-01 14:00:00,Lab_210_PC079,In Use,AnonUser_0015,60
2026-04-01 14:00:00,Lab_210_PC080,In Use,AnonUser_0023,105
2026-04-01 14:00:00,Lab_210_PC081,Idle,AnonUser_0113,15
2026-04-01 14:00:00,Lab_219_PC082,In Use,AnonUser_0133,90
2026-04-01 14:00:00,Lab_219_PC083,Idle,AnonUser_0006,165
2026-04-01 14:00:00,Lab_219_PC084,Idle,AnonUser_0011,60
2026-04-01 14:00:00,Lab_219_PC085,In Use,AnonUser_0056,225
2026-04-01 14:00:00,Lab_219_PC086,In Use,AnonUser_0037,15
2026-04-01 14:00:00,Lab_219_PC087,In Use,AnonUser_0081,90
2026-04-01 14:00:00,Lab_219_PC088,In Use,AnonUser_0059,0
2026-04-01 14:00:00,Lab_219_PC089,In Use,AnonUser_0122,45
2026-04-01 14:00:00,Lab_219_PC090,In Use,AnonUser_0108,15
2026-04-01 14:00:00,Lab_219_PC091,In Use,AnonUser_0148,90
2026-04-01 14:00:00,Lab_219_PC092,In Use,AnonUser_0036,75
2026-04-01 14:00:00,Lab_219_PC093,In Use,AnonUser_0121,75
2026-04-01 14:00:00,Lab_219_PC094,Idle,AnonUser_0160,60
2026-04-01 14:00:00,Lab_219_PC095,Idle,AnonUser_0177,0
2026-04-01 14:00:00,Lab_219_PC096,Idle,AnonUser_0046,15
2026-04-01 14:00:00,Lab_219_PC097,In Use,AnonUser_0147,30
2026-04-01 14:00:00,Lab_219_PC098,In Use,AnonUser_0044,165
2026-04-01 14:00:00,Lab_219_PC099,In Use,AnonUser_0009,0
2026-04-01 14:00:00,Lab_219_PC100,In Use,AnonUser_0029,105
2026-04-01 14:00:00,Lab_219_PC101,Idle,AnonUser_0173,15
2026-04-01 14:00:00,Lab_219_PC102,In Use,AnonUser_0131,150
2026-04-01 14:00:00,Lab_219_PC103,In Use,AnonUser_0116,105
2026-04-01 14:00:00,Lab_219_PC104,In Use,AnonUser_0048,90
2026-04-01 14:00:00,Lab_219_PC105,In Use,AnonUser_0169,30
2026-04-01 14:00:00,Lab_219_PC106,In Use,AnonUser_0057,15
2026-04-01 14:00:00,Lab_219_PC107,In Use,AnonUser_0098,150
2026-04-01 14:00:00,Lab_219_PC108,In Use,AnonUser_0146,0
2026-04-01 14:00:00,Lab_219_PC109,In Use,AnonUser_0168,210
2026-04-01 14:00:00,Lab_219_PC110,In Use,AnonUser_0058,75
2026-04-01 14:00:00,Lab_219_PC111,Idle,AnonUser_0091,120
2026-04-01 14:00:00,Lab_219_PC112,In Use,AnonUser_0024,165
2026-04-01 14:00:00,Lab_219_PC113,In Use,AnonUser_0096,135
2026-04-01 14:00:00,Lab_219_PC114,In Use,AnonUser_0033,165
2026-04-01 14:00:00,Lab_219_PC115,Idle,AnonUser_0077,15
2026-04-01 14:00:00,Lab_219_PC116,In Use,AnonUser_0126,60
2026-04-01 14:00:00,Lab_219_PC117,In Use,AnonUser_0156,165
2026-04-01 14:00:00,Lab_219_PC118,In Use,AnonUser_0149,120
2026-04-01 14:00:00,Lab_219_PC119,In Use,AnonUser_0021,0
2026-04-01 14:00:00,Lab_219_PC120,In Use,AnonUser_0039,210
2026-04-01 14:00:00,Lab_219_PC121,In Use,AnonUser_0043,195
2026-04-01 14:00:00,Lab_219_PC122,In Use,AnonUser_0166,0
2026-04-01 14:00:00,Lab_219_PC123,In Use,AnonUser_0175,15
2026-04-01 14:00:00,Lab_219_PC124,In Use,AnonUser_0089,180
2026-04-01 14:00:00,Lab_219_PC125,In Use,AnonUser_0150,60
2026-04-01 14:00:00,Lab_219_PC126,In Use,AnonUser_0135,15
2026-04-01 14:00:00,Lab_219_PC127,In Use,AnonUser_0013,60
2026-04-01 14:00:00,Lab_219_PC128,Idle,AnonUser_0119,0
2026-04-01 14:00:00,Lab_219_PC129,In Use,AnonUser_0176,180
2026-04-01 14:00:00,Lab_219_PC130,Idle,AnonUser_0076,150
2026-04-01 14:00:00,Lab_219_PC131,In Use,AnonUser_0038,135
2026-04-01 14:00:00,Lab_219_PC132,In Use,AnonUser_0086,0
2026-04-01 14:00:00,Lab_219_PC133,In Use,AnonUser_0028,195
2026-04-01 14:00:00,Lab_219_PC134,In Use,AnonUser_0085,75
2026-04-01 14:00:00,Lab_219_PC135,In Use,AnonUser_0111,0
2026-04-01 14:00:00,Lab_219_PC136,In Use,AnonUser_0079,15
2026-04-01 14:00:00,Lab_219_PC137,In Use,AnonUser_0064,135
2026-04-01 14:00:00,Lab_219_PC138,In Use,AnonUser_0104,30
2026-04-01 14:00:00,Lab_219_PC139,Idle,AnonUser_0097,150
2026-04-01 14:00:00,Lab_219_PC140,Idle,AnonUser_0142,135
2026-04-01 14:00:00,Lab_219_PC141,In Use,AnonUser_0100,135
2026-04-01 14:00:00,Lab_219_PC142,In Use,AnonUser_0066,210
2026-04-01 14:00:00,Lab_219_PC143,In Use,AnonUser_0084,45
2026-04-01 14:00:00,Lab_219_PC144,In Use,AnonUser_0055,105
2026-04-01 14:00:00,Lab_219_PC145,In Use,AnonUser_0128,30
2026-04-01 14:00:00,Lab_219_PC146,In Use,AnonUser_0053,30
2026-04-01 14:00:00,Lab_219_PC147,In Use,AnonUser_0073,45
2026-04-01 14:00:00,Lab_219_PC148,In Use,AnonUser_0041,15
2026-04-01 14:00:00,Lab_219_PC149,In Use,AnonUser_0127,105
2026-04-01 14:00:00,Lab_219_PC150,Idle,AnonUser_0025,60
2026-04-01 14:00:00,Lab_219_PC151,In Use,AnonUser_0139,15
2026-04-01 14:00:00,Lab_219_PC152,In Use,AnonUser_0090,30
2026-04-01 14:00:00,Lab_219_PC153,In Use,AnonUser_0071,0
2026-04-01 14:00:00,Lab_219_PC154,In Use,AnonUser_0054,75
2026-04-01 14:00:00,Lab_219_PC155,In Use,AnonUser_0155,45
2026-04-01 14:00:00,Lab_219_PC156,In Use,AnonUser_0152,0
2026-04-01 14:00:00,Lab_219_PC157,In Use,AnonUser_0092,105
2026-04-01 14:00:00,Lab_219_PC158,In Use,AnonUser_0070,30
2026-04-01 14:00:00,Lab_219_PC159,In Use,AnonUser_0016,120
2026-04-01 14:00:00,Lab_219_PC160,In Use,AnonUser_0143,45
2026-04-01 14:00:00,Lab_219_PC161,Idle,AnonUser_0045,90
2026-04-01 14:00:00,Lab_219_PC162,In Use,AnonUser_0078,150
2026-04-01 14:00:00,Lab_219_PC163,In Use,AnonUser_0140,0
2026-04-01 14:00:00,Lab_219_PC164,Idle,AnonUser_0101,45
2026-04-01 14:00:00,Lab_219_PC165,In Use,AnonUser_0145,30
2026-04-01 14:00:00,Lab_219_PC166,In Use,AnonUser_0018,60
2026-04-01 14:00:00,Lab_219_PC167,In Use,AnonUser_0074,45
2026-04-01 14:00:00,Lab_219_PC168,In Use,AnonUser_0164,15
2026-04-01 14:00:00,Lab_219_PC169,In Use,AnonUser_0138,30
2026-04-01 14:00:00,Lab_219_PC170,Idle,AnonUser_0034,45
2026-04-01 14:00:00,Lab_219_PC171,In Use,AnonUser_0063,180
2026-04-01 14:00:00,Lab_219_PC172,In Use,AnonUser_0158,75
2026-04-01 14:00:00,Lab_219_PC173,In Use,AnonUser_0005,45
2026-04-01 14:00:00,Lab_219_PC174,In Use,AnonUser_0109,45
2026-04-01 14:00:00,Lab_219_PC175,In Use,AnonUser_0031,0
2026-04-01 14:00:00,Lab_219_PC176,In Use,AnonUser_0114,30
2026-04-01 14:00:00,Lab_219_PC177,In Use,AnonUser_0020,105
2026-04-01 14:00:00,Lab_219_PC178,In Use,AnonUser_0102,45
2026-04-01 14:00:00,Lab_219_PC179,In Use,AnonUser_0170,15
2026-04-01 14:15:00,Lab_202_PC001,In Use,AnonUser_0004,180
2026-04-01 14:15:00,Lab_202_PC002,In Use,AnonUser_0106,75
2026-04-01 14:15:00,Lab_202_PC003,In Use,AnonUser_0107,0
2026-04-01 14:15:00,Lab_202_PC004,In Use,AnonUser_0094,30
2026-04-01 14:15:00,Lab_202_PC005,In Use,AnonUser_0002,0
2026-04-01 14:15:00,Lab_202_PC006,In Use,AnonUser_0072,135
2026-04-01 14:15:00,Lab_202_PC007,In Use,AnonUser_0161,15
2026-04-01 14:15:00,Lab_202_PC008,Idle,AnonUser_0062,135
2026-04-01 14:15:00,Lab_202_PC009,In Use,AnonUser_0014,90
2026-04-01 14:15:00,Lab_202_PC010,In Use,AnonUser_0051,15
2026-04-01 14:15:00,Lab_202_PC011,Offline,N/A,N/A
2026-04-01 14:15:00,Lab_202_PC012,In Use,AnonUser_0157,30
2026-04-01 14:15:00,Lab_202_PC013,In Use,AnonUser_0047,165
2026-04-01 14:15:00,Lab_202_PC014,In Use,AnonUser_0137,90
2026-04-01 14:15:00,Lab_202_PC015,In Use,AnonUser_0022,0
2026-04-01 14:15:00,Lab_202_PC016,In Use,AnonUser_0144,90
2026-04-01 14:15:00,Lab_202_PC017,In Use,AnonUser_0125,135
2026-04-01 14:15:00,Lab_202_PC018,In Use,AnonUser_0178,120
2026-04-01 14:15:00,Lab_202_PC019,In Use,AnonUser_0001,45
2026-04-01 14:15:00,Lab_202_PC020,In Use,AnonUser_0049,90
2026-04-01 14:15:00,Lab_202_PC021,Idle,AnonUser_0042,75
2026-04-01 14:15:00,Lab_202_PC022,In Use,AnonUser_0027,15
2026-04-01 14:15:00,Lab_202_PC023,In Use,AnonUser_0130,0
2026-04-01 14:15:00,Lab_202_PC024,In Use,AnonUser_0165,15
2026-04-01 14:15:00,Lab_202_PC025,In Use,AnonUser_0012,135
2026-04-01 14:15:00,Lab_202_PC026,In Use,AnonUser_0083,120
2026-04-01 14:15:00,Lab_202_PC027,In Use,AnonUser_0103,15
2026-04-01 14:15:00,Lab_202_PC028,In Use,AnonUser_0069,45
2026-04-01 14:15:00,Lab_202_PC029,In Use,AnonUser_0129,75
2026-04-01 14:15:00,Lab_202_PC030,In Use,AnonUser_0112,15
2026-04-01 14:15:00,Lab_206_PC031,In Use,AnonUser_0117,90
2026-04-01 14:15:00,Lab_206_PC032,In Use,AnonUser_0105,75
2026-04-01 14:15:00,Lab_206_PC033,In Use,AnonUser_0032,120
2026-04-01 14:15:00,Lab_206_PC034,In Use,AnonUser_0163,0
2026-04-01 14:15:00,Lab_206_PC035,Idle,AnonUser_0087,180
2026-04-01 14:15:00,Lab_206_PC036,Idle,AnonUser_0052,60
2026-04-01 14:15:00,Lab_206_PC037,In Use,AnonUser_0134,30
2026-04-01 14:15:00,Lab_206_PC038,In Use,AnonUser_0040,135
2026-04-01 14:15:00,Lab_206_PC039,In Use,AnonUser_0088,195
2026-04-01 14:15:00,Lab_206_PC040,In Use,AnonUser_0030,90
2026-04-01 14:15:00,Lab_206_PC041,Idle,AnonUser_0003,15
2026-04-01 14:15:00,Lab_206_PC042,In Use,AnonUser_0095,45
2026-04-01 14:15:00,Lab_206_PC043,In Use,AnonUser_0026,150
2026-04-01 14:15:00,Lab_206_PC044,In Use,AnonUser_0115,210
2026-04-01 14:15:00,Lab_206_PC045,In Use,AnonUser_0118,0
2026-04-01 14:15:00,Lab_206_PC046,In Use,AnonUser_0007,120
2026-04-01 14:15:00,Lab_206_PC047,In Use,AnonUser_0141,30
2026-04-01 14:15:00,Lab_206_PC048,In Use,AnonUser_0099,135
2026-04-01 14:15:00,Lab_206_PC049,In Use,AnonUser_0153,180
2026-04-01 14:15:00,Lab_206_PC050,In Use,AnonUser_0075,135
2026-04-01 14:15:00,Lab_206_PC051,Idle,AnonUser_0136,60
2026-04-01 14:15:00,Lab_206_PC052,Idle,AnonUser_0174,120
2026-04-01 14:15:00,Lab_206_PC053,In Use,AnonUser_0151,75
2026-04-01 14:15:00,Lab_206_PC054,In Use,AnonUser_0172,15
2026-04-01 14:15:00,Lab_206_PC055,In Use,AnonUser_0124,165
2026-04-01 14:15:00,Lab_206_PC056,In Use,AnonUser_0179,30
2026-04-01 14:15:00,Lab_206_PC057,Idle,AnonUser_0065,180
2026-04-01 14:15:00,Lab_206_PC058,In Use,AnonUser_0067,60
2026-04-01 14:15:00,Lab_206_PC059,In Use,AnonUser_0171,30
2026-04-01 14:15:00,Lab_206_PC060,In Use,AnonUser_0080,45
2026-04-01 14:15:00,Lab_210_PC061,In Use,AnonUser_0017,165
2026-04-01 14:15:00,Lab_210_PC062,In Use,AnonUser_0159,15
2026-04-01 14:15:00,Lab_210_PC063,In Use,AnonUser_0093,0
2026-04-01 14:15:00,Lab_210_PC064,In Use,AnonUser_0010,60
2026-04-01 14:15:00,Lab_210_PC065,In Use,AnonUser_0050,90
2026-04-01 14:15:00,Lab_210_PC066,In Use,AnonUser_0061,60
2026-04-01 14:15:00,Lab_210_PC067,In Use,AnonUser_0019,90
2026-04-01 14:15:00,Lab_210_PC068,In Use,AnonUser_0035,165
2026-04-01 14:15:00,Lab_210_PC069,In Use,AnonUser_0123,75
2026-04-01 14:15:00,Lab_210_PC070,In Use,AnonUser_0162,165
2026-04-01 14:15:00,Lab_210_PC071,Idle,AnonUser_0068,75
2026-04-01 14:15:00,Lab_210_PC072,Idle,AnonUser_0060,15
2026-04-01 14:15:00,Lab_210_PC073,In Use,AnonUser_0110,90
2026-04-01 14:15:00,Lab_210_PC074,In Use,AnonUser_0082,60
2026-04-01 14:15:00,Lab_210_PC075,In Use,AnonUser_0167,135
2026-04-01 14:15:00,Lab_210_PC076,In Use,AnonUser_0008,90
2026-04-01 14:15:00,Lab_210_PC077,In Use,AnonUser_0132,135
2026-04-01 14:15:00,Lab_210_PC078,In Use,AnonUser_0154,105
2026-04-01 14:15:00,Lab_210_PC079,In Use,AnonUser_0015,45
2026-04-01 14:15:00,Lab_210_PC080,Idle,AnonUser_0023,90
2026-04-01 14:15:00,Lab_210_PC081,In Use,AnonUser_0113,0
2026-04-01 14:15:00,Lab_219_PC082,In Use,AnonUser_0133,75
2026-04-01 14:15:00,Lab_219_PC083,In Use,AnonUser_0006,150
2026-04-01 14:15:00,Lab_219_PC084,In Use,AnonUser_0011,45
2026-04-01 14:15:00,Lab_219_PC085,Idle,AnonUser_0056,210
2026-04-01 14:15:00,Lab_219_PC086,In Use,AnonUser_0037,0
2026-04-01 14:15:00,Lab_219_PC087,Idle,AnonUser_0081,75
2026-04-01 14:15:00,Lab_219_PC088,In Use,AnonUser_0120,225
2026-04-01 14:15:00,Lab_219_PC089,In Use,AnonUser_0122,30
2026-04-01 14:15:00,Lab_219_PC090,In Use,AnonUser_0108,0
2026-04-01 14:15:00,Lab_219_PC091,In Use,AnonUser_0148,75
2026-04-01 14:15:00,Lab_219_PC092,In Use,AnonUser_0036,60
2026-04-01 14:15:00,Lab_219_PC093,Idle,AnonUser_0121,60
2026-04-01 14:15:00,Lab_219_PC094,In Use,AnonUser_0160,45
2026-04-01 14:15:00,Lab_219_PC095,In Use,AnonUser_0177,15
2026-04-01 14:15:00,Lab_219_PC096,In Use,AnonUser_0046,0
2026-04-01 14:15:00,Lab_219_PC097,In Use,AnonUser_0147,15
2026-04-01 14:15:00,Lab_219_PC098,In Use,AnonUser_0044,150
2026-04-01 14:15:00,Lab_219_PC099,In Use,AnonUser_0059,180
2026-04-01 14:15:00,Lab_219_PC100,In Use,AnonUser_0029,90
2026-04-01 14:15:00,Lab_219_PC101,In Use,AnonUser_0173,0
2026-04-01 14:15:00,Lab_219_PC102,In Use,AnonUser_0131,135
2026-04-01 14:15:00,Lab_219_PC103,In Use,AnonUser_0116,90
2026-04-01 14:15:00,Lab_219_PC104,Idle,AnonUser_0048,75
2026-04-01 14:15:00,Lab_219_PC105,In Use,AnonUser_0169,15
2026-04-01 14:15:00,Lab_219_PC106,In Use,AnonUser_0057,0
2026-04-01 14:15:00,Lab_219_PC107,In Use,AnonUser_0098,135
2026-04-01 14:15:00,Lab_219_PC108,In Use,AnonUser_0009,105
2026-04-01 14:15:00,Lab_219_PC109,In Use,AnonUser_0168,195
2026-04-01 14:15:00,Lab_219_PC110,In Use,AnonUser_0058,60
2026-04-01 14:15:00,Lab_219_PC111,Idle,AnonUser_0091,105
2026-04-01 14:15:00,Lab_219_PC112,In Use,AnonUser_0024,150
2026-04-01 14:15:00,Lab_219_PC113,Idle,AnonUser_0096,120
2026-04-01 14:15:00,Lab_219_PC114,In Use,AnonUser_0033,150
2026-04-01 14:15:00,Lab_219_PC115,In Use,AnonUser_0077,0
2026-04-01 14:15:00,Lab_219_PC116,In Use,AnonUser_0126,45
2026-04-01 14:15:00,Lab_219_PC117,In Use,AnonUser_0156,150
2026-04-01 14:15:00,Lab_219_PC118,In Use,AnonUser_0149,105
2026-04-01 14:15:00,Lab_219_PC119,In Use,AnonUser_0146,45
2026-04-01 14:15:00,Lab_219_PC120,In Use,AnonUser_0039,195
2026-04-01 14:15:00,Lab_219_PC121,In Use,AnonUser_0043,180
2026-04-01 14:15:00,Lab_219_PC122,Offline,N/A,N/A
2026-04-01 14:15:00,Lab_219_PC123,In Use,AnonUser_0175,0
2026-04-01 14:15:00,Lab_219_PC124,In Use,AnonUser_0089,165
2026-04-01 14:15:00,Lab_219_PC125,Idle,AnonUser_0150,45
2026-04-01 14:15:00,Lab_219_PC126,In Use,AnonUser_0135,0
2026-04-01 14:15:00,Lab_219_PC127,In Use,AnonUser_0013,45
2026-04-01 14:15:00,Lab_219_PC128,In Use,AnonUser_0119,195
2026-04-01 14:15:00,Lab_219_PC129,Idle,AnonUser_0176,165
2026-04-01 14:15:00,Lab_219_PC130,In Use,AnonUser_0076,135
2026-04-01 14:15:00,Lab_219_PC131,In Use,AnonUser_0038,120
2026-04-01 14:15:00,Lab_219_PC132,In Use,AnonUser_0166,120
2026-04-01 14:15:00,Lab_219_PC133,In Use,AnonUser_0028,180
2026-04-01 14:15:00,Lab_219_PC134,In Use,AnonUser_0085,60
2026-04-01 14:15:00,Lab_219_PC135,In Use,AnonUser_0021,195
2026-04-01 14:15:00,Lab_219_PC136,In Use,AnonUser_0079,0
2026-04-01 14:15:00,Lab_219_PC137,In Use,AnonUser_0064,120
2026-04-01 14:15:00,Lab_219_PC138,In Use,AnonUser_0104,15
2026-04-01 14:15:00,Lab_219_PC139,In Use,AnonUser_0097,135
2026-04-01 14:15:00,Lab_219_PC140,In Use,AnonUser_0142,120
2026-04-01 14:15:00,Lab_219_PC141,In Use,AnonUser_0100,120
2026-04-01 14:15:00,Lab_219_PC142,Idle,AnonUser_0066,195
2026-04-01 14:15:00,Lab_219_PC143,In Use,AnonUser_0084,30
2026-04-01 14:15:00,Lab_219_PC144,In Use,AnonUser_0055,90
2026-04-01 14:15:00,Lab_219_PC145,In Use,AnonUser_0128,15
2026-04-01 14:15:00,Lab_219_PC146,In Use,AnonUser_0053,15
2026-04-01 14:15:00,Lab_219_PC147,Idle,AnonUser_0073,30
2026-04-01 14:15:00,Lab_219_PC148,In Use,AnonUser_0041,0
2026-04-01 14:15:00,Lab_219_PC149,Idle,AnonUser_0127,90
2026-04-01 14:15:00,Lab_219_PC150,In Use,AnonUser_0025,45
2026-04-01 14:15:00,Lab_219_PC151,In Use,AnonUser_0139,0
2026-04-01 14:15:00,Lab_219_PC152,In Use,AnonUser_0090,15
2026-04-01 14:15:00,Lab_219_PC153,In Use,AnonUser_0111,90
2026-04-01 14:15:00,Lab_219_PC154,In Use,AnonUser_0054,60
2026-04-01 14:15:00,Lab_219_PC155,In Use,AnonUser_0155,30
2026-04-01 14:15:00,Lab_219_PC156,Idle,AnonUser_0152,45
2026-04-01 14:15:00,Lab_219_PC157,In Use,AnonUser_0092,90
2026-04-01 14:15:00,Lab_219_PC158,Idle,AnonUser_0070,15
2026-04-01 14:15:00,Lab_219_PC159,In Use,AnonUser_0016,105
2026-04-01 14:15:00,Lab_219_PC160,In Use,AnonUser_0143,30
2026-04-01 14:15:00,Lab_219_PC161,Idle,AnonUser_0045,75
2026-04-01 14:15:00,Lab_219_PC162,In Use,AnonUser_0078,135
2026-04-01 14:15:00,Lab_219_PC163,In Use,AnonUser_0086,0
2026-04-01 14:15:00,Lab_219_PC164,In Use,AnonUser_0101,30
2026-04-01 14:15:00,Lab_219_PC165,In Use,AnonUser_0145,15
2026-04-01 14:15:00,Lab_219_PC166,In Use,AnonUser_0018,45
2026-04-01 14:15:00,Lab_219_PC167,In Use,AnonUser_0074,30
2026-04-01 14:15:00,Lab_219_PC168,In Use,AnonUser_0164,0
2026-04-01 14:15:00,Lab_219_PC169,Idle,AnonUser_0138,15
2026-04-01 14:15:00,Lab_219_PC170,In Use,AnonUser_0034,30
2026-04-01 14:15:00,Lab_219_PC171,In Use,AnonUser_0063,165
2026-04-01 14:15:00,Lab_219_PC172,In Use,AnonUser_0158,60
2026-04-01 14:15:00,Lab_219_PC173,Idle,AnonUser_0005,30
2026-04-01 14:15:00,Lab_219_PC174,In Use,AnonUser_0109,30
2026-04-01 14:15:00,Lab_219_PC175,In Use,AnonUser_0140,0
2026-04-01 14:15:00,Lab_219_PC176,In Use,AnonUser_0114,15
2026-04-01 14:15:00,Lab_219_PC177,In Use,AnonUser_0020,90
2026-04-01 14:15:00,Lab_219_PC178,In Use,AnonUser_0102,30
2026-04-01 14:15:00,Lab_219_PC179,In Use,AnonUser_0170,0
2026-04-01 14:30:00,Lab_202_PC001,In Use,AnonUser_0004,165
2026-04-01 14:30:00,Lab_202_PC002,In Use,AnonUser_0106,60
2026-04-01 14:30:00,Lab_202_PC003,In Use,AnonUser_0031,120
2026-04-01 14:30:00,Lab_202_PC004,In Use,AnonUser_0094,15
2026-04-01 14:30:00,Lab_202_PC005,In Use,AnonUser_0107,135
2026-04-01 14:30:00,Lab_202_PC006,In Use,AnonUser_0072,120
2026-04-01 14:30:00,Lab_202_PC007,In Use,AnonUser_0161,0
2026-04-01 14:30:00,Lab_202_PC008,In Use,AnonUser_0062,120
2026-04-01 14:30:00,Lab_202_PC009,In Use,AnonUser_0014,75
2026-04-01 14:30:00,Lab_202_PC010,In Use,AnonUser_0051,0
2026-04-01 14:30:00,Lab_202_PC011,In Use,AnonUser_0002,135
2026-04-01 14:30:00,Lab_202_PC012,In Use,AnonUser_0157,15
2026-04-01 14:30:00,Lab_202_PC013,In Use,AnonUser_0047,150
2026-04-01 14:30:00,Lab_202_PC014,In Use,AnonUser_0137,75
2026-04-01 14:30:00,Lab_202_PC015,In Use,AnonUser_0022,120
2026-04-01 14:30:00,Lab_202_PC016,Idle,AnonUser_0144,75
2026-04-01 14:30:00,Lab_202_PC017,In Use,AnonUser_0125,120
2026-04-01 14:30:00,Lab_202_PC018,In Use,AnonUser_0178,105
2026-04-01 14:30:00,Lab_202_PC019,In Use,AnonUser_0001,30
2026-04-01 14:30:00,Lab_202_PC020,In Use,AnonUser_0049,75
2026-04-01 14:30:00,Lab_202_PC021,In Use,AnonUser_0042,60
2026-04-01 14:30:00,Lab_202_PC022,Idle,AnonUser_0027,0
2026-04-01 14:30:00,Lab_202_PC023,In Use,AnonUser_0130,225
2026-04-01 14:30:00,Lab_202_PC024,In Use,AnonUser_0165,0
2026-04-01 14:30:00,Lab_202_PC025,In Use,AnonUser_0012,120
2026-04-01 14:30:00,Lab_202_PC026,In Use,AnonUser_0083,105
2026-04-01 14:30:00,Lab_202_PC027,Idle,AnonUser_0103,0
2026-04-01 14:30:00,Lab_202_PC028,In Use,AnonUser_0069,30
2026-04-01 14:30:00,Lab_202_PC029,In Use,AnonUser_0129,60
2026-04-01 14:30:00,Lab_202_PC030,In Use,AnonUser_0112,0
2026-04-01 14:30:00,Lab_206_PC031,In Use,AnonUser_0117,75
2026-04-01 14:30:00,Lab_206_PC032,In Use,AnonUser_0105,60
2026-04-01 14:30:00,Lab_206_PC033,In Use,AnonUser_0032,105
2026-04-01 14:30:00,Lab_206_PC034,In Use,AnonUser_0071,60
2026-04-01 14:30:00,Lab_206_PC035,In Use,AnonUser_0087,165
2026-04-01 14:30:00,Lab_206_PC036,Idle,AnonUser_0052,45
2026-04-01 14:30:00,Lab_206_PC037,In Use,AnonUser_0134,15
2026-04-01 14:30:00,Lab_206_PC038,Idle,AnonUser_0040,120
2026-04-01 14:30:00,Lab_206_PC039,In Use,AnonUser_0088,180
2026-04-01 14:30:00,Lab_206_PC040,In Use,AnonUser_0030,75
2026-04-01 14:30:00,Lab_206_PC041,In Use,AnonUser_0003,0
2026-04-01 14:30:00,Lab_206_PC042,In Use,AnonUser_0095,30
2026-04-01 14:30:00,Lab_206_PC043,In Use,AnonUser_0026,135
2026-04-01 14:30:00,Lab_206_PC044,In Use,AnonUser_0115,195
2026-04-01 14:30:00,Lab_206_PC045,In Use,AnonUser_0118,0
2026-04-01 14:30:00,Lab_206_PC046,In Use,AnonUser_0007,105
2026-04-01 14:30:00,Lab_206_PC047,In Use,AnonUser_0141,15
2026-04-01 14:30:00,Lab_206_PC048,In Use,AnonUser_0099,120
2026-04-01 14:30:00,Lab_206_PC049,In Use,AnonUser_0153,165
2026-04-01 14:30:00,Lab_206_PC050,In Use,AnonUser_0075,120
2026-04-01 14:30:00,Lab_206_PC051,In Use,AnonUser_0136,45
2026-04-01 14:30:00,Lab_206_PC052,In Use,AnonUser_0174,105
2026-04-01 14:30:00,Lab_206_PC053,In Use,AnonUser_0151,60
2026-04-01 14:30:00,Lab_206_PC054,In Use,AnonUser_0172,0
2026-04-01 14:30:00,Lab_206_PC055,Idle,AnonUser_0124,150
2026-04-01 14:30:00,Lab_206_PC056,Idle,AnonUser_0179,15
2026-04-01 14:30:00,Lab_206_PC057,In Use,AnonUser_0065,165
2026-04-01 14:30:00,Lab_206_PC058,In Use,AnonUser_0067,45
2026-04-01 14:30:00,Lab_206_PC059,In Use,AnonUser_0171,15
2026-04-01 14:30:00,Lab_206_PC060,In Use,AnonUser_0080,30
2026-04-01 14:30:00,Lab_210_PC061,In Use,AnonUser_0017,150
2026-04-01 14:30:00,Lab_210_PC062,In Use,AnonUser_0159,0
2026-04-01 14:30:00,Lab_210_PC063,Offline,N/A,N/A
2026-04-01 14:30:00,Lab_210_PC064,In Use,AnonUser_0010,45
2026-04-01 14:30:00,Lab_210_PC065,In Use,AnonUser_0050,75
2026-04-01 14:30:00,Lab_210_PC066,In Use,AnonUser_0061,45
2026-04-01 14:30:00,Lab_210_PC067,In Use,AnonUser_0019,75
2026-04-01 14:30:00,Lab_210_PC068,In Use,AnonUser_0035,150
2026-04-01 14:30:00,Lab_210_PC069,In Use,AnonUser_0123,60
2026-04-01 14:30:00,Lab_210_PC070,In Use,AnonUser_0162,150
2026-04-01 14:30:00,Lab_210_PC071,In Use,AnonUser_0068,60
2026-04-01 14:30:00,Lab_210_PC072,In Use,AnonUser_0060,0
2026-04-01 14:30:00,Lab_210_PC073,In Use,AnonUser_0110,75
2026-04-01 14:30:00,Lab_210_PC074,In Use,AnonUser_0082,45
2026-04-01 14:30:00,Lab_210_PC075,In Use,AnonUser_0167,120
2026-04-01 14:30:00,Lab_210_PC076,In Use,AnonUser_0008,75
2026-04-01 14:30:00,Lab_210_PC077,In Use,AnonUser_0132,120
2026-04-01 14:30:00,Lab_210_PC078,In Use,AnonUser_0154,90
2026-04-01 14:30:00,Lab_210_PC079,In Use,AnonUser_0015,30
2026-04-01 14:30:00,Lab_210_PC080,Idle,AnonUser_0023,75
2026-04-01 14:30:00,Lab_210_PC081,In Use,AnonUser_0113,90
2026-04-01 14:30:00,Lab_219_PC082,In Use,AnonUser_0133,60
2026-04-01 14:30:00,Lab_219_PC083,In Use,AnonUser_0006,135
2026-04-01 14:30:00,Lab_219_PC084,Idle,AnonUser_0011,30
2026-04-01 14:30:00,Lab_219_PC085,In Use,AnonUser_0056,195
2026-04-01 14:30:00,Lab_219_PC086,In Use,AnonUser_0163,210
2026-04-01 14:30:00,Lab_219_PC087,Idle,AnonUser_0081,60
2026-04-01 14:30:00,Lab_219_PC088,In Use,AnonUser_0120,210
2026-04-01 14:30:00,Lab_219_PC089,In Use,AnonUser_0122,15
2026-04-01 14:30:00,Lab_219_PC090,In Use,AnonUser_0108,60
2026-04-01 14:30:00,Lab_219_PC091,In Use,AnonUser_0148,60
2026-04-01 14:30:00,Lab_219_PC092,In Use,AnonUser_0036,45
2026-04-01 14:30:00,Lab_219_PC093,In Use,AnonUser_0121,45
2026-04-01 14:30:00,Lab_219_PC094,In Use,AnonUser_0160,30
2026-04-01 14:30:00,Lab_219_PC095,Idle,AnonUser_0177,0
2026-04-01 14:30:00,Lab_219_PC096,Idle,AnonUser_0037,45
2026-04-01 14:30:00,Lab_219_PC097,In Use,AnonUser_0147,0
2026-04-01 14:30:00,Lab_219_PC098,In Use,AnonUser_0044,135
2026-04-01 14:30:00,Lab_219_PC099,In Use,AnonUser_0059,165
2026-04-01 14:30:00,Lab_219_PC100,In Use,AnonUser_0029,75
2026-04-01 14:30:00,Lab_219_PC101,In Use,AnonUser_0093,60
2026-04-01 14:30:00,Lab_219_PC102,In Use,AnonUser_0131,120
2026-04-01 14:30:00,Lab_219_PC103,Idle,AnonUser_0116,75
2026-04-01 14:30:00,Lab_219_PC104,In Use,AnonUser_0048,60
2026-04-01 14:30:00,Lab_219_PC105,Idle,AnonUser_0169,0
2026-04-01 14:30:00,Lab_219_PC106,In Use,AnonUser_0046,0
2026-04-01 14:30:00,Lab_219_PC107,In Use,AnonUser_0098,120
2026-04-01 14:30:00,Lab_219_PC108,In Use,AnonUser_0009,90
2026-04-01 14:30:00,Lab_219_PC109,In Use,AnonUser_0168,180
2026-04-01 14:30:00,Lab_219_PC110,In Use,AnonUser_0058,45
2026-04-01 14:30:00,Lab_219_PC111,In Use,AnonUser_0091,90
2026-04-01 14:30:00,Lab_219_PC112,In Use,AnonUser_0024,135
2026-04-01 14:30:00,Lab_219_PC113,In Use,AnonUser_0096,105
2026-04-01 14:30:00,Lab_219_PC114,In Use,AnonUser_0033,135
2026-04-01 14:30:00,Lab_219_PC115,In Use,AnonUser_0057,30
2026-04-01 14:30:00,Lab_219_PC116,Idle,AnonUser_0126,30
2026-04-01 14:30:00,Lab_219_PC117,In Use,AnonUser_0156,135
2026-04-01 14:30:00,Lab_219_PC118,In Use,AnonUser_0149,90
2026-04-01 14:30:00,Lab_219_PC119,In Use,AnonUser_0146,30
2026-04-01 14:30:00,Lab_219_PC120,In Use,AnonUser_0039,180
2026-04-01 14:30:00,Lab_219_PC121,In Use,AnonUser_0043,165
2026-04-01 14:30:00,Lab_219_PC122,Offline,N/A,N/A
2026-04-01 14:30:00,Lab_219_PC123,In Use,AnonUser_0173,30
2026-04-01 14:30:00,Lab_219_PC124,In Use,AnonUser_0089,150
2026-04-01 14:30:00,Lab_219_PC125,In Use,AnonUser_0150,30
2026-04-01 14:30:00,Lab_219_PC126,Idle,AnonUser_0077,120
2026-04-01 14:30:00,Lab_219_PC127,Idle,AnonUser_0013,30
2026-04-01 14:30:00,Lab_219_PC128,In Use,AnonUser_0119,180
2026-04-01 14:30:00,Lab_219_PC129,In Use,AnonUser_0176,150
2026-04-01 14:30:00,Lab_219_PC130,In Use,AnonUser_0076,120
2026-04-01 14:30:00,Lab_219_PC131,In Use,AnonUser_0038,105
2026-04-01 14:30:00,Lab_219_PC132,In Use,AnonUser_0166,105
2026-04-01 14:30:00,Lab_219_PC133,In Use,AnonUser_0028,165
2026-04-01 14:30:00,Lab_219_PC134,In Use,AnonUser_0085,45
2026-04-01 14:30:00,Lab_219_PC135,In Use,AnonUser_0021,180
2026-04-01 14:30:00,Lab_219_PC136,In Use,AnonUser_0135,210
2026-04-01 14:30:00,Lab_219_PC137,In Use,AnonUser_0064,105
2026-04-01 14:30:00,Lab_219_PC138,In Use,AnonUser_0104,0
2026-04-01 14:30:00,Lab_219_PC139,In Use,AnonUser_0097,120
2026-04-01 14:30:00,Lab_219_PC140,Idle,AnonUser_0142,105
2026-04-01 14:30:00,Lab_219_PC141,In Use,AnonUser_0100,105
2026-04-01 14:30:00,Lab_219_PC142,In Use,AnonUser_0066,180
2026-04-01 14:30:00,Lab_219_PC143,Idle,AnonUser_0084,15
2026-04-01 14:30:00,Lab_219_PC144,In Use,AnonUser_0055,75
2026-04-01 14:30:00,Lab_219_PC145,In Use,AnonUser_0128,0
2026-04-01 14:30:00,Lab_219_PC146,Idle,AnonUser_0053,0
2026-04-01 14:30:00,Lab_219_PC147,In Use,AnonUser_0073,15
2026-04-01 14:30:00,Lab_219_PC148,In Use,AnonUser_0175,105
2026-04-01 14:30:00,Lab_219_PC149,In Use,AnonUser_0127,75
2026-04-01 14:30:00,Lab_219_PC150,In Use,AnonUser_0025,30
2026-04-01 14:30:00,Lab_219_PC151,In Use,AnonUser_0139,30
2026-04-01 14:30:00,Lab_219_PC152,In Use,AnonUser_0090,0
2026-04-01 14:30:00,Lab_219_PC153,In Use,AnonUser_0111,75
2026-04-01 14:30:00,Lab_219_PC154,In Use,AnonUser_0054,45
2026-04-01 14:30:00,Lab_219_PC155,In Use,AnonUser_0155,15
2026-04-01 14:30:00,Lab_219_PC156,In Use,AnonUser_0152,30
2026-04-01 14:30:00,Lab_219_PC157,In Use,AnonUser_0092,75
2026-04-01 14:30:00,Lab_219_PC158,In Use,AnonUser_0070,0
2026-04-01 14:30:00,Lab_219_PC159,In Use,AnonUser_0016,90
2026-04-01 14:30:00,Lab_219_PC160,In Use,AnonUser_0143,15
2026-04-01 14:30:00,Lab_219_PC161,In Use,AnonUser_0045,60
2026-04-01 14:30:00,Lab_219_PC162,In Use,AnonUser_0078,120
2026-04-01 14:30:00,Lab_219_PC163,In Use,AnonUser_0086,165
2026-04-01 14:30:00,Lab_219_PC164,In Use,AnonUser_0101,15
2026-04-01 14:30:00,Lab_219_PC165,In Use,AnonUser_0145,0
2026-04-01 14:30:00,Lab_219_PC166,In Use,AnonUser_0018,30
2026-04-01 14:30:00,Lab_219_PC167,In Use,AnonUser_0074,15
2026-04-01 14:30:00,Lab_219_PC168,In Use,AnonUser_0079,60
2026-04-01 14:30:00,Lab_219_PC169,In Use,AnonUser_0138,0
2026-04-01 14:30:00,Lab_219_PC170,In Use,AnonUser_0034,15
2026-04-01 14:30:00,Lab_219_PC171,In Use,AnonUser_0063,150
2026-04-01 14:30:00,Lab_219_PC172,Idle,AnonUser_0158,45
2026-04-01 14:30:00,Lab_219_PC173,In Use,AnonUser_0005,15
2026-04-01 14:30:00,Lab_219_PC174,In Use,AnonUser_0109,15
2026-04-01 14:30:00,Lab_219_PC175,In Use,AnonUser_0140,225
2026-04-01 14:30:00,Lab_219_PC176,In Use,AnonUser_0114,0
2026-04-01 14:30:00,Lab_219_PC177,In Use,AnonUser_0020,75
2026-04-01 14:30:00,Lab_219_PC178,Idle,AnonUser_0102,15
2026-04-01 14:30:00,Lab_219_PC179,In Use,AnonUser_0164,150
2026-04-01 14:45:00,Lab_202_PC001,In Use,AnonUser_0004,150
2026-04-01 14:45:00,Lab_202_PC002,In Use,AnonUser_0106,45
2026-04-01 14:45:00,Lab_202_PC003,In Use,AnonUser_0031,105
2026-04-01 14:45:00,Lab_202_PC004,In Use,AnonUser_0094,0
2026-04-01 14:45:00,Lab_202_PC005,In Use,AnonUser_0107,120
2026-04-01 14:45:00,Lab_202_PC006,In Use,AnonUser_0072,105
2026-04-01 14:45:00,Lab_202_PC007,In Use,AnonUser_0161,210
2026-04-01 14:45:00,Lab_202_PC008,In Use,AnonUser_0062,105
2026-04-01 14:45:00,Lab_202_PC009,In Use,AnonUser_0014,60
2026-04-01 14:45:00,Lab_202_PC010,In Use,AnonUser_0170,15
2026-04-01 14:45:00,Lab_202_PC011,In Use,AnonUser_0002,120
2026-04-01 14:45:00,Lab_202_PC012,In Use,AnonUser_0157,0
2026-04-01 14:45:00,Lab_202_PC013,Idle,AnonUser_0047,135
2026-04-01 14:45:00,Lab_202_PC014,In Use,AnonUser_0137,60
2026-04-01 14:45:00,Lab_202_PC015,In Use,AnonUser_0022,105
2026-04-01 14:45:00,Lab_202_PC016,In Use,AnonUser_0144,60
2026-04-01 14:45:00,Lab_202_PC017,In Use,AnonUser_0125,105
2026-04-01 14:45:00,Lab_202_PC018,In Use,AnonUser_0178,90
2026-04-01 14:45:00,Lab_202_PC019,In Use,AnonUser_0001,15
2026-04-01 14:45:00,Lab_202_PC020,Idle,AnonUser_0049,60
2026-04-01 14:45:00,Lab_202_PC021,In Use,AnonUser_0042,45
2026-04-01 14:45:00,Lab_202_PC022,In Use,AnonUser_0051,120
2026-04-01 14:45:00,Lab_202_PC023,In Use,AnonUser_0130,210
2026-04-01 14:45:00,Lab_202_PC024,Idle,AnonUser_0027,75
2026-04-01 14:45:00,Lab_202_PC025,In Use,AnonUser_0012,105
2026-04-01 14:45:00,Lab_202_PC026,In Use,AnonUser_0083,90
2026-04-01 14:45:00,Lab_202_PC027,Idle,AnonUser_0165,225
2026-04-01 14:45:00,Lab_202_PC028,In Use,AnonUser_0069,15
2026-04-01 14:45:00,Lab_202_PC029,In Use,AnonUser_0129,45
2026-04-01 14:45:00,Lab_202_PC030,In Use,AnonUser_0041,30
2026-04-01 14:45:00,Lab_206_PC031,In Use,AnonUser_0117,60
2026-04-01 14:45:00,Lab_206_PC032,In Use,AnonUser_0105,45
2026-04-01 14:45:00,Lab_206_PC033,In Use,AnonUser_0032,90
2026-04-01 14:45:00,Lab_206_PC034,In Use,AnonUser_0071,45
2026-04-01 14:45:00,Lab_206_PC035,In Use,AnonUser_0087,150
2026-04-01 14:45:00,Lab_206_PC036,In Use,AnonUser_0052,30
2026-04-01 14:45:00,Lab_206_PC037,In Use,AnonUser_0134,0
2026-04-01 14:45:00,Lab_206_PC038,In Use,AnonUser_0040,105
2026-04-01 14:45:00,Lab_206_PC039,Idle,AnonUser_0088,165
2026-04-01 14:45:00,Lab_206_PC040,In Use,AnonUser_0030,60
2026-04-01 14:45:00,Lab_206_PC041,In Use,AnonUser_0103,135
2026-04-01 14:45:00,Lab_206_PC042,In Use,AnonUser_0095,15
2026-04-01 14:45:00,Lab_206_PC043,In Use,AnonUser_0026,120
2026-04-01 14:45:00,Lab_206_PC044,In Use,AnonUser_0115,180
2026-04-01 14:45:00,Lab_206_PC045,In Use,AnonUser_0003,180
2026-04-01 14:45:00,Lab_206_PC046,In Use,AnonUser_0007,90
2026-04-01 14:45:00,Lab_206_PC047,In Use,AnonUser_0141,0
2026-04-01 14:45:00,Lab_206_PC048,In Use,AnonUser_0099,105
2026-04-01 14:45:00,Lab_206_PC049,Idle,AnonUser_0153,150
2026-04-01 14:45:00,Lab_206_PC050,In Use,AnonUser_0075,105
2026-04-01 14:45:00,Lab_206_PC051,In Use,AnonUser_0136,30
2026-04-01 14:45:00,Lab_206_PC052,In Use,AnonUser_0174,90
2026-04-01 14:45:00,Lab_206_PC053,Idle,AnonUser_0151,45
2026-04-01 14:45:00,Lab_206_PC054,In Use,AnonUser_0112,210
2026-04-01 14:45:00,Lab_206_PC055,In Use,AnonUser_0124,135
2026-04-01 14:45:00,Lab_206_PC056,In Use,AnonUser_0179,0
2026-04-01 14:45:00,Lab_206_PC057,In Use,AnonUser_0065,150
2026-04-01 14:45:00,Lab_206_PC058,In Use,AnonUser_0067,30
2026-04-01 14:45:00,Lab_206_PC059,In Use,AnonUser_0171,0
2026-04-01 14:45:00,Lab_206_PC060,In Use,AnonUser_0080,15
2026-04-01 14:45:00,Lab_210_PC061,In Use,AnonUser_0017,135
2026-04-01 14:45:00,Lab_210_PC062,In Use,AnonUser_0172,150
2026-04-01 14:45:00,Lab_210_PC063,In Use,AnonUser_0118,15
2026-04-01 14:45:00,Lab_210_PC064,In Use,AnonUser_0010,30
2026-04-01 14:45:00,Lab_210_PC065,Idle,AnonUser_0050,60
2026-04-01 14:45:00,Lab_210_PC066,In Use,AnonUser_0061,30
2026-04-01 14:45:00,Lab_210_PC067,In Use,AnonUser_0019,60
2026-04-01 14:45:00,Lab_210_PC068,In Use,AnonUser_0035,135
2026-04-01 14:45:00,Lab_210_PC069,Idle,AnonUser_0123,45
2026-04-01 14:45:00,Lab_210_PC070,In Use,AnonUser_0162,135
2026-04-01 14:45:00,Lab_210_PC071,In Use,AnonUser_0068,45
2026-04-01 14:45:00,Lab_210_PC072,In Use,AnonUser_0159,120
2026-04-01 14:45:00,Lab_210_PC073,In Use,AnonUser_0110,60
2026-04-01 14:45:00,Lab_210_PC074,In Use,AnonUser_0082,30
2026-04-01 14:45:00,Lab_210_PC075,In Use,AnonUser_0167,105
2026-04-01 14:45:00,Lab_210_PC076,In Use,AnonUser_0008,60
2026-04-01 14:45:00,Lab_210_PC077,In Use,AnonUser_0132,105
2026-04-01 14:45:00,Lab_210_PC078,In Use,AnonUser_0154,75
2026-04-01 14:45:00,Lab_210_PC079,In Use,AnonUser_0015,15
2026-04-01 14:45:00,Lab_210_PC080,In Use,AnonUser_0023,60
2026-04-01 14:45:00,Lab_210_PC081,In Use,AnonUser_0113,75
2026-04-01 14:45:00,Lab_219_PC082,In Use,AnonUser_0133,45
2026-04-01 14:45:00,Lab_219_PC083,Idle,AnonUser_0006,120
2026-04-01 14:45:00,Lab_219_PC084,Idle,AnonUser_0011,15
2026-04-01 14:45:00,Lab_219_PC085,In Use,AnonUser_0056,180
2026-04-01 14:45:00,Lab_219_PC086,In Use,AnonUser_0163,195
2026-04-01 14:45:00,Lab_219_PC087,In Use,AnonUser_0081,45
2026-04-01 14:45:00,Lab_219_PC088,In Use,AnonUser_0120,195
2026-04-01 14:45:00,Lab_219_PC089,In Use,AnonUser_0122,0
2026-04-01 14:45:00,Lab_219_PC090,In Use,AnonUser_0108,45
2026-04-01 14:45:00,Lab_219_PC091,In Use,AnonUser_0148,45
2026-04-01 14:45:00,Lab_219_PC092,In Use,AnonUser_0036,30
2026-04-01 14:45:00,Lab_219_PC093,Idle,AnonUser_0121,30
2026-04-01 14:45:00,Lab_219_PC094,In Use,AnonUser_0160,15
2026-04-01 14:45:00,Lab_219_PC095,Idle,AnonUser_0060,165
2026-04-01 14:45:00,Lab_219_PC096,In Use,AnonUser_0037,30
2026-04-01 14:45:00,Lab_219_PC097,Offline,N/A,N/A
2026-04-01 14:45:00,Lab_219_PC098,In Use,AnonUser_0044,120
2026-04-01 14:45:00,Lab_219_PC099,In Use,AnonUser_0059,150
2026-04-01 14:45:00,Lab_219_PC100,In Use,AnonUser_0029,60
2026-04-01 14:45:00,Lab_219_PC101,In Use,AnonUser_0093,45
2026-04-01 14:45:00,Lab_219_PC102,Idle,AnonUser_0131,105
2026-04-01 14:45:00,Lab_219_PC103,Idle,AnonUser_0116,60
2026-04-01 14:45:00,Lab_219_PC104,In Use,AnonUser_0048,45
2026-04-01 14:45:00,Lab_219_PC105,Offline,N/A,N/A
2026-04-01 14:45:00,Lab_219_PC106,In Use,AnonUser_0177,150
2026-04-01 14:45:00,Lab_219_PC107,In Use,AnonUser_0098,105
2026-04-01 14:45:00,Lab_219_PC108,In Use,AnonUser_0009,75
2026-04-01 14:45:00,Lab_219_PC109,In Use,AnonUser_0168,165
2026-04-01 14:45:00,Lab_219_PC110,In Use,AnonUser_0058,30
2026-04-01 14:45:00,Lab_219_PC111,In Use,AnonUser_0091,75
2026-04-01 14:45:00,Lab_219_PC112,In Use,AnonUser_0024,120
2026-04-01 14:45:00,Lab_219_PC113,In Use,AnonUser_0096,90
2026-04-01 14:45:00,Lab_219_PC114,In Use,AnonUser_0033,120
2026-04-01 14:45:00,Lab_219_PC115,Idle,AnonUser_0057,15
2026-04-01 14:45:00,Lab_219_PC116,Idle,AnonUser_0126,15
2026-04-01 14:45:00,Lab_219_PC117,In Use,AnonUser_0156,120
2026-04-01 14:45:00,Lab_219_PC118,In Use,AnonUser_0149,75
2026-04-01 14:45:00,Lab_219_PC119,In Use,AnonUser_0146,15
2026-04-01 14:45:00,Lab_219_PC120,In Use,AnonUser_0039,165
2026-04-01 14:45:00,Lab_219_PC121,In Use,AnonUser_0043,150
2026-04-01 14:45:00,Lab_219_PC122,Offline,N/A,N/A
2026-04-01 14:45:00,Lab_219_PC123,In Use,AnonUser_0173,15
2026-04-01 14:45:00,Lab_219_PC124,In Use,AnonUser_0089,135
2026-04-01 14:45:00,Lab_219_PC125,Idle,AnonUser_0150,15
2026-04-01 14:45:00,Lab_219_PC126,In Use,AnonUser_0077,105
2026-04-01 14:45:00,Lab_219_PC127,In Use,AnonUser_0013,15
2026-04-01 14:45:00,Lab_219_PC128,In Use,AnonUser_0119,165
2026-04-01 14:45:00,Lab_219_PC129,Idle,AnonUser_0176,135
2026-04-01 14:45:00,Lab_219_PC130,In Use,AnonUser_0076,105
2026-04-01 14:45:00,Lab_219_PC131,Idle,AnonUser_0038,90
2026-04-01 14:45:00,Lab_219_PC132,In Use,AnonUser_0166,90
2026-04-01 14:45:00,Lab_219_PC133,In Use,AnonUser_0028,150
2026-04-01 14:45:00,Lab_219_PC134,In Use,AnonUser_0085,30
2026-04-01 14:45:00,Lab_219_PC135,In Use,AnonUser_0021,165
2026-04-01 14:45:00,Lab_219_PC136,In Use,AnonUser_0135,195
2026-04-01 14:45:00,Lab_219_PC137,In Use,AnonUser_0064,90
2026-04-01 14:45:00,Lab_219_PC138,In Use,AnonUser_0147,105
2026-04-01 14:45:00,Lab_219_PC139,In Use,AnonUser_0097,105
2026-04-01 14:45:00,Lab_219_PC140,In Use,AnonUser_0142,90
2026-04-01 14:45:00,Lab_219_PC141,In Use,AnonUser_0100,90
2026-04-01 14:45:00,Lab_219_PC142,In Use,AnonUser_0066,165
2026-04-01 14:45:00,Lab_219_PC143,In Use,AnonUser_0084,0
2026-04-01 14:45:00,Lab_219_PC144,In Use,AnonUser_0055,60
2026-04-01 14:45:00,Lab_219_PC145,In Use,AnonUser_0104,105
2026-04-01 14:45:00,Lab_219_PC146,In Use,AnonUser_0046,30
2026-04-01 14:45:00,Lab_219_PC147,Idle,AnonUser_0073,0
2026-04-01 14:45:00,Lab_219_PC148,Idle,AnonUser_0175,90
2026-04-01 14:45:00,Lab_219_PC149,In Use,AnonUser_0127,60
2026-04-01 14:45:00,Lab_219_PC150,Idle,AnonUser_0025,15
2026-04-01 14:45:00,Lab_219_PC151,In Use,AnonUser_0139,15
2026-04-01 14:45:00,Lab_219_PC152,In Use,AnonUser_0169,180
2026-04-01 14:45:00,Lab_219_PC153,Idle,AnonUser_0111,60
2026-04-01 14:45:00,Lab_219_PC154,In Use,AnonUser_0054,30
2026-04-01 14:45:00,Lab_219_PC155,Idle,AnonUser_0155,0
2026-04-01 14:45:00,Lab_219_PC156,In Use,AnonUser_0152,15
2026-04-01 14:45:00,Lab_219_PC157,In Use,AnonUser_0092,60
2026-04-01 14:45:00,Lab_219_PC158,Offline,N/A,N/A
2026-04-01 14:45:00,Lab_219_PC159,In Use,AnonUser_0016,75
2026-04-01 14:45:00,Lab_219_PC160,Idle,AnonUser_0143,0
2026-04-01 14:45:00,Lab_219_PC161,In Use,AnonUser_0045,45
2026-04-01 14:45:00,Lab_219_PC162,In Use,AnonUser_0078,105
2026-04-01 14:45:00,Lab_219_PC163,In Use,AnonUser_0086,150
2026-04-01 14:45:00,Lab_219_PC164,In Use,AnonUser_0101,0
2026-04-01 14:45:00,Lab_219_PC165,In Use,AnonUser_0053,180
2026-04-01 14:45:00,Lab_219_PC166,In Use,AnonUser_0018,15
2026-04-01 14:45:00,Lab_219_PC167,In Use,AnonUser_0074,0
2026-04-01 14:45:00,Lab_219_PC168,In Use,AnonUser_0079,45
2026-04-01 14:45:00,Lab_219_PC169,In Use,AnonUser_0090,195
2026-04-01 14:45:00,Lab_219_PC170,In Use,AnonUser_0034,0
2026-04-01 14:45:00,Lab_219_PC171,In Use,AnonUser_0063,135
2026-04-01 14:45:00,Lab_219_PC172,In Use,AnonUser_0158,30
2026-04-01 14:45:00,Lab_219_PC173,In Use,AnonUser_0005,0
2026-04-01 14:45:00,Lab_219_PC174,In Use,AnonUser_0109,0
2026-04-01 14:45:00,Lab_219_PC175,In Use,AnonUser_0140,210
2026-04-01 14:45:00,Lab_219_PC176,Idle,AnonUser_0138,225
2026-04-01 14:45:00,Lab_219_PC177,In Use,AnonUser_0020,60
2026-04-01 14:45:00,Lab_219_PC178,In Use,AnonUser_0102,0
2026-04-01 14:45:00,Lab_219_PC179,In Use,AnonUser_0164,135
2026-04-01 15:00:00,Lab_202_PC001,In Use,AnonUser_0004,135
2026-04-01 15:00:00,Lab_202_PC002,In Use,AnonUser_0106,30
2026-04-01 15:00:00,Lab_202_PC003,In Use,AnonUser_0031,90
2026-04-01 15:00:00,Lab_202_PC004,Offline,N/A,N/A
2026-04-01 15:00:00,Lab_202_PC005,In Use,AnonUser_0107,105
2026-04-01 15:00:00,Lab_202_PC006,In Use,AnonUser_0072,90
2026-04-01 15:00:00,Lab_202_PC007,In Use,AnonUser_0161,195
2026-04-01 15:00:00,Lab_202_PC008,In Use,AnonUser_0062,90
2026-04-01 15:00:00,Lab_202_PC009,In Use,AnonUser_0014,45
2026-04-01 15:00:00,Lab_202_PC010,In Use,AnonUser_0170,0
2026-04-01 15:00:00,Lab_202_PC011,In Use,AnonUser_0002,105
2026-04-01 15:00:00,Lab_202_PC012,In Use,AnonUser_0070,75
2026-04-01 15:00:00,Lab_202_PC013,In Use,AnonUser_0047,120
2026-04-01 15:00:00,Lab_202_PC014,In Use,AnonUser_0137,45
2026-04-01 15:00:00,Lab_202_PC015,In Use,AnonUser_0022,90
2026-04-01 15:00:00,Lab_202_PC016,In Use,AnonUser_0144,45
2026-04-01 15:00:00,Lab_202_PC017,In Use,AnonUser_0125,90
2026-04-01 15:00:00,Lab_202_PC018,In Use,AnonUser_0178,75
2026-04-01 15:00:00,Lab_202_PC019,In Use,AnonUser_0001,0
2026-04-01 15:00:00,Lab_202_PC020,In Use,AnonUser_0049,45
2026-04-01 15:00:00,Lab_202_PC021,In Use,AnonUser_0042,30
2026-04-01 15:00:00,Lab_202_PC022,In Use,AnonUser_0051,105
2026-04-01 15:00:00,Lab_202_PC023,In Use,AnonUser_0130,195
2026-04-01 15:00:00,Lab_202_PC024,In Use,AnonUser_0027,60
2026-04-01 15:00:00,Lab_202_PC025,In Use,AnonUser_0012,90
2026-04-01 15:00:00,Lab_202_PC026,In Use,AnonUser_0083,75
2026-04-01 15:00:00,Lab_202_PC027,In Use,AnonUser_0165,210
2026-04-01 15:00:00,Lab_202_PC028,In Use,AnonUser_0069,0
2026-04-01 15:00:00,Lab_202_PC029,In Use,AnonUser_0129,30
2026-04-01 15:00:00,Lab_202_PC030,In Use,AnonUser_0041,15
2026-04-01 15:00:00,Lab_206_PC031,In Use,AnonUser_0117,45
2026-04-01 15:00:00,Lab_206_PC032,In Use,AnonUser_0105,30
2026-04-01 15:00:00,Lab_206_PC033,In Use,AnonUser_0032,75
2026-04-01 15:00:00,Lab_206_PC034,In Use,AnonUser_0071,30
2026-04-01 15:00:00,Lab_206_PC035,In Use,AnonUser_0087,135
2026-04-01 15:00:00,Lab_206_PC036,In Use,AnonUser_0052,15
2026-04-01 15:00:00,Lab_206_PC037,Offline,N/A,N/A
2026-04-01 15:00:00,Lab_206_PC038,Idle,AnonUser_0040,90
2026-04-01 15:00:00,Lab_206_PC039,In Use,AnonUser_0088,150
2026-04-01 15:00:00,Lab_206_PC040,In Use,AnonUser_0030,45
2026-04-01 15:00:00,Lab_206_PC041,Idle,AnonUser_0103,120
2026-04-01 15:00:00,Lab_206_PC042,In Use,AnonUser_0095,0
2026-04-01 15:00:00,Lab_206_PC043,In Use,AnonUser_0026,105
2026-04-01 15:00:00,Lab_206_PC044,In Use,AnonUser_0115,165
2026-04-01 15:00:00,Lab_206_PC045,Idle,AnonUser_0003,165
2026-04-01 15:00:00,Lab_206_PC046,In Use,AnonUser_0007,75
2026-04-01 15:00:00,Lab_206_PC047,In Use,AnonUser_0145,165
2026-04-01 15:00:00,Lab_206_PC048,In Use,AnonUser_0099,90
2026-04-01 15:00:00,Lab_206_PC049,Idle,AnonUser_0153,135
2026-04-01 15:00:00,Lab_206_PC050,In Use,AnonUser_0075,90
2026-04-01 15:00:00,Lab_206_PC051,Idle,AnonUser_0136,15
2026-04-01 15:00:00,Lab_206_PC052,In Use,AnonUser_0174,75
2026-04-01 15:00:00,Lab_206_PC053,Idle,AnonUser_0151,30
2026-04-01 15:00:00,Lab_206_PC054,In Use,AnonUser_0112,195
2026-04-01 15:00:00,Lab_206_PC055,In Use,AnonUser_0124,120
2026-04-01 15:00:00,Lab_206_PC056,In Use,AnonUser_0157,45
2026-04-01 15:00:00,Lab_206_PC057,In Use,AnonUser_0065,135
2026-04-01 15:00:00,Lab_206_PC058,Idle,AnonUser_0067,15
2026-04-01 15:00:00,Lab_206_PC059,In Use,AnonUser_0141,15
2026-04-01 15:00:00,Lab_206_PC060,In Use,AnonUser_0080,0
2026-04-01 15:00:00,Lab_210_PC061,In Use,AnonUser_0017,120
2026-04-01 15:00:00,Lab_210_PC062,In Use,AnonUser_0172,135
2026-04-01 15:00:00,Lab_210_PC063,In Use,AnonUser_0118,0
2026-04-01 15:00:00,Lab_210_PC064,In Use,AnonUser_0010,15
2026-04-01 15:00:00,Lab_210_PC065,In Use,AnonUser_0050,45
2026-04-01 15:00:00,Lab_210_PC066,Idle,AnonUser_0061,15
2026-04-01 15:00:00,Lab_210_PC067,In Use,AnonUser_0019,45
2026-04-01 15:00:00,Lab_210_PC068,In Use,AnonUser_0035,120
2026-04-01 15:00:00,Lab_210_PC069,In Use,AnonUser_0123,30
2026-04-01 15:00:00,Lab_210_PC070,Idle,AnonUser_0162,120
2026-04-01 15:00:00,Lab_210_PC071,In Use,AnonUser_0068,30
2026-04-01 15:00:00,Lab_210_PC072,In Use,AnonUser_0159,105
2026-04-01 15:00:00,Lab_210_PC073,In Use,AnonUser_0110,45
2026-04-01 15:00:00,Lab_210_PC074,In Use,AnonUser_0082,15
2026-04-01 15:00:00,Lab_210_PC075,Idle,AnonUser_0167,90
2026-04-01 15:00:00,Lab_210_PC076,In Use,AnonUser_0008,45
2026-04-01 15:00:00,Lab_210_PC077,In Use,AnonUser_0132,90
2026-04-01 15:00:00,Lab_210_PC078,In Use,AnonUser_0154,60
2026-04-01 15:00:00,Lab_210_PC079,In Use,AnonUser_0015,0
2026-04-01 15:00:00,Lab_210_PC080,In Use,AnonUser_0023,45
2026-04-01 15:00:00,Lab_210_PC081,In Use,AnonUser_0113,60
2026-04-01 15:00:00,Lab_219_PC082,In Use,AnonUser_0133,30
2026-04-01 15:00:00,Lab_219_PC083,In Use,AnonUser_0006,105
2026-04-01 15:00:00,Lab_219_PC084,In Use,AnonUser_0011,0
2026-04-01 15:00:00,Lab_219_PC085,In Use,AnonUser_0056,165
2026-04-01 15:00:00,Lab_219_PC086,In Use,AnonUser_0163,180
2026-04-01 15:00:00,Lab_219_PC087,Idle,AnonUser_0081,30
2026-04-01 15:00:00,Lab_219_PC088,In Use,AnonUser_0120,180
2026-04-01 15:00:00,Lab_219_PC089,In Use,AnonUser_0114,60
2026-04-01 15:00:00,Lab_219_PC090,In Use,AnonUser_0108,30
2026-04-01 15:00:00,Lab_219_PC091,In Use,AnonUser_0148,30
2026-04-01 15:00:00,Lab_219_PC092,In Use,AnonUser_0036,15
2026-04-01 15:00:00,Lab_219_PC093,In Use,AnonUser_0121,15
2026-04-01 15:00:00,Lab_219_PC094,Idle,AnonUser_0160,0
2026-04-01 15:00:00,Lab_219_PC095,In Use,AnonUser_0060,150
2026-04-01 15:00:00,Lab_219_PC096,In Use,AnonUser_0037,15
2026-04-01 15:00:00,Lab_219_PC097,In Use,AnonUser_0134,180
2026-04-01 15:00:00,Lab_219_PC098,In Use,AnonUser_0044,105
2026-04-01 15:00:00,Lab_219_PC099,In Use,AnonUser_0059,135
2026-04-01 15:00:00,Lab_219_PC100,Idle,AnonUser_0029,45
2026-04-01 15:00:00,Lab_219_PC101,In Use,AnonUser_0093,30
2026-04-01 15:00:00,Lab_219_PC102,In Use,AnonUser_0131,90
2026-04-01 15:00:00,Lab_219_PC103,In Use,AnonUser_0116,45
2026-04-01 15:00:00,Lab_219_PC104,In Use,AnonUser_0048,30
2026-04-01 15:00:00,Lab_219_PC105,Idle,AnonUser_0179,30
2026-04-01 15:00:00,Lab_219_PC106,In Use,AnonUser_0177,135
2026-04-01 15:00:00,Lab_219_PC107,In Use,AnonUser_0098,90
2026-04-01 15:00:00,Lab_219_PC108,In Use,AnonUser_0009,60
2026-04-01 15:00:00,Lab_219_PC109,In Use,AnonUser_0168,150
2026-04-01 15:00:00,Lab_219_PC110,In Use,AnonUser_0058,15
2026-04-01 15:00:00,Lab_219_PC111,In Use,AnonUser_0091,60
2026-04-01 15:00:00,Lab_219_PC112,In Use,AnonUser_0024,105
2026-04-01 15:00:00,Lab_219_PC113,Idle,AnonUser_0096,75
2026-04-01 15:00:00,Lab_219_PC114,In Use,AnonUser_0033,105
2026-04-01 15:00:00,Lab_219_PC115,In Use,AnonUser_0057,0
2026-04-01 15:00:00,Lab_219_PC116,Idle,AnonUser_0126,0
2026-04-01 15:00:00,Lab_219_PC117,In Use,AnonUser_0156,105
2026-04-01 15:00:00,Lab_219_PC118,Idle,AnonUser_0149,60
2026-04-01 15:00:00,Lab_219_PC119,In Use,AnonUser_0146,0
2026-04-01 15:00:00,Lab_219_PC120,In Use,AnonUser_0039,150
2026-04-01 15:00:00,Lab_219_PC121,In Use,AnonUser_0043,135
2026-04-01 15:00:00,Lab_219_PC122,In Use,AnonUser_0094,0
2026-04-01 15:00:00,Lab_219_PC123,In Use,AnonUser_0173,0
2026-04-01 15:00:00,Lab_219_PC124,In Use,AnonUser_0089,120
2026-04-01 15:00:00,Lab_219_PC125,In Use,AnonUser_0150,0
2026-04-01 15:00:00,Lab_219_PC126,Idle,AnonUser_0077,90
2026-04-01 15:00:00,Lab_219_PC127,In Use,AnonUser_0013,0
2026-04-01 15:00:00,Lab_219_PC128,In Use,AnonUser_0119,150
2026-04-01 15:00:00,Lab_219_PC129,In Use,AnonUser_0176,120
2026-04-01 15:00:00,Lab_219_PC130,In Use,AnonUser_0076,90
2026-04-01 15:00:00,Lab_219_PC131,In Use,AnonUser_0038,75
2026-04-01 15:00:00,Lab_219_PC132,In Use,AnonUser_0166,75
2026-04-01 15:00:00,Lab_219_PC133,In Use,AnonUser_0028,135
2026-04-01 15:00:00,Lab_219_PC134,In Use,AnonUser_0085,15
2026-04-01 15:00:00,Lab_219_PC135,Idle,AnonUser_0021,150
2026-04-01 15:00:00,Lab_219_PC136,In Use,AnonUser_0135,180
2026-04-01 15:00:00,Lab_219_PC137,In Use,AnonUser_0064,75
2026-04-01 15:00:00,Lab_219_PC138,In Use,AnonUser_0147,90
2026-04-01 15:00:00,Lab_219_PC139,Idle,AnonUser_0097,90
2026-04-01 15:00:00,Lab_219_PC140,In Use,AnonUser_0142,75
2026-04-01 15:00:00,Lab_219_PC141,Idle,AnonUser_0100,75
2026-04-01 15:00:00,Lab_219_PC142,In Use,AnonUser_0066,150
2026-04-01 15:00:00,Lab_219_PC143,In Use,AnonUser_0128,45
2026-04-01 15:00:00,Lab_219_PC144,In Use,AnonUser_0055,45
2026-04-01 15:00:00,Lab_219_PC145,In Use,AnonUser_0104,90
2026-04-01 15:00:00,Lab_219_PC146,In Use,AnonUser_0046,15
2026-04-01 15:00:00,Lab_219_PC147,In Use,AnonUser_0122,135
2026-04-01 15:00:00,Lab_219_PC148,In Use,AnonUser_0175,75
2026-04-01 15:00:00,Lab_219_PC149,In Use,AnonUser_0127,45
2026-04-01 15:00:00,Lab_219_PC150,In Use,AnonUser_0025,0
2026-04-01 15:00:00,Lab_219_PC151,In Use,AnonUser_0139,0
2026-04-01 15:00:00,Lab_219_PC152,Idle,AnonUser_0169,165
2026-04-01 15:00:00,Lab_219_PC153,In Use,AnonUser_0111,45
2026-04-01 15:00:00,Lab_219_PC154,Idle,AnonUser_0054,15
2026-04-01 15:00:00,Lab_219_PC155,In Use,AnonUser_0073,0
2026-04-01 15:00:00,Lab_219_PC156,In Use,AnonUser_0152,0
2026-04-01 15:00:00,Lab_219_PC157,In Use,AnonUser_0092,45
2026-04-01 15:00:00,Lab_219_PC158,Offline,N/A,N/A
2026-04-01 15:00:00,Lab_219_PC159,In Use,AnonUser_0016,60
2026-04-01 15:00:00,Lab_219_PC160,In Use,AnonUser_0155,75
2026-04-01 15:00:00,Lab_219_PC161,Idle,AnonUser_0045,30
2026-04-01 15:00:00,Lab_219_PC162,In Use,AnonUser_0078,90
2026-04-01 15:00:00,Lab_219_PC163,In Use,AnonUser_0086,135
2026-04-01 15:00:00,Lab_219_PC164,In Use,AnonUser_0084,30
2026-04-01 15:00:00,Lab_219_PC165,In Use,AnonUser_0053,165
2026-04-01 15:00:00,Lab_219_PC166,In Use,AnonUser_0018,0
2026-04-01 15:00:00,Lab_219_PC167,Offline,N/A,N/A
2026-04-01 15:00:00,Lab_219_PC168,In Use,AnonUser_0079,30
2026-04-01 15:00:00,Lab_219_PC169,In Use,AnonUser_0090,180
2026-04-01 15:00:00,Lab_219_PC170,In Use,AnonUser_0101,225
2026-04-01 15:00:00,Lab_219_PC171,In Use,AnonUser_0063,120
2026-04-01 15:00:00,Lab_219_PC172,Idle,AnonUser_0158,15
2026-04-01 15:00:00,Lab_219_PC173,In Use,AnonUser_0143,15
2026-04-01 15:00:00,Lab_219_PC174,Idle,AnonUser_0005,105
2026-04-01 15:00:00,Lab_219_PC175,In Use,AnonUser_0140,195
2026-04-01 15:00:00,Lab_219_PC176,In Use,AnonUser_0138,210
2026-04-01 15:00:00,Lab_219_PC177,In Use,AnonUser_0020,45
2026-04-01 15:00:00,Lab_219_PC178,Idle,AnonUser_0102,195
2026-04-01 15:00:00,Lab_219_PC179,In Use,AnonUser_0164,120
2026-04-01 15:15:00,Lab_202_PC001,Idle,AnonUser_0004,120
2026-04-01 15:15:00,Lab_202_PC002,In Use,AnonUser_0106,15
2026-04-01 15:15:00,Lab_202_PC003,In Use,AnonUser_0031,75
2026-04-01 15:15:00,Lab_202_PC004,In Use,AnonUser_0171,225
2026-04-01 15:15:00,Lab_202_PC005,In Use,AnonUser_0107,90
2026-04-01 15:15:00,Lab_202_PC006,In Use,AnonUser_0072,75
2026-04-01 15:15:00,Lab_202_PC007,In Use,AnonUser_0161,180
2026-04-01 15:15:00,Lab_202_PC008,In Use,AnonUser_0062,75
2026-04-01 15:15:00,Lab_202_PC009,In Use,AnonUser_0014,30
2026-04-01 15:15:00,Lab_202_PC010,In Use,AnonUser_0170,90
2026-04-01 15:15:00,Lab_202_PC011,In Use,AnonUser_0002,90
2026-04-01 15:15:00,Lab_202_PC012,In Use,AnonUser_0070,60
2026-04-01 15:15:00,Lab_202_PC013,Idle,AnonUser_0047,105
2026-04-01 15:15:00,Lab_202_PC014,In Use,AnonUser_0137,30
2026-04-01 15:15:00,Lab_202_PC015,In Use,AnonUser_0022,75
2026-04-01 15:15:00,Lab_202_PC016,In Use,AnonUser_0144,30
2026-04-01 15:15:00,Lab_202_PC017,In Use,AnonUser_0125,75
2026-04-01 15:15:00,Lab_202_PC018,In Use,AnonUser_0178,60
2026-04-01 15:15:00,Lab_202_PC019,In Use,AnonUser_0074,30
2026-04-01 15:15:00,Lab_202_PC020,In Use,AnonUser_0049,30
2026-04-01 15:15:00,Lab_202_PC021,In Use,AnonUser_0042,15
2026-04-01 15:15:00,Lab_202_PC022,In Use,AnonUser_0051,90
2026-04-01 15:15:00,Lab_202_PC023,In Use,AnonUser_0130,180
2026-04-01 15:15:00,Lab_202_PC024,In Use,AnonUser_0027,45
2026-04-01 15:15:00,Lab_202_PC025,In Use,AnonUser_0012,75
2026-04-01 15:15:00,Lab_202_PC026,In Use,AnonUser_0083,60
2026-04-01 15:15:00,Lab_202_PC027,In Use,AnonUser_0165,195
2026-04-01 15:15:00,Lab_202_PC028,In Use,AnonUser_0109,0
2026-04-01 15:15:00,Lab_202_PC029,In Use,AnonUser_0129,15
2026-04-01 15:15:00,Lab_202_PC030,In Use,AnonUser_0041,0
2026-04-01 15:15:00,Lab_206_PC031,In Use,AnonUser_0117,30
2026-04-01 15:15:00,Lab_206_PC032,Idle,AnonUser_0105,15
2026-04-01 15:15:00,Lab_206_PC033,In Use,AnonUser_0032,60
2026-04-01 15:15:00,Lab_206_PC034,In Use,AnonUser_0071,15
2026-04-01 15:15:00,Lab_206_PC035,In Use,AnonUser_0087,120
2026-04-01 15:15:00,Lab_206_PC036,In Use,AnonUser_0052,0
2026-04-01 15:15:00,Lab_206_PC037,In Use,AnonUser_0001,75
2026-04-01 15:15:00,Lab_206_PC038,In Use,AnonUser_0040,75
2026-04-01 15:15:00,Lab_206_PC039,In Use,AnonUser_0088,135
2026-04-01 15:15:00,Lab_206_PC040,Idle,AnonUser_0030,30
2026-04-01 15:15:00,Lab_206_PC041,In Use,AnonUser_0103,105
2026-04-01 15:15:00,Lab_206_PC042,In Use,AnonUser_0095,15
2026-04-01 15:15:00,Lab_206_PC043,In Use,AnonUser_0026,90
2026-04-01 15:15:00,Lab_206_PC044,In Use,AnonUser_0115,150
2026-04-01 15:15:00,Lab_206_PC045,Idle,AnonUser_0003,150
2026-04-01 15:15:00,Lab_206_PC046,In Use,AnonUser_0007,60
2026-04-01 15:15:00,Lab_206_PC047,In Use,AnonUser_0145,150
2026-04-01 15:15:00,Lab_206_PC048,In Use,AnonUser_0099,75
2026-04-01 15:15:00,Lab_206_PC049,In Use,AnonUser_0153,120
2026-04-01 15:15:00,Lab_206_PC050,Idle,AnonUser_0075,75
2026-04-01 15:15:00,Lab_206_PC051,In Use,AnonUser_0136,0
2026-04-01 15:15:00,Lab_206_PC052,Idle,AnonUser_0174,60
2026-04-01 15:15:00,Lab_206_PC053,In Use,AnonUser_0151,15
2026-04-01 15:15:00,Lab_206_PC054,In Use,AnonUser_0112,180
2026-04-01 15:15:00,Lab_206_PC055,In Use,AnonUser_0124,105
2026-04-01 15:15:00,Lab_206_PC056,In Use,AnonUser_0157,30
2026-04-01 15:15:00,Lab_206_PC057,Idle,AnonUser_0065,120
2026-04-01 15:15:00,Lab_206_PC058,Idle,AnonUser_0067,0
2026-04-01 15:15:00,Lab_206_PC059,In Use,AnonUser_0141,0
2026-04-01 15:15:00,Lab_206_PC060,Offline,N/A,N/A
2026-04-01 15:15:00,Lab_210_PC061,In Use,AnonUser_0017,105
2026-04-01 15:15:00,Lab_210_PC062,In Use,AnonUser_0172,120
2026-04-01 15:15:00,Lab_210_PC063,In Use,AnonUser_0034,45
2026-04-01 15:15:00,Lab_210_PC064,In Use,AnonUser_0010,0
2026-04-01 15:15:00,Lab_210_PC065,In Use,AnonUser_0050,30
2026-04-01 15:15:00,Lab_210_PC066,In Use,AnonUser_0061,0
2026-04-01 15:15:00,Lab_210_PC067,In Use,AnonUser_0019,30
2026-04-01 15:15:00,Lab_210_PC068,Idle,AnonUser_0035,105
2026-04-01 15:15:00,Lab_210_PC069,Idle,AnonUser_0123,15
2026-04-01 15:15:00,Lab_210_PC070,In Use,AnonUser_0162,105
2026-04-01 15:15:00,Lab_210_PC071,In Use,AnonUser_0068,15
2026-04-01 15:15:00,Lab_210_PC072,In Use,AnonUser_0159,90
2026-04-01 15:15:00,Lab_210_PC073,In Use,AnonUser_0110,30
2026-04-01 15:15:00,Lab_210_PC074,In Use,AnonUser_0082,0
2026-04-01 15:15:00,Lab_210_PC075,In Use,AnonUser_0167,75
2026-04-01 15:15:00,Lab_210_PC076,In Use,AnonUser_0008,30
2026-04-01 15:15:00,Lab_210_PC077,In Use,AnonUser_0132,75
2026-04-01 15:15:00,Lab_210_PC078,Idle,AnonUser_0154,45
2026-04-01 15:15:00,Lab_210_PC079,Idle,AnonUser_0118,150
2026-04-01 15:15:00,Lab_210_PC080,Idle,AnonUser_0023,30
2026-04-01 15:15:00,Lab_210_PC081,In Use,AnonUser_0113,45
2026-04-01 15:15:00,Lab_219_PC082,In Use,AnonUser_0133,15
2026-04-01 15:15:00,Lab_219_PC083,In Use,AnonUser_0006,90
2026-04-01 15:15:00,Lab_219_PC084,In Use,AnonUser_0015,0
2026-04-01 15:15:00,Lab_219_PC085,In Use,AnonUser_0056,150
2026-04-01 15:15:00,Lab_219_PC086,In Use,AnonUser_0163,165
2026-04-01 15:15:00,Lab_219_PC087,In Use,AnonUser_0081,15
2026-04-01 15:15:00,Lab_219_PC088,In Use,AnonUser_0120,165
2026-04-01 15:15:00,Lab_219_PC089,Idle,AnonUser_0114,45
2026-04-01 15:15:00,Lab_219_PC090,In Use,AnonUser_0108,15
2026-04-01 15:15:00,Lab_219_PC091,In Use,AnonUser_0148,15
2026-04-01 15:15:00,Lab_219_PC092,In Use,AnonUser_0036,0
2026-04-01 15:15:00,Lab_219_PC093,In Use,AnonUser_0121,0
2026-04-01 15:15:00,Lab_219_PC094,In Use,AnonUser_0160,165
2026-04-01 15:15:00,Lab_219_PC095,In Use,AnonUser_0060,135
2026-04-01 15:15:00,Lab_219_PC096,In Use,AnonUser_0037,0
2026-04-01 15:15:00,Lab_219_PC097,In Use,AnonUser_0134,165
2026-04-01 15:15:00,Lab_219_PC098,In Use,AnonUser_0044,90
2026-04-01 15:15:00,Lab_219_PC099,In Use,AnonUser_0059,120
2026-04-01 15:15:00,Lab_219_PC100,In Use,AnonUser_0029,30
2026-04-01 15:15:00,Lab_219_PC101,In Use,AnonUser_0093,15
2026-04-01 15:15:00,Lab_219_PC102,In Use,AnonUser_0131,75
2026-04-01 15:15:00,Lab_219_PC103,In Use,AnonUser_0116,30
2026-04-01 15:15:00,Lab_219_PC104,In Use,AnonUser_0048,15
2026-04-01 15:15:00,Lab_219_PC105,In Use,AnonUser_0179,15
2026-04-01 15:15:00,Lab_219_PC106,Idle,AnonUser_0177,120
2026-04-01 15:15:00,Lab_219_PC107,In Use,AnonUser_0098,75
2026-04-01 15:15:00,Lab_219_PC108,In Use,AnonUser_0009,45
2026-04-01 15:15:00,Lab_219_PC109,In Use,AnonUser_0168,135
2026-04-01 15:15:00,Lab_219_PC110,In Use,AnonUser_0058,0
2026-04-01 15:15:00,Lab_219_PC111,In Use,AnonUser_0091,45
2026-04-01 15:15:00,Lab_219_PC112,Idle,AnonUser_0024,90
2026-04-01 15:15:00,Lab_219_PC113,In Use,AnonUser_0096,60
2026-04-01 15:15:00,Lab_219_PC114,In Use,AnonUser_0033,90
2026-04-01 15:15:00,Lab_219_PC115,In Use,AnonUser_0069,180
2026-04-01 15:15:00,Lab_219_PC116,In Use,AnonUser_0080,135
2026-04-01 15:15:00,Lab_219_PC117,In Use,AnonUser_0156,90
2026-04-01 15:15:00,Lab_219_PC118,In Use,AnonUser_0149,45
2026-04-01 15:15:00,Lab_219_PC119,In Use,AnonUser_0126,180
2026-04-01 15:15:00,Lab_219_PC120,In Use,AnonUser_0039,135
2026-04-01 15:15:00,Lab_219_PC121,In Use,AnonUser_0043,120
2026-04-01 15:15:00,Lab_219_PC122,Idle,AnonUser_0094,180
2026-04-01 15:15:00,Lab_219_PC123,In Use,AnonUser_0057,60
2026-04-01 15:15:00,Lab_219_PC124,In Use,AnonUser_0089,105
2026-04-01 15:15:00,Lab_219_PC125,In Use,AnonUser_0150,180
2026-04-01 15:15:00,Lab_219_PC126,Idle,AnonUser_0077,75
2026-04-01 15:15:00,Lab_219_PC127,Offline,N/A,N/A
2026-04-01 15:15:00,Lab_219_PC128,In Use,AnonUser_0119,135
2026-04-01 15:15:00,Lab_219_PC129,In Use,AnonUser_0176,105
2026-04-01 15:15:00,Lab_219_PC130,In Use,AnonUser_0076,75
2026-04-01 15:15:00,Lab_219_PC131,In Use,AnonUser_0038,60
2026-04-01 15:15:00,Lab_219_PC132,In Use,AnonUser_0166,60
2026-04-01 15:15:00,Lab_219_PC133,In Use,AnonUser_0028,120
2026-04-01 15:15:00,Lab_219_PC134,Idle,AnonUser_0085,0
2026-04-01 15:15:00,Lab_219_PC135,In Use,AnonUser_0021,135
2026-04-01 15:15:00,Lab_219_PC136,In Use,AnonUser_0135,165
2026-04-01 15:15:00,Lab_219_PC137,In Use,AnonUser_0064,60
2026-04-01 15:15:00,Lab_219_PC138,In Use,AnonUser_0147,75
2026-04-01 15:15:00,Lab_219_PC139,Idle,AnonUser_0097,75
2026-04-01 15:15:00,Lab_219_PC140,In Use,AnonUser_0142,60
2026-04-01 15:15:00,Lab_219_PC141,Idle,AnonUser_0100,60
2026-04-01 15:15:00,Lab_219_PC142,In Use,AnonUser_0066,135
2026-04-01 15:15:00,Lab_219_PC143,In Use,AnonUser_0128,30
2026-04-01 15:15:00,Lab_219_PC144,Idle,AnonUser_0055,30
2026-04-01 15:15:00,Lab_219_PC145,In Use,AnonUser_0104,75
2026-04-01 15:15:00,Lab_219_PC146,In Use,AnonUser_0046,0
2026-04-01 15:15:00,Lab_219_PC147,In Use,AnonUser_0122,120
2026-04-01 15:15:00,Lab_219_PC148,In Use,AnonUser_0175,60
2026-04-01 15:15:00,Lab_219_PC149,In Use,AnonUser_0127,30
2026-04-01 15:15:00,Lab_219_PC150,In Use,AnonUser_0173,195
2026-04-01 15:15:00,Lab_219_PC151,In Use,AnonUser_0013,60
2026-04-01 15:15:00,Lab_219_PC152,Idle,AnonUser_0169,150
2026-04-01 15:15:00,Lab_219_PC153,In Use,AnonUser_0111,30
2026-04-01 15:15:00,Lab_219_PC154,In Use,AnonUser_0054,0
2026-04-01 15:15:00,Lab_219_PC155,In Use,AnonUser_0073,180
2026-04-01 15:15:00,Lab_219_PC156,In Use,AnonUser_0146,0
2026-04-01 15:15:00,Lab_219_PC157,In Use,AnonUser_0092,30
2026-04-01 15:15:00,Lab_219_PC158,Idle,AnonUser_0139,105
2026-04-01 15:15:00,Lab_219_PC159,In Use,AnonUser_0016,45
2026-04-01 15:15:00,Lab_219_PC160,In Use,AnonUser_0155,60
2026-04-01 15:15:00,Lab_219_PC161,In Use,AnonUser_0045,15
2026-04-01 15:15:00,Lab_219_PC162,In Use,AnonUser_0078,75
2026-04-01 15:15:00,Lab_219_PC163,In Use,AnonUser_0086,120
2026-04-01 15:15:00,Lab_219_PC164,In Use,AnonUser_0084,15
2026-04-01 15:15:00,Lab_219_PC165,In Use,AnonUser_0053,150
2026-04-01 15:15:00,Lab_219_PC166,In Use,AnonUser_0152,180
2026-04-01 15:15:00,Lab_219_PC167,In Use,AnonUser_0018,135
2026-04-01 15:15:00,Lab_219_PC168,In Use,AnonUser_0079,15
2026-04-01 15:15:00,Lab_219_PC169,In Use,AnonUser_0090,165
2026-04-01 15:15:00,Lab_219_PC170,In Use,AnonUser_0101,210
2026-04-01 15:15:00,Lab_219_PC171,In Use,AnonUser_0063,105
2026-04-01 15:15:00,Lab_219_PC172,In Use,AnonUser_0158,0
2026-04-01 15:15:00,Lab_219_PC173,In Use,AnonUser_0143,0
2026-04-01 15:15:00,Lab_219_PC174,Idle,AnonUser_0005,90
2026-04-01 15:15:00,Lab_219_PC175,Idle,AnonUser_0140,180
2026-04-01 15:15:00,Lab_219_PC176,In Use,AnonUser_0138,195
2026-04-01 15:15:00,Lab_219_PC177,In Use,AnonUser_0020,30
2026-04-01 15:15:00,Lab_219_PC178,In Use,AnonUser_0102,180
2026-04-01 15:15:00,Lab_219_PC179,In Use,AnonUser_0164,105
2026-04-01 15:30:00,Lab_202_PC001,In Use,AnonUser_0004,105
2026-04-01 15:30:00,Lab_202_PC002,In Use,AnonUser_0106,0
2026-04-01 15:30:00,Lab_202_PC003,In Use,AnonUser_0031,60
2026-04-01 15:30:00,Lab_202_PC004,In Use,AnonUser_0171,210
2026-04-01 15:30:00,Lab_202_PC005,In Use,AnonUser_0107,75
2026-04-01 15:30:00,Lab_202_PC006,In Use,AnonUser_0072,60
2026-04-01 15:30:00,Lab_202_PC007,In Use,AnonUser_0161,165
2026-04-01 15:30:00,Lab_202_PC008,In Use,AnonUser_0062,60
2026-04-01 15:30:00,Lab_202_PC009,In Use,AnonUser_0014,15
2026-04-01 15:30:00,Lab_202_PC010,In Use,AnonUser_0170,75
2026-04-01 15:30:00,Lab_202_PC011,In Use,AnonUser_0002,75
2026-04-01 15:30:00,Lab_202_PC012,In Use,AnonUser_0070,45
2026-04-01 15:30:00,Lab_202_PC013,Idle,AnonUser_0047,90
2026-04-01 15:30:00,Lab_202_PC014,Idle,AnonUser_0137,15
2026-04-01 15:30:00,Lab_202_PC015,In Use,AnonUser_0022,60
2026-04-01 15:30:00,Lab_202_PC016,Idle,AnonUser_0144,15
2026-04-01 15:30:00,Lab_202_PC017,In Use,AnonUser_0125,60
2026-04-01 15:30:00,Lab_202_PC018,In Use,AnonUser_0178,45
2026-04-01 15:30:00,Lab_202_PC019,In Use,AnonUser_0074,15
2026-04-01 15:30:00,Lab_202_PC020,In Use,AnonUser_0049,15
2026-04-01 15:30:00,Lab_202_PC021,In Use,AnonUser_0042,0
2026-04-01 15:30:00,Lab_202_PC022,Idle,AnonUser_0051,75
2026-04-01 15:30:00,Lab_202_PC023,In Use,AnonUser_0130,165
2026-04-01 15:30:00,Lab_202_PC024,Idle,AnonUser_0027,30
2026-04-01 15:30:00,Lab_202_PC025,In Use,AnonUser_0012,60
2026-04-01 15:30:00,Lab_202_PC026,In Use,AnonUser_0083,45
2026-04-01 15:30:00,Lab_202_PC027,In Use,AnonUser_0165,180
2026-04-01 15:30:00,Lab_202_PC028,In Use,AnonUser_0109,30
2026-04-01 15:30:00,Lab_202_PC029,In Use,AnonUser_0129,0
2026-04-01 15:30:00,Lab_202_PC030,In Use,AnonUser_0041,150
2026-04-01 15:30:00,Lab_206_PC031,Idle,AnonUser_0117,15
2026-04-01 15:30:00,Lab_206_PC032,In Use,AnonUser_0105,0
2026-04-01 15:30:00,Lab_206_PC033,In Use,AnonUser_0032,45
2026-04-01 15:30:00,Lab_206_PC034,In Use,AnonUser_0071,0
2026-04-01 15:30:00,Lab_206_PC035,In Use,AnonUser_0087,105
2026-04-01 15:30:00,Lab_206_PC036,In Use,AnonUser_0025,0
2026-04-01 15:30:00,Lab_206_PC037,In Use,AnonUser_0001,60
2026-04-01 15:30:00,Lab_206_PC038,In Use,AnonUser_0040,60
2026-04-01 15:30:00,Lab_206_PC039,Idle,AnonUser_0088,120
2026-04-01 15:30:00,Lab_206_PC040,In Use,AnonUser_0030,15
2026-04-01 15:30:00,Lab_206_PC041,In Use,AnonUser_0103,90
2026-04-01 15:30:00,Lab_206_PC042,In Use,AnonUser_0095,0
2026-04-01 15:30:00,Lab_206_PC043,In Use,AnonUser_0026,75
2026-04-01 15:30:00,Lab_206_PC044,In Use,AnonUser_0115,135
2026-04-01 15:30:00,Lab_206_PC045,In Use,AnonUser_0003,135
2026-04-01 15:30:00,Lab_206_PC046,Idle,AnonUser_0007,45
2026-04-01 15:30:00,Lab_206_PC047,In Use,AnonUser_0145,135
2026-04-01 15:30:00,Lab_206_PC048,In Use,AnonUser_0099,60
2026-04-01 15:30:00,Lab_206_PC049,In Use,AnonUser_0153,105
2026-04-01 15:30:00,Lab_206_PC050,In Use,AnonUser_0075,60
2026-04-01 15:30:00,Lab_206_PC051,In Use,AnonUser_0052,60
2026-04-01 15:30:00,Lab_206_PC052,In Use,AnonUser_0174,45
2026-04-01 15:30:00,Lab_206_PC053,In Use,AnonUser_0151,0
2026-04-01 15:30:00,Lab_206_PC054,In Use,AnonUser_0112,165
2026-04-01 15:30:00,Lab_206_PC055,In Use,AnonUser_0124,90
2026-04-01 15:30:00,Lab_206_PC056,In Use,AnonUser_0157,15
2026-04-01 15:30:00,Lab_206_PC057,In Use,AnonUser_0065,105
2026-04-01 15:30:00,Lab_206_PC058,Offline,N/A,N/A
2026-04-01 15:30:00,Lab_206_PC059,In Use,AnonUser_0011,180
2026-04-01 15:30:00,Lab_206_PC060,In Use,AnonUser_0141,0
2026-04-01 15:30:00,Lab_210_PC061,In Use,AnonUser_0017,90
2026-04-01 15:30:00,Lab_210_PC062,In Use,AnonUser_0172,105
2026-04-01 15:30:00,Lab_210_PC063,In Use,AnonUser_0034,30
2026-04-01 15:30:00,Lab_210_PC064,In Use,AnonUser_0067,0
2026-04-01 15:30:00,Lab_210_PC065,In Use,AnonUser_0050,15
2026-04-01 15:30:00,Lab_210_PC066,In Use,AnonUser_0010,195
2026-04-01 15:30:00,Lab_210_PC067,In Use,AnonUser_0019,15
2026-04-01 15:30:00,Lab_210_PC068,In Use,AnonUser_0035,90
2026-04-01 15:30:00,Lab_210_PC069,In Use,AnonUser_0123,0
2026-04-01 15:30:00,Lab_210_PC070,In Use,AnonUser_0162,90
2026-04-01 15:30:00,Lab_210_PC071,In Use,AnonUser_0068,0
2026-04-01 15:30:00,Lab_210_PC072,In Use,AnonUser_0159,75
2026-04-01 15:30:00,Lab_210_PC073,In Use,AnonUser_0110,15
2026-04-01 15:30:00,Lab_210_PC074,Offline,N/A,N/A
2026-04-01 15:30:00,Lab_210_PC075,In Use,AnonUser_0167,60
2026-04-01 15:30:00,Lab_210_PC076,Idle,AnonUser_0008,15
2026-04-01 15:30:00,Lab_210_PC077,In Use,AnonUser_0132,60
2026-04-01 15:30:00,Lab_210_PC078,In Use,AnonUser_0154,30
2026-04-01 15:30:00,Lab_210_PC079,Idle,AnonUser_0118,135
2026-04-01 15:30:00,Lab_210_PC080,In Use,AnonUser_0023,15
2026-04-01 15:30:00,Lab_210_PC081,In Use,AnonUser_0113,30
2026-04-01 15:30:00,Lab_219_PC082,In Use,AnonUser_0133,0
2026-04-01 15:30:00,Lab_219_PC083,In Use,AnonUser_0006,75
2026-04-01 15:30:00,Lab_219_PC084,Idle,AnonUser_0061,165
2026-04-01 15:30:00,Lab_219_PC085,Idle,AnonUser_0056,135
2026-04-01 15:30:00,Lab_219_PC086,In Use,AnonUser_0163,150
2026-04-01 15:30:00,Lab_219_PC087,In Use,AnonUser_0081,0
2026-04-01 15:30:00,Lab_219_PC088,In Use,AnonUser_0120,150
2026-04-01 15:30:00,Lab_219_PC089,In Use,AnonUser_0114,30
2026-04-01 15:30:00,Lab_219_PC090,In Use,AnonUser_0108,0
2026-04-01 15:30:00,Lab_219_PC091,In Use,AnonUser_0148,0
2026-04-01 15:30:00,Lab_219_PC092,In Use,AnonUser_0136,30
2026-04-01 15:30:00,Lab_219_PC093,In Use,AnonUser_0082,150
2026-04-01 15:30:00,Lab_219_PC094,Idle,AnonUser_0160,150
2026-04-01 15:30:00,Lab_219_PC095,Idle,AnonUser_0060,120
2026-04-01 15:30:00,Lab_219_PC096,Offline,N/A,N/A
2026-04-01 15:30:00,Lab_219_PC097,In Use,AnonUser_0134,150
2026-04-01 15:30:00,Lab_219_PC098,In Use,AnonUser_0044,75
2026-04-01 15:30:00,Lab_219_PC099,In Use,AnonUser_0059,105
2026-04-01 15:30:00,Lab_219_PC100,In Use,AnonUser_0029,15
2026-04-01 15:30:00,Lab_219_PC101,Idle,AnonUser_0093,0
2026-04-01 15:30:00,Lab_219_PC102,In Use,AnonUser_0131,60
2026-04-01 15:30:00,Lab_219_PC103,In Use,AnonUser_0116,15
2026-04-01 15:30:00,Lab_219_PC104,In Use,AnonUser_0048,0
2026-04-01 15:30:00,Lab_219_PC105,In Use,AnonUser_0179,0
2026-04-01 15:30:00,Lab_219_PC106,In Use,AnonUser_0177,105
2026-04-01 15:30:00,Lab_219_PC107,In Use,AnonUser_0098,60
2026-04-01 15:30:00,Lab_219_PC108,In Use,AnonUser_0009,30
2026-04-01 15:30:00,Lab_219_PC109,Idle,AnonUser_0168,120
2026-04-01 15:30:00,Lab_219_PC110,In Use,AnonUser_0036,75
2026-04-01 15:30:00,Lab_219_PC111,In Use,AnonUser_0091,30
2026-04-01 15:30:00,Lab_219_PC112,In Use,AnonUser_0024,75
2026-04-01 15:30:00,Lab_219_PC113,In Use,AnonUser_0096,45
2026-04-01 15:30:00,Lab_219_PC114,In Use,AnonUser_0033,75
2026-04-01 15:30:00,Lab_219_PC115,In Use,AnonUser_0069,165
2026-04-01 15:30:00,Lab_219_PC116,In Use,AnonUser_0080,120
2026-04-01 15:30:00,Lab_219_PC117,In Use,AnonUser_0156,75
2026-04-01 15:30:00,Lab_219_PC118,In Use,AnonUser_0149,30
2026-04-01 15:30:00,Lab_219_PC119,In Use,AnonUser_0126,165
2026-04-01 15:30:00,Lab_219_PC120,In Use,AnonUser_0039,120
2026-04-01 15:30:00,Lab_219_PC121,In Use,AnonUser_0043,105
2026-04-01 15:30:00,Lab_219_PC122,In Use,AnonUser_0094,165
2026-04-01 15:30:00,Lab_219_PC123,In Use,AnonUser_0057,45
2026-04-01 15:30:00,Lab_219_PC124,In Use,AnonUser_0089,90
2026-04-01 15:30:00,Lab_219_PC125,In Use,AnonUser_0150,165
2026-04-01 15:30:00,Lab_219_PC126,In Use,AnonUser_0077,60
2026-04-01 15:30:00,Lab_219_PC127,In Use,AnonUser_0037,165
2026-04-01 15:30:00,Lab_219_PC128,In Use,AnonUser_0119,120
2026-04-01 15:30:00,Lab_219_PC129,Idle,AnonUser_0176,90
2026-04-01 15:30:00,Lab_219_PC130,In Use,AnonUser_0076,60
2026-04-01 15:30:00,Lab_219_PC131,In Use,AnonUser_0038,45
2026-04-01 15:30:00,Lab_219_PC132,In Use,AnonUser_0166,45
2026-04-01 15:30:00,Lab_219_PC133,Idle,AnonUser_0028,105
2026-04-01 15:30:00,Lab_219_PC134,Idle,AnonUser_0015,180
2026-04-01 15:30:00,Lab_219_PC135,In Use,AnonUser_0021,120
2026-04-01 15:30:00,Lab_219_PC136,In Use,AnonUser_0135,150
2026-04-01 15:30:00,Lab_219_PC137,In Use,AnonUser_0064,45
2026-04-01 15:30:00,Lab_219_PC138,In Use,AnonUser_0147,60
2026-04-01 15:30:00,Lab_219_PC139,In Use,AnonUser_0097,60
2026-04-01 15:30:00,Lab_219_PC140,Idle,AnonUser_0142,45
2026-04-01 15:30:00,Lab_219_PC141,In Use,AnonUser_0100,45
2026-04-01 15:30:00,Lab_219_PC142,In Use,AnonUser_0066,120
2026-04-01 15:30:00,Lab_219_PC143,In Use,AnonUser_0128,15
2026-04-01 15:30:00,Lab_219_PC144,In Use,AnonUser_0055,15
2026-04-01 15:30:00,Lab_219_PC145,In Use,AnonUser_0104,60
2026-04-01 15:30:00,Lab_219_PC146,Offline,N/A,N/A
2026-04-01 15:30:00,Lab_219_PC147,In Use,AnonUser_0122,105
2026-04-01 15:30:00,Lab_219_PC148,In Use,AnonUser_0175,45
2026-04-01 15:30:00,Lab_219_PC149,Idle,AnonUser_0127,15
2026-04-01 15:30:00,Lab_219_PC150,In Use,AnonUser_0173,180
2026-04-01 15:30:00,Lab_219_PC151,In Use,AnonUser_0013,45
2026-04-01 15:30:00,Lab_219_PC152,Idle,AnonUser_0169,135
2026-04-01 15:30:00,Lab_219_PC153,In Use,AnonUser_0111,15
2026-04-01 15:30:00,Lab_219_PC154,In Use,AnonUser_0054,210
2026-04-01 15:30:00,Lab_219_PC155,In Use,AnonUser_0073,165
2026-04-01 15:30:00,Lab_219_PC156,In Use,AnonUser_0058,90
2026-04-01 15:30:00,Lab_219_PC157,In Use,AnonUser_0092,15
2026-04-01 15:30:00,Lab_219_PC158,In Use,AnonUser_0139,90
2026-04-01 15:30:00,Lab_219_PC159,In Use,AnonUser_0016,30
2026-04-01 15:30:00,Lab_219_PC160,Idle,AnonUser_0155,45
2026-04-01 15:30:00,Lab_219_PC161,In Use,AnonUser_0045,0
2026-04-01 15:30:00,Lab_219_PC162,In Use,AnonUser_0078,60
2026-04-01 15:30:00,Lab_219_PC163,Idle,AnonUser_0086,105
2026-04-01 15:30:00,Lab_219_PC164,Idle,AnonUser_0084,0
2026-04-01 15:30:00,Lab_219_PC165,In Use,AnonUser_0053,135
2026-04-01 15:30:00,Lab_219_PC166,In Use,AnonUser_0152,165
2026-04-01 15:30:00,Lab_219_PC167,In Use,AnonUser_0018,120
2026-04-01 15:30:00,Lab_219_PC168,In Use,AnonUser_0079,0
2026-04-01 15:30:00,Lab_219_PC169,In Use,AnonUser_0090,150
2026-04-01 15:30:00,Lab_219_PC170,In Use,AnonUser_0101,195
2026-04-01 15:30:00,Lab_219_PC171,Idle,AnonUser_0063,90
2026-04-01 15:30:00,Lab_219_PC172,In Use,AnonUser_0121,120
2026-04-01 15:30:00,Lab_219_PC173,In Use,AnonUser_0046,75
2026-04-01 15:30:00,Lab_219_PC174,In Use,AnonUser_0005,75
2026-04-01 15:30:00,Lab_219_PC175,In Use,AnonUser_0140,165
2026-04-01 15:30:00,Lab_219_PC176,Idle,AnonUser_0138,180
2026-04-01 15:30:00,Lab_219_PC177,In Use,AnonUser_0020,15
2026-04-01 15:30:00,Lab_219_PC178,In Use,AnonUser_0102,165
2026-04-01 15:30:00,Lab_219_PC179,In Use,AnonUser_0164,90
2026-04-01 15:45:00,Lab_202_PC001,In Use,AnonUser_0004,90
2026-04-01 15:45:00,Lab_202_PC002,In Use,AnonUser_0085,225
2026-04-01 15:45:00,Lab_202_PC003,In Use,AnonUser_0031,45
2026-04-01 15:45:00,Lab_202_PC004,In Use,AnonUser_0171,195
2026-04-01 15:45:00,Lab_202_PC005,In Use,AnonUser_0107,60
2026-04-01 15:45:00,Lab_202_PC006,In Use,AnonUser_0072,45
2026-04-01 15:45:00,Lab_202_PC007,In Use,AnonUser_0161,150
2026-04-01 15:45:00,Lab_202_PC008,In Use,AnonUser_0062,45
2026-04-01 15:45:00,Lab_202_PC009,In Use,AnonUser_0014,0
2026-04-01 15:45:00,Lab_202_PC010,In Use,AnonUser_0170,60
2026-04-01 15:45:00,Lab_202_PC011,In Use,AnonUser_0002,60
2026-04-01 15:45:00,Lab_202_PC012,In Use,AnonUser_0070,30
2026-04-01 15:45:00,Lab_202_PC013,In Use,AnonUser_0047,75
2026-04-01 15:45:00,Lab_202_PC014,In Use,AnonUser_0137,0
2026-04-01 15:45:00,Lab_202_PC015,In Use,AnonUser_0022,45
2026-04-01 15:45:00,Lab_202_PC016,In Use,AnonUser_0144,0
2026-04-01 15:45:00,Lab_202_PC017,In Use,AnonUser_0125,45
2026-04-01 15:45:00,Lab_202_PC018,In Use,AnonUser_0178,30
2026-04-01 15:45:00,Lab_202_PC019,Idle,AnonUser_0074,0
2026-04-01 15:45:00,Lab_202_PC020,In Use,AnonUser_0049,0
2026-04-01 15:45:00,Lab_202_PC021,In Use,AnonUser_0143,60
2026-04-01 15:45:00,Lab_202_PC022,In Use,AnonUser_0051,60
2026-04-01 15:45:00,Lab_202_PC023,In Use,AnonUser_0130,150
2026-04-01 15:45:00,Lab_202_PC024,In Use,AnonUser_0027,15
2026-04-01 15:45:00,Lab_202_PC025,In Use,AnonUser_0012,45
2026-04-01 15:45:00,Lab_202_PC026,In Use,AnonUser_0083,30
2026-04-01 15:45:00,Lab_202_PC027,In Use,AnonUser_0165,165
2026-04-01 15:45:00,Lab_202_PC028,In Use,AnonUser_0109,15
2026-04-01 15:45:00,Lab_202_PC029,In Use,AnonUser_0129,165
2026-04-01 15:45:00,Lab_202_PC030,In Use,AnonUser_0041,135
2026-04-01 15:45:00,Lab_206_PC031,In Use,AnonUser_0117,0
2026-04-01 15:45:00,Lab_206_PC032,Idle,AnonUser_0105,195
2026-04-01 15:45:00,Lab_206_PC033,In Use,AnonUser_0032,30
2026-04-01 15:45:00,Lab_206_PC034,In Use,AnonUser_0146,30
2026-04-01 15:45:00,Lab_206_PC035,Idle,AnonUser_0087,90
2026-04-01 15:45:00,Lab_206_PC036,In Use,AnonUser_0106,105
2026-04-01 15:45:00,Lab_206_PC037,In Use,AnonUser_0001,45
2026-04-01 15:45:00,Lab_206_PC038,In Use,AnonUser_0040,45
2026-04-01 15:45:00,Lab_206_PC039,Idle,AnonUser_0088,105
2026-04-01 15:45:00,Lab_206_PC040,In Use,AnonUser_0030,0
2026-04-01 15:45:00,Lab_206_PC041,In Use,AnonUser_0103,75
2026-04-01 15:45:00,Lab_206_PC042,In Use,AnonUser_0158,120
2026-04-01 15:45:00,Lab_206_PC043,In Use,AnonUser_0026,60
2026-04-01 15:45:00,Lab_206_PC044,In Use,AnonUser_0115,120
2026-04-01 15:45:00,Lab_206_PC045,Idle,AnonUser_0003,120
2026-04-01 15:45:00,Lab_206_PC046,Idle,AnonUser_0007,30
2026-04-01 15:45:00,Lab_206_PC047,In Use,AnonUser_0145,120
2026-04-01 15:45:00,Lab_206_PC048,In Use,AnonUser_0099,45
2026-04-01 15:45:00,Lab_206_PC049,In Use,AnonUser_0153,90
2026-04-01 15:45:00,Lab_206_PC050,In Use,AnonUser_0075,45
2026-04-01 15:45:00,Lab_206_PC051,In Use,AnonUser_0052,45
2026-04-01 15:45:00,Lab_206_PC052,In Use,AnonUser_0174,30
2026-04-01 15:45:00,Lab_206_PC053,In Use,AnonUser_0042,15
2026-04-01 15:45:00,Lab_206_PC054,Idle,AnonUser_0112,150
2026-04-01 15:45:00,Lab_206_PC055,Idle,AnonUser_0124,75
2026-04-01 15:45:00,Lab_206_PC056,In Use,AnonUser_0157,0
2026-04-01 15:45:00,Lab_206_PC057,In Use,AnonUser_0065,90
2026-04-01 15:45:00,Lab_206_PC058,Idle,AnonUser_0151,75
2026-04-01 15:45:00,Lab_206_PC059,In Use,AnonUser_0011,165
2026-04-01 15:45:00,Lab_206_PC060,In Use,AnonUser_0095,0
2026-04-01 15:45:00,Lab_210_PC061,In Use,AnonUser_0017,75
2026-04-01 15:45:00,Lab_210_PC062,In Use,AnonUser_0172,90
2026-04-01 15:45:00,Lab_210_PC063,In Use,AnonUser_0034,15
2026-04-01 15:45:00,Lab_210_PC064,Idle,AnonUser_0071,120
2026-04-01 15:45:00,Lab_210_PC065,Idle,AnonUser_0050,0
2026-04-01 15:45:00,Lab_210_PC066,Idle,AnonUser_0010,180
2026-04-01 15:45:00,Lab_210_PC067,In Use,AnonUser_0019,0
2026-04-01 15:45:00,Lab_210_PC068,In Use,AnonUser_0035,75
2026-04-01 15:45:00,Lab_210_PC069,In Use,AnonUser_0067,135
2026-04-01 15:45:00,Lab_210_PC070,In Use,AnonUser_0162,75
2026-04-01 15:45:00,Lab_210_PC071,Offline,N/A,N/A
2026-04-01 15:45:00,Lab_210_PC072,In Use,AnonUser_0159,60
2026-04-01 15:45:00,Lab_210_PC073,In Use,AnonUser_0110,0
2026-04-01 15:45:00,Lab_210_PC074,In Use,AnonUser_0068,165
2026-04-01 15:45:00,Lab_210_PC075,Idle,AnonUser_0167,45
2026-04-01 15:45:00,Lab_210_PC076,In Use,AnonUser_0008,0
2026-04-01 15:45:00,Lab_210_PC077,In Use,AnonUser_0132,45
2026-04-01 15:45:00,Lab_210_PC078,Idle,AnonUser_0154,15
2026-04-01 15:45:00,Lab_210_PC079,In Use,AnonUser_0118,120
2026-04-01 15:45:00,Lab_210_PC080,In Use,AnonUser_0023,0
2026-04-01 15:45:00,Lab_210_PC081,In Use,AnonUser_0113,15
2026-04-01 15:45:00,Lab_219_PC082,In Use,AnonUser_0123,135
2026-04-01 15:45:00,Lab_219_PC083,In Use,AnonUser_0006,60
2026-04-01 15:45:00,Lab_219_PC084,Idle,AnonUser_0061,150
2026-04-01 15:45:00,Lab_219_PC085,In Use,AnonUser_0056,120
2026-04-01 15:45:00,Lab_219_PC086,In Use,AnonUser_0163,135
2026-04-01 15:45:00,Lab_219_PC087,In Use,AnonUser_0133,15
2026-04-01 15:45:00,Lab_219_PC088,In Use,AnonUser_0120,135
2026-04-01 15:45:00,Lab_219_PC089,In Use,AnonUser_0114,15
2026-04-01 15:45:00,Lab_219_PC090,In Use,AnonUser_0025,165
2026-04-01 15:45:00,Lab_219_PC091,Idle,AnonUser_0081,180
2026-04-01 15:45:00,Lab_219_PC092,In Use,AnonUser_0136,15
2026-04-01 15:45:00,Lab_219_PC093,In Use,AnonUser_0082,135
2026-04-01 15:45:00,Lab_219_PC094,In Use,AnonUser_0160,135
2026-04-01 15:45:00,Lab_219_PC095,In Use,AnonUser_0060,105
2026-04-01 15:45:00,Lab_219_PC096,In Use,AnonUser_0108,45
2026-04-01 15:45:00,Lab_219_PC097,In Use,AnonUser_0134,135
2026-04-01 15:45:00,Lab_219_PC098,In Use,AnonUser_0044,60
2026-04-01 15:45:00,Lab_219_PC099,Idle,AnonUser_0059,90
2026-04-01 15:45:00,Lab_219_PC100,In Use,AnonUser_0029,0
2026-04-01 15:45:00,Lab_219_PC101,In Use,AnonUser_0141,150
2026-04-01 15:45:00,Lab_219_PC102,In Use,AnonUser_0131,45
2026-04-01 15:45:00,Lab_219_PC103,In Use,AnonUser_0116,0
2026-04-01 15:45:00,Lab_219_PC104,In Use,AnonUser_0048,120
2026-04-01 15:45:00,Lab_219_PC105,In Use,AnonUser_0179,60
2026-04-01 15:45:00,Lab_219_PC106,In Use,AnonUser_0177,90
2026-04-01 15:45:00,Lab_219_PC107,In Use,AnonUser_0098,45
2026-04-01 15:45:00,Lab_219_PC108,Idle,AnonUser_0009,15
2026-04-01 15:45:00,Lab_219_PC109,In Use,AnonUser_0168,105
2026-04-01 15:45:00,Lab_219_PC110,In Use,AnonUser_0036,60
2026-04-01 15:45:00,Lab_219_PC111,In Use,AnonUser_0091,15
2026-04-01 15:45:00,Lab_219_PC112,In Use,AnonUser_0024,60
2026-04-01 15:45:00,Lab_219_PC113,In Use,AnonUser_0096,30
2026-04-01 15:45:00,Lab_219_PC114,In Use,AnonUser_0033,60
2026-04-01 15:45:00,Lab_219_PC115,In Use,AnonUser_0069,150
2026-04-01 15:45:00,Lab_219_PC116,In Use,AnonUser_0080,105
2026-04-01 15:45:00,Lab_219_PC117,In Use,AnonUser_0156,60
2026-04-01 15:45:00,Lab_219_PC118,In Use,AnonUser_0149,15
2026-04-01 15:45:00,Lab_219_PC119,In Use,AnonUser_0126,150
2026-04-01 15:45:00,Lab_219_PC120,In Use,AnonUser_0039,105
2026-04-01 15:45:00,Lab_219_PC121,In Use,AnonUser_0043,90
2026-04-01 15:45:00,Lab_219_PC122,In Use,AnonUser_0094,150
2026-04-01 15:45:00,Lab_219_PC123,In Use,AnonUser_0057,30
2026-04-01 15:45:00,Lab_219_PC124,In Use,AnonUser_0089,75
2026-04-01 15:45:00,Lab_219_PC125,In Use,AnonUser_0150,150
2026-04-01 15:45:00,Lab_219_PC126,In Use,AnonUser_0077,45
2026-04-01 15:45:00,Lab_219_PC127,In Use,AnonUser_0037,150
2026-04-01 15:45:00,Lab_219_PC128,Idle,AnonUser_0119,105
2026-04-01 15:45:00,Lab_219_PC129,In Use,AnonUser_0176,75
2026-04-01 15:45:00,Lab_219_PC130,In Use,AnonUser_0076,45
2026-04-01 15:45:00,Lab_219_PC131,In Use,AnonUser_0038,30
2026-04-01 15:45:00,Lab_219_PC132,In Use,AnonUser_0166,30
2026-04-01 15:45:00,Lab_219_PC133,In Use,AnonUser_0028,90
2026-04-01 15:45:00,Lab_219_PC134,Idle,AnonUser_0015,165
2026-04-01 15:45:00,Lab_219_PC135,In Use,AnonUser_0021,105
2026-04-01 15:45:00,Lab_219_PC136,In Use,AnonUser_0135,135
2026-04-01 15:45:00,Lab_219_PC137,In Use,AnonUser_0064,30
2026-04-01 15:45:00,Lab_219_PC138,Idle,AnonUser_0147,45
2026-04-01 15:45:00,Lab_219_PC139,In Use,AnonUser_0097,45
2026-04-01 15:45:00,Lab_219_PC140,Idle,AnonUser_0142,30
2026-04-01 15:45:00,Lab_219_PC141,Idle,AnonUser_0100,30
2026-04-01 15:45:00,Lab_219_PC142,Idle,AnonUser_0066,105
2026-04-01 15:45:00,Lab_219_PC143,In Use,AnonUser_0128,0
2026-04-01 15:45:00,Lab_219_PC144,Idle,AnonUser_0055,0
2026-04-01 15:45:00,Lab_219_PC145,In Use,AnonUser_0104,45
2026-04-01 15:45:00,Lab_219_PC146,In Use,AnonUser_0093,225
2026-04-01 15:45:00,Lab_219_PC147,Idle,AnonUser_0122,90
2026-04-01 15:45:00,Lab_219_PC148,In Use,AnonUser_0175,30
2026-04-01 15:45:00,Lab_219_PC149,In Use,AnonUser_0127,0
2026-04-01 15:45:00,Lab_219_PC150,In Use,AnonUser_0173,165
2026-04-01 15:45:00,Lab_219_PC151,In Use,AnonUser_0013,30
2026-04-01 15:45:00,Lab_219_PC152,In Use,AnonUser_0169,120
2026-04-01 15:45:00,Lab_219_PC153,In Use,AnonUser_0111,0
2026-04-01 15:45:00,Lab_219_PC154,In Use,AnonUser_0054,195
2026-04-01 15:45:00,Lab_219_PC155,In Use,AnonUser_0073,150
2026-04-01 15:45:00,Lab_219_PC156,Idle,AnonUser_0058,75
2026-04-01 15:45:00,Lab_219_PC157,In Use,AnonUser_0092,0
2026-04-01 15:45:00,Lab_219_PC158,In Use,AnonUser_0139,75
2026-04-01 15:45:00,Lab_219_PC159,Idle,AnonUser_0016,15
2026-04-01 15:45:00,Lab_219_PC160,In Use,AnonUser_0155,30
2026-04-01 15:45:00,Lab_219_PC161,In Use,AnonUser_0148,60
2026-04-01 15:45:00,Lab_219_PC162,In Use,AnonUser_0078,45
2026-04-01 15:45:00,Lab_219_PC163,In Use,AnonUser_0086,90
2026-04-01 15:45:00,Lab_219_PC164,In Use,AnonUser_0045,75
2026-04-01 15:45:00,Lab_219_PC165,In Use,AnonUser_0053,120
2026-04-01 15:45:00,Lab_219_PC166,Idle,AnonUser_0152,150
2026-04-01 15:45:00,Lab_219_PC167,In Use,AnonUser_0018,105
2026-04-01 15:45:00,Lab_219_PC168,In Use,AnonUser_0079,30
2026-04-01 15:45:00,Lab_219_PC169,In Use,AnonUser_0090,135
2026-04-01 15:45:00,Lab_219_PC170,In Use,AnonUser_0101,180
2026-04-01 15:45:00,Lab_219_PC171,In Use,AnonUser_0063,75
2026-04-01 15:45:00,Lab_219_PC172,In Use,AnonUser_0121,105
2026-04-01 15:45:00,Lab_219_PC173,In Use,AnonUser_0046,60
2026-04-01 15:45:00,Lab_219_PC174,Idle,AnonUser_0005,60
2026-04-01 15:45:00,Lab_219_PC175,In Use,AnonUser_0140,150
2026-04-01 15:45:00,Lab_219_PC176,Idle,AnonUser_0138,165
2026-04-01 15:45:00,Lab_219_PC177,In Use,AnonUser_0020,0
2026-04-01 15:45:00,Lab_219_PC178,Idle,AnonUser_0102,150
2026-04-01 15:45:00,Lab_219_PC179,In Use,AnonUser_0164,75
2026-04-01 16:00:00,Lab_202_PC001,In Use,AnonUser_0004,75
2026-04-01 16:00:00,Lab_202_PC002,In Use,AnonUser_0085,210
2026-04-01 16:00:00,Lab_202_PC003,In Use,AnonUser_0031,30
2026-04-01 16:00:00,Lab_202_PC004,In Use,AnonUser_0171,180
2026-04-01 16:00:00,Lab_202_PC005,In Use,AnonUser_0107,45
2026-04-01 16:00:00,Lab_202_PC006,In Use,AnonUser_0072,30
2026-04-01 16:00:00,Lab_202_PC007,In Use,AnonUser_0161,135
2026-04-01 16:00:00,Lab_202_PC008,In Use,AnonUser_0062,30
2026-04-01 16:00:00,Lab_202_PC009,Offline,N/A,N/A
2026-04-01 16:00:00,Lab_202_PC010,In Use,AnonUser_0170,45
2026-04-01 16:00:00,Lab_202_PC011,In Use,AnonUser_0002,45
2026-04-01 16:00:00,Lab_202_PC012,In Use,AnonUser_0070,15
2026-04-01 16:00:00,Lab_202_PC013,In Use,AnonUser_0047,60
2026-04-01 16:00:00,Lab_202_PC014,Idle,AnonUser_0084,45
2026-04-01 16:00:00,Lab_202_PC015,In Use,AnonUser_0022,30
2026-04-01 16:00:00,Lab_202_PC016,Idle,AnonUser_0144,90
2026-04-01 16:00:00,Lab_202_PC017,In Use,AnonUser_0125,30
2026-04-01 16:00:00,Lab_202_PC018,Idle,AnonUser_0178,15
2026-04-01 16:00:00,Lab_202_PC019,In Use,AnonUser_0137,30
2026-04-01 16:00:00,Lab_202_PC020,Idle,AnonUser_0074,45
2026-04-01 16:00:00,Lab_202_PC021,Idle,AnonUser_0143,45
2026-04-01 16:00:00,Lab_202_PC022,In Use,AnonUser_0051,45
2026-04-01 16:00:00,Lab_202_PC023,In Use,AnonUser_0130,135
2026-04-01 16:00:00,Lab_202_PC024,In Use,AnonUser_0027,0
2026-04-01 16:00:00,Lab_202_PC025,In Use,AnonUser_0012,30
2026-04-01 16:00:00,Lab_202_PC026,In Use,AnonUser_0083,15
2026-04-01 16:00:00,Lab_202_PC027,In Use,AnonUser_0165,150
2026-04-01 16:00:00,Lab_202_PC028,In Use,AnonUser_0109,0
2026-04-01 16:00:00,Lab_202_PC029,In Use,AnonUser_0129,150
2026-04-01 16:00:00,Lab_202_PC030,In Use,AnonUser_0041,120
2026-04-01 16:00:00,Lab_206_PC031,Idle,AnonUser_0014,225
2026-04-01 16:00:00,Lab_206_PC032,In Use,AnonUser_0105,180
2026-04-01 16:00:00,Lab_206_PC033,In Use,AnonUser_0032,15
2026-04-01 16:00:00,Lab_206_PC034,In Use,AnonUser_0146,15
2026-04-01 16:00:00,Lab_206_PC035,Idle,AnonUser_0087,75
2026-04-01 16:00:00,Lab_206_PC036,In Use,AnonUser_0106,90
2026-04-01 16:00:00,Lab_206_PC037,In Use,AnonUser_0001,30
2026-04-01 16:00:00,Lab_206_PC038,In Use,AnonUser_0040,30
2026-04-01 16:00:00,Lab_206_PC039,Idle,AnonUser_0088,90
2026-04-01 16:00:00,Lab_206_PC040,Offline,N/A,N/A
2026-04-01 16:00:00,Lab_206_PC041,Idle,AnonUser_0103,60
2026-04-01 16:00:00,Lab_206_PC042,In Use,AnonUser_0158,105
2026-04-01 16:00:00,Lab_206_PC043,In Use,AnonUser_0026,45
2026-04-01 16:00:00,Lab_206_PC044,In Use,AnonUser_0115,105
2026-04-01 16:00:00,Lab_206_PC045,In Use,AnonUser_0003,105
2026-04-01 16:00:00,Lab_206_PC046,In Use,AnonUser_0007,15
2026-04-01 16:00:00,Lab_206_PC047,In Use,AnonUser_0145,105
2026-04-01 16:00:00,Lab_206_PC048,In Use,AnonUser_0099,30
2026-04-01 16:00:00,Lab_206_PC049,In Use,AnonUser_0153,75
2026-04-01 16:00:00,Lab_206_PC050,In Use,AnonUser_0075,30
2026-04-01 16:00:00,Lab_206_PC051,In Use,AnonUser_0052,30
2026-04-01 16:00:00,Lab_206_PC052,Idle,AnonUser_0174,15
2026-04-01 16:00:00,Lab_206_PC053,In Use,AnonUser_0042,0
2026-04-01 16:00:00,Lab_206_PC054,In Use,AnonUser_0112,135
2026-04-01 16:00:00,Lab_206_PC055,In Use,AnonUser_0124,60
2026-04-01 16:00:00,Lab_206_PC056,Offline,N/A,N/A
2026-04-01 16:00:00,Lab_206_PC057,In Use,AnonUser_0065,75
2026-04-01 16:00:00,Lab_206_PC058,In Use,AnonUser_0151,60
2026-04-01 16:00:00,Lab_206_PC059,In Use,AnonUser_0011,150
2026-04-01 16:00:00,Lab_206_PC060,In Use,AnonUser_0095,120
2026-04-01 16:00:00,Lab_210_PC061,In Use,AnonUser_0017,60
2026-04-01 16:00:00,Lab_210_PC062,In Use,AnonUser_0172,75
2026-04-01 16:00:00,Lab_210_PC063,In Use,AnonUser_0034,0
2026-04-01 16:00:00,Lab_210_PC064,In Use,AnonUser_0071,105
2026-04-01 16:00:00,Lab_210_PC065,In Use,AnonUser_0030,60
2026-04-01 16:00:00,Lab_210_PC066,In Use,AnonUser_0010,165
2026-04-01 16:00:00,Lab_210_PC067,Idle,AnonUser_0019,210
2026-04-01 16:00:00,Lab_210_PC068,In Use,AnonUser_0035,60
2026-04-01 16:00:00,Lab_210_PC069,In Use,AnonUser_0067,120
2026-04-01 16:00:00,Lab_210_PC070,In Use,AnonUser_0162,60
2026-04-01 16:00:00,Lab_210_PC071,In Use,AnonUser_0050,90
2026-04-01 16:00:00,Lab_210_PC072,In Use,AnonUser_0159,45
2026-04-01 16:00:00,Lab_210_PC073,Offline,N/A,N/A
2026-04-01 16:00:00,Lab_210_PC074,In Use,AnonUser_0068,150
2026-04-01 16:00:00,Lab_210_PC075,In Use,AnonUser_0167,30
2026-04-01 16:00:00,Lab_210_PC076,In Use,AnonUser_0110,90
2026-04-01 16:00:00,Lab_210_PC077,In Use,AnonUser_0132,30
2026-04-01 16:00:00,Lab_210_PC078,In Use,AnonUser_0154,0
2026-04-01 16:00:00,Lab_210_PC079,In Use,AnonUser_0118,105
2026-04-01 16:00:00,Lab_210_PC080,In Use,AnonUser_0023,45
2026-04-01 16:00:00,Lab_210_PC081,In Use,AnonUser_0113,0
2026-04-01 16:00:00,Lab_219_PC082,In Use,AnonUser_0123,120
2026-04-01 16:00:00,Lab_219_PC083,In Use,AnonUser_0006,45
2026-04-01 16:00:00,Lab_219_PC084,In Use,AnonUser_0061,135
2026-04-01 16:00:00,Lab_219_PC085,In Use,AnonUser_0056,105
2026-04-01 16:00:00,Lab_219_PC086,In Use,AnonUser_0163,120
2026-04-01 16:00:00,Lab_219_PC087,In Use,AnonUser_0133,0
2026-04-01 16:00:00,Lab_219_PC088,In Use,AnonUser_0120,120
2026-04-01 16:00:00,Lab_219_PC089,In Use,AnonUser_0114,0
2026-04-01 16:00:00,Lab_219_PC090,In Use,AnonUser_0025,150
2026-04-01 16:00:00,Lab_219_PC091,In Use,AnonUser_0081,165
2026-04-01 16:00:00,Lab_219_PC092,In Use,AnonUser_0136,0
2026-04-01 16:00:00,Lab_219_PC093,Idle,AnonUser_0082,120
2026-04-01 16:00:00,Lab_219_PC094,In Use,AnonUser_0160,120
2026-04-01 16:00:00,Lab_219_PC095,Idle,AnonUser_0060,90
2026-04-01 16:00:00,Lab_219_PC096,In Use,AnonUser_0108,30
2026-04-01 16:00:00,Lab_219_PC097,In Use,AnonUser_0134,120
2026-04-01 16:00:00,Lab_219_PC098,In Use,AnonUser_0044,45
2026-04-01 16:00:00,Lab_219_PC099,In Use,AnonUser_0059,75
2026-04-01 16:00:00,Lab_219_PC100,Idle,AnonUser_0117,135
2026-04-01 16:00:00,Lab_219_PC101,In Use,AnonUser_0141,135
2026-04-01 16:00:00,Lab_219_PC102,In Use,AnonUser_0131,30
2026-04-01 16:00:00,Lab_219_PC103,Offline,N/A,N/A
2026-04-01 16:00:00,Lab_219_PC104,In Use,AnonUser_0048,105
2026-04-01 16:00:00,Lab_219_PC105,In Use,AnonUser_0179,45
2026-04-01 16:00:00,Lab_219_PC106,In Use,AnonUser_0177,75
2026-04-01 16:00:00,Lab_219_PC107,In Use,AnonUser_0098,30
2026-04-01 16:00:00,Lab_219_PC108,In Use,AnonUser_0009,0
2026-04-01 16:00:00,Lab_219_PC109,In Use,AnonUser_0168,90
2026-04-01 16:00:00,Lab_219_PC110,In Use,AnonUser_0036,45
2026-04-01 16:00:00,Lab_219_PC111,In Use,AnonUser_0091,0
2026-04-01 16:00:00,Lab_219_PC112,In Use,AnonUser_0024,45
2026-04-01 16:00:00,Lab_219_PC113,In Use,AnonUser_0096,15
2026-04-01 16:00:00,Lab_219_PC114,In Use,AnonUser_0033,45
2026-04-01 16:00:00,Lab_219_PC115,In Use,AnonUser_0069,135
2026-04-01 16:00:00,Lab_219_PC116,In Use,AnonUser_0080,90
2026-04-01 16:00:00,Lab_219_PC117,In Use,AnonUser_0156,45
2026-04-01 16:00:00,Lab_219_PC118,In Use,AnonUser_0149,0
2026-04-01 16:00:00,Lab_219_PC119,In Use,AnonUser_0126,135
2026-04-01 16:00:00,Lab_219_PC120,In Use,AnonUser_0039,90
2026-04-01 16:00:00,Lab_219_PC121,In Use,AnonUser_0043,75
2026-04-01 16:00:00,Lab_219_PC122,In Use,AnonUser_0094,135
2026-04-01 16:00:00,Lab_219_PC123,In Use,AnonUser_0057,15
2026-04-01 16:00:00,Lab_219_PC124,In Use,AnonUser_0089,60
2026-04-01 16:00:00,Lab_219_PC125,In Use,AnonUser_0150,135
2026-04-01 16:00:00,Lab_219_PC126,In Use,AnonUser_0077,30
2026-04-01 16:00:00,Lab_219_PC127,In Use,AnonUser_0037,135
2026-04-01 16:00:00,Lab_219_PC128,In Use,AnonUser_0119,90
2026-04-01 16:00:00,Lab_219_PC129,In Use,AnonUser_0176,60
2026-04-01 16:00:00,Lab_219_PC130,In Use,AnonUser_0076,30
2026-04-01 16:00:00,Lab_219_PC131,In Use,AnonUser_0038,15
2026-04-01 16:00:00,Lab_219_PC132,In Use,AnonUser_0166,15
2026-04-01 16:00:00,Lab_219_PC133,In Use,AnonUser_0028,75
2026-04-01 16:00:00,Lab_219_PC134,In Use,AnonUser_0015,150
2026-04-01 16:00:00,Lab_219_PC135,In Use,AnonUser_0021,90
2026-04-01 16:00:00,Lab_219_PC136,In Use,AnonUser_0135,120
2026-04-01 16:00:00,Lab_219_PC137,Idle,AnonUser_0064,15
2026-04-01 16:00:00,Lab_219_PC138,Idle,AnonUser_0147,30
2026-04-01 16:00:00,Lab_219_PC139,In Use,AnonUser_0097,30
2026-04-01 16:00:00,Lab_219_PC140,In Use,AnonUser_0142,15
2026-04-01 16:00:00,Lab_219_PC141,In Use,AnonUser_0100,15
2026-04-01 16:00:00,Lab_219_PC142,In Use,AnonUser_0066,90
2026-04-01 16:00:00,Lab_219_PC143,In Use,AnonUser_0029,165
2026-04-01 16:00:00,Lab_219_PC144,In Use,AnonUser_0008,90
2026-04-01 16:00:00,Lab_219_PC145,In Use,AnonUser_0104,30
2026-04-01 16:00:00,Lab_219_PC146,In Use,AnonUser_0093,210
2026-04-01 16:00:00,Lab_219_PC147,In Use,AnonUser_0122,75
2026-04-01 16:00:00,Lab_219_PC148,In Use,AnonUser_0175,15
2026-04-01 16:00:00,Lab_219_PC149,In Use,AnonUser_0049,15
2026-04-01 16:00:00,Lab_219_PC150,In Use,AnonUser_0173,150
2026-04-01 16:00:00,Lab_219_PC151,In Use,AnonUser_0013,15
2026-04-01 16:00:00,Lab_219_PC152,In Use,AnonUser_0169,105
2026-04-01 16:00:00,Lab_219_PC153,In Use,AnonUser_0111,225
2026-04-01 16:00:00,Lab_219_PC154,In Use,AnonUser_0054,180
2026-04-01 16:00:00,Lab_219_PC155,In Use,AnonUser_0073,135
2026-04-01 16:00:00,Lab_219_PC156,In Use,AnonUser_0058,60
2026-04-01 16:00:00,Lab_219_PC157,Offline,N/A,N/A
2026-04-01 16:00:00,Lab_219_PC158,In Use,AnonUser_0139,60
2026-04-01 16:00:00,Lab_219_PC159,In Use,AnonUser_0016,0
2026-04-01 16:00:00,Lab_219_PC160,In Use,AnonUser_0155,15
2026-04-01 16:00:00,Lab_219_PC161,In Use,AnonUser_0148,45
2026-04-01 16:00:00,Lab_219_PC162,In Use,AnonUser_0078,30
2026-04-01 16:00:00,Lab_219_PC163,In Use,AnonUser_0086,75
2026-04-01 16:00:00,Lab_219_PC164,In Use,AnonUser_0045,60
2026-04-01 16:00:00,Lab_219_PC165,In Use,AnonUser_0053,105
2026-04-01 16:00:00,Lab_219_PC166,In Use,AnonUser_0152,135
2026-04-01 16:00:00,Lab_219_PC167,Idle,AnonUser_0018,90
2026-04-01 16:00:00,Lab_219_PC168,In Use,AnonUser_0079,15
2026-04-01 16:00:00,Lab_219_PC169,In Use,AnonUser_0090,120
2026-04-01 16:00:00,Lab_219_PC170,In Use,AnonUser_0101,165
2026-04-01 16:00:00,Lab_219_PC171,In Use,AnonUser_0063,60
2026-04-01 16:00:00,Lab_219_PC172,In Use,AnonUser_0121,90
2026-04-01 16:00:00,Lab_219_PC173,In Use,AnonUser_0046,45
2026-04-01 16:00:00,Lab_219_PC174,In Use,AnonUser_0005,45
2026-04-01 16:00:00,Lab_219_PC175,In Use,AnonUser_0140,135
2026-04-01 16:00:00,Lab_219_PC176,In Use,AnonUser_0138,150
2026-04-01 16:00:00,Lab_219_PC177,Idle,AnonUser_0116,210
2026-04-01 16:00:00,Lab_219_PC178,In Use,AnonUser_0102,135
2026-04-01 16:00:00,Lab_219_PC179,In Use,AnonUser_0164,60
2026-04-01 16:15:00,Lab_202_PC001,In Use,AnonUser_0004,60
2026-04-01 16:15:00,Lab_202_PC002,In Use,AnonUser_0085,195
2026-04-01 16:15:00,Lab_202_PC003,In Use,AnonUser_0031,15
2026-04-01 16:15:00,Lab_202_PC004,In Use,AnonUser_0171,165
2026-04-01 16:15:00,Lab_202_PC005,Idle,AnonUser_0107,30
2026-04-01 16:15:00,Lab_202_PC006,In Use,AnonUser_0072,15
2026-04-01 16:15:00,Lab_202_PC007,In Use,AnonUser_0161,120
2026-04-01 16:15:00,Lab_202_PC008,In Use,AnonUser_0062,15
2026-04-01 16:15:00,Lab_202_PC009,Idle,AnonUser_0020,150
2026-04-01 16:15:00,Lab_202_PC010,In Use,AnonUser_0170,30
2026-04-01 16:15:00,Lab_202_PC011,Idle,AnonUser_0002,30
2026-04-01 16:15:00,Lab_202_PC012,In Use,AnonUser_0070,0
2026-04-01 16:15:00,Lab_202_PC013,Idle,AnonUser_0047,45
2026-04-01 16:15:00,Lab_202_PC014,Idle,AnonUser_0084,30
2026-04-01 16:15:00,Lab_202_PC015,In Use,AnonUser_0022,15
2026-04-01 16:15:00,Lab_202_PC016,In Use,AnonUser_0144,75
2026-04-01 16:15:00,Lab_202_PC017,In Use,AnonUser_0125,15
2026-04-01 16:15:00,Lab_202_PC018,In Use,AnonUser_0178,0
2026-04-01 16:15:00,Lab_202_PC019,In Use,AnonUser_0137,15
2026-04-01 16:15:00,Lab_202_PC020,In Use,AnonUser_0074,30
2026-04-01 16:15:00,Lab_202_PC021,In Use,AnonUser_0143,30
2026-04-01 16:15:00,Lab_202_PC022,In Use,AnonUser_0051,30
2026-04-01 16:15:00,Lab_202_PC023,In Use,AnonUser_0130,120
2026-04-01 16:15:00,Lab_202_PC024,Offline,N/A,N/A
2026-04-01 16:15:00,Lab_202_PC025,In Use,AnonUser_0012,15
2026-04-01 16:15:00,Lab_202_PC026,In Use,AnonUser_0083,0
2026-04-01 16:15:00,Lab_202_PC027,In Use,AnonUser_0165,135
2026-04-01 16:15:00,Lab_202_PC028,Offline,N/A,N/A
2026-04-01 16:15:00,Lab_202_PC029,In Use,AnonUser_0129,135
2026-04-01 16:15:00,Lab_202_PC030,In Use,AnonUser_0041,105
2026-04-01 16:15:00,Lab_206_PC031,In Use,AnonUser_0014,210
2026-04-01 16:15:00,Lab_206_PC032,In Use,AnonUser_0105,165
2026-04-01 16:15:00,Lab_206_PC033,In Use,AnonUser_0032,0
2026-04-01 16:15:00,Lab_206_PC034,Idle,AnonUser_0146,0
2026-04-01 16:15:00,Lab_206_PC035,In Use,AnonUser_0087,60
2026-04-01 16:15:00,Lab_206_PC036,In Use,AnonUser_0106,75
2026-04-01 16:15:00,Lab_206_PC037,In Use,AnonUser_0001,15
2026-04-01 16:15:00,Lab_206_PC038,In Use,AnonUser_0040,15
2026-04-01 16:15:00,Lab_206_PC039,In Use,AnonUser_0088,75
2026-04-01 16:15:00,Lab_206_PC040,Offline,N/A,N/A
2026-04-01 16:15:00,Lab_206_PC041,In Use,AnonUser_0103,45
2026-04-01 16:15:00,Lab_206_PC042,In Use,AnonUser_0158,90
2026-04-01 16:15:00,Lab_206_PC043,In Use,AnonUser_0026,30
2026-04-01 16:15:00,Lab_206_PC044,In Use,AnonUser_0115,90
2026-04-01 16:15:00,Lab_206_PC045,In Use,AnonUser_0003,90
2026-04-01 16:15:00,Lab_206_PC046,In Use,AnonUser_0007,0
2026-04-01 16:15:00,Lab_206_PC047,Idle,AnonUser_0145,90
2026-04-01 16:15:00,Lab_206_PC048,In Use,AnonUser_0099,15
2026-04-01 16:15:00,Lab_206_PC049,In Use,AnonUser_0153,60
2026-04-01 16:15:00,Lab_206_PC050,In Use,AnonUser_0075,15
2026-04-01 16:15:00,Lab_206_PC051,Idle,AnonUser_0052,15
2026-04-01 16:15:00,Lab_206_PC052,In Use,AnonUser_0174,0
2026-04-01 16:15:00,Lab_206_PC053,Offline,N/A,N/A
2026-04-01 16:15:00,Lab_206_PC054,In Use,AnonUser_0112,120
2026-04-01 16:15:00,Lab_206_PC055,In Use,AnonUser_0124,45
2026-04-01 16:15:00,Lab_206_PC056,Offline,N/A,N/A
2026-04-01 16:15:00,Lab_206_PC057,In Use,AnonUser_0065,60
2026-04-01 16:15:00,Lab_206_PC058,Idle,AnonUser_0151,45
2026-04-01 16:15:00,Lab_206_PC059,In Use,AnonUser_0011,135
2026-04-01 16:15:00,Lab_206_PC060,In Use,AnonUser_0095,105
2026-04-01 16:15:00,Lab_210_PC061,Idle,AnonUser_0017,45
2026-04-01 16:15:00,Lab_210_PC062,Idle,AnonUser_0172,60
2026-04-01 16:15:00,Lab_210_PC063,Offline,N/A,N/A
2026-04-01 16:15:00,Lab_210_PC064,In Use,AnonUser_0071,90
2026-04-01 16:15:00,Lab_210_PC065,In Use,AnonUser_0030,45
2026-04-01 16:15:00,Lab_210_PC066,In Use,AnonUser_0010,150
2026-04-01 16:15:00,Lab_210_PC067,In Use,AnonUser_0019,195
2026-04-01 16:15:00,Lab_210_PC068,Idle,AnonUser_0035,45
2026-04-01 16:15:00,Lab_210_PC069,In Use,AnonUser_0067,105
2026-04-01 16:15:00,Lab_210_PC070,In Use,AnonUser_0162,45
2026-04-01 16:15:00,Lab_210_PC071,In Use,AnonUser_0050,75
2026-04-01 16:15:00,Lab_210_PC072,In Use,AnonUser_0159,30
2026-04-01 16:15:00,Lab_210_PC073,In Use,AnonUser_0034,60
2026-04-01 16:15:00,Lab_210_PC074,In Use,AnonUser_0068,135
2026-04-01 16:15:00,Lab_210_PC075,In Use,AnonUser_0167,15
2026-04-01 16:15:00,Lab_210_PC076,In Use,AnonUser_0110,75
2026-04-01 16:15:00,Lab_210_PC077,In Use,AnonUser_0132,15
2026-04-01 16:15:00,Lab_210_PC078,Idle,AnonUser_0157,45
2026-04-01 16:15:00,Lab_210_PC079,In Use,AnonUser_0118,90
2026-04-01 16:15:00,Lab_210_PC080,In Use,AnonUser_0023,30
2026-04-01 16:15:00,Lab_210_PC081,Offline,N/A,N/A
2026-04-01 16:15:00,Lab_219_PC082,In Use,AnonUser_0123,105
2026-04-01 16:15:00,Lab_219_PC083,In Use,AnonUser_0006,30
2026-04-01 16:15:00,Lab_219_PC084,In Use,AnonUser_0061,120
2026-04-01 16:15:00,Lab_219_PC085,In Use,AnonUser_0056,90
2026-04-01 16:15:00,Lab_219_PC086,In Use,AnonUser_0163,105
2026-04-01 16:15:00,Lab_219_PC087,Offline,N/A,N/A
2026-04-01 16:15:00,Lab_219_PC088,In Use,AnonUser_0120,105
2026-04-01 16:15:00,Lab_219_PC089,Idle,AnonUser_0133,150
2026-04-01 16:15:00,Lab_219_PC090,Idle,AnonUser_0025,135
2026-04-01 16:15:00,Lab_219_PC091,In Use,AnonUser_0081,150
2026-04-01 16:15:00,Lab_219_PC092,Offline,N/A,N/A
2026-04-01 16:15:00,Lab_219_PC093,In Use,AnonUser_0082,105
2026-04-01 16:15:00,Lab_219_PC094,In Use,AnonUser_0160,105
2026-04-01 16:15:00,Lab_219_PC095,In Use,AnonUser_0060,75
2026-04-01 16:15:00,Lab_219_PC096,In Use,AnonUser_0108,15
2026-04-01 16:15:00,Lab_219_PC097,Idle,AnonUser_0134,105
2026-04-01 16:15:00,Lab_219_PC098,In Use,AnonUser_0044,30
2026-04-01 16:15:00,Lab_219_PC099,In Use,AnonUser_0059,60
2026-04-01 16:15:00,Lab_219_PC100,In Use,AnonUser_0117,120
2026-04-01 16:15:00,Lab_219_PC101,Idle,AnonUser_0141,120
2026-04-01 16:15:00,Lab_219_PC102,Idle,AnonUser_0131,15
2026-04-01 16:15:00,Lab_219_PC103,In Use,AnonUser_0092,225
2026-04-01 16:15:00,Lab_219_PC104,Idle,AnonUser_0048,90
2026-04-01 16:15:00,Lab_219_PC105,In Use,AnonUser_0179,30
2026-04-01 16:15:00,Lab_219_PC106,In Use,AnonUser_0177,60
2026-04-01 16:15:00,Lab_219_PC107,In Use,AnonUser_0098,15
2026-04-01 16:15:00,Lab_219_PC108,Offline,N/A,N/A
2026-04-01 16:15:00,Lab_219_PC109,Idle,AnonUser_0168,75
2026-04-01 16:15:00,Lab_219_PC110,In Use,AnonUser_0036,30
2026-04-01 16:15:00,Lab_219_PC111,Offline,N/A,N/A
2026-04-01 16:15:00,Lab_219_PC112,In Use,AnonUser_0024,30
2026-04-01 16:15:00,Lab_219_PC113,In Use,AnonUser_0096,0
2026-04-01 16:15:00,Lab_219_PC114,In Use,AnonUser_0033,30
2026-04-01 16:15:00,Lab_219_PC115,In Use,AnonUser_0069,120
2026-04-01 16:15:00,Lab_219_PC116,In Use,AnonUser_0080,75
2026-04-01 16:15:00,Lab_219_PC117,In Use,AnonUser_0156,30
2026-04-01 16:15:00,Lab_219_PC118,Offline,N/A,N/A
2026-04-01 16:15:00,Lab_219_PC119,In Use,AnonUser_0126,120
2026-04-01 16:15:00,Lab_219_PC120,In Use,AnonUser_0039,75
2026-04-01 16:15:00,Lab_219_PC121,In Use,AnonUser_0043,60
2026-04-01 16:15:00,Lab_219_PC122,In Use,AnonUser_0094,120
2026-04-01 16:15:00,Lab_219_PC123,Idle,AnonUser_0057,0
2026-04-01 16:15:00,Lab_219_PC124,In Use,AnonUser_0089,45
2026-04-01 16:15:00,Lab_219_PC125,In Use,AnonUser_0150,120
2026-04-01 16:15:00,Lab_219_PC126,In Use,AnonUser_0077,15
2026-04-01 16:15:00,Lab_219_PC127,In Use,AnonUser_0037,120
2026-04-01 16:15:00,Lab_219_PC128,In Use,AnonUser_0119,75
2026-04-01 16:15:00,Lab_219_PC129,In Use,AnonUser_0176,45
2026-04-01 16:15:00,Lab_219_PC130,Idle,AnonUser_0076,15
2026-04-01 16:15:00,Lab_219_PC131,Idle,AnonUser_0038,0
2026-04-01 16:15:00,Lab_219_PC132,In Use,AnonUser_0166,0
2026-04-01 16:15:00,Lab_219_PC133,In Use,AnonUser_0028,60
2026-04-01 16:15:00,Lab_219_PC134,In Use,AnonUser_0015,135
2026-04-01 16:15:00,Lab_219_PC135,In Use,AnonUser_0021,75
2026-04-01 16:15:00,Lab_219_PC136,In Use,AnonUser_0135,105
2026-04-01 16:15:00,Lab_219_PC137,In Use,AnonUser_0064,0
2026-04-01 16:15:00,Lab_219_PC138,In Use,AnonUser_0147,15
2026-04-01 16:15:00,Lab_219_PC139,In Use,AnonUser_0097,15
2026-04-01 16:15:00,Lab_219_PC140,In Use,AnonUser_0142,0
2026-04-01 16:15:00,Lab_219_PC141,In Use,AnonUser_0100,0
2026-04-01 16:15:00,Lab_219_PC142,In Use,AnonUser_0066,75
2026-04-01 16:15:00,Lab_219_PC143,In Use,AnonUser_0029,150
2026-04-01 16:15:00,Lab_219_PC144,In Use,AnonUser_0008,75
2026-04-01 16:15:00,Lab_219_PC145,Idle,AnonUser_0104,15
2026-04-01 16:15:00,Lab_219_PC146,In Use,AnonUser_0093,195
2026-04-01 16:15:00,Lab_219_PC147,In Use,AnonUser_0122,60
2026-04-01 16:15:00,Lab_219_PC148,In Use,AnonUser_0175,0
2026-04-01 16:15:00,Lab_219_PC149,Idle,AnonUser_0049,0
2026-04-01 16:15:00,Lab_219_PC150,In Use,AnonUser_0173,135
2026-04-01 16:15:00,Lab_219_PC151,In Use,AnonUser_0013,0
2026-04-01 16:15:00,Lab_219_PC152,In Use,AnonUser_0169,90
2026-04-01 16:15:00,Lab_219_PC153,Idle,AnonUser_0111,210
2026-04-01 16:15:00,Lab_219_PC154,In Use,AnonUser_0054,165
2026-04-01 16:15:00,Lab_219_PC155,In Use,AnonUser_0073,120
2026-04-01 16:15:00,Lab_219_PC156,In Use,AnonUser_0058,45
2026-04-01 16:15:00,Lab_219_PC157,Offline,N/A,N/A
2026-04-01 16:15:00,Lab_219_PC158,In Use,AnonUser_0139,45
2026-04-01 16:15:00,Lab_219_PC159,In Use,AnonUser_0127,210
2026-04-01 16:15:00,Lab_219_PC160,In Use,AnonUser_0155,0
2026-04-01 16:15:00,Lab_219_PC161,In Use,AnonUser_0148,30
2026-04-01 16:15:00,Lab_219_PC162,In Use,AnonUser_0078,15
2026-04-01 16:15:00,Lab_219_PC163,In Use,AnonUser_0086,60
2026-04-01 16:15:00,Lab_219_PC164,In Use,AnonUser_0045,45
2026-04-01 16:15:00,Lab_219_PC165,In Use,AnonUser_0053,90
2026-04-01 16:15:00,Lab_219_PC166,In Use,AnonUser_0152,120
2026-04-01 16:15:00,Lab_219_PC167,Idle,AnonUser_0018,75
2026-04-01 16:15:00,Lab_219_PC168,In Use,AnonUser_0079,0
2026-04-01 16:15:00,Lab_219_PC169,In Use,AnonUser_0090,105
2026-04-01 16:15:00,Lab_219_PC170,In Use,AnonUser_0101,150
2026-04-01 16:15:00,Lab_219_PC171,Idle,AnonUser_0063,45
2026-04-01 16:15:00,Lab_219_PC172,In Use,AnonUser_0121,75
2026-04-01 16:15:00,Lab_219_PC173,In Use,AnonUser_0046,30
2026-04-01 16:15:00,Lab_219_PC174,Idle,AnonUser_0005,30
2026-04-01 16:15:00,Lab_219_PC175,In Use,AnonUser_0140,120
2026-04-01 16:15:00,Lab_219_PC176,In Use,AnonUser_0138,135
2026-04-01 16:15:00,Lab_219_PC177,In Use,AnonUser_0116,195
2026-04-01 16:15:00,Lab_219_PC178,In Use,AnonUser_0102,120
2026-04-01 16:15:00,Lab_219_PC179,In Use,AnonUser_0164,45
2026-04-01 16:30:00,Lab_202_PC001,In Use,AnonUser_0004,45
2026-04-01 16:30:00,Lab_202_PC002,In Use,AnonUser_0085,180
2026-04-01 16:30:00,Lab_202_PC003,In Use,AnonUser_0031,0
2026-04-01 16:30:00,Lab_202_PC004,In Use,AnonUser_0171,150
2026-04-01 16:30:00,Lab_202_PC005,In Use,AnonUser_0107,15
2026-04-01 16:30:00,Lab_202_PC006,In Use,AnonUser_0072,0
2026-04-01 16:30:00,Lab_202_PC007,Idle,AnonUser_0161,105
2026-04-01 16:30:00,Lab_202_PC008,In Use,AnonUser_0062,0
2026-04-01 16:30:00,Lab_202_PC009,Idle,AnonUser_0020,135
2026-04-01 16:30:00,Lab_202_PC010,In Use,AnonUser_0170,15
2026-04-01 16:30:00,Lab_202_PC011,In Use,AnonUser_0002,15
2026-04-01 16:30:00,Lab_202_PC012,In Use,AnonUser_0136,105
2026-04-01 16:30:00,Lab_202_PC013,In Use,AnonUser_0047,30
2026-04-01 16:30:00,Lab_202_PC014,In Use,AnonUser_0084,15
2026-04-01 16:30:00,Lab_202_PC015,In Use,AnonUser_0022,0
2026-04-01 16:30:00,Lab_202_PC016,In Use,AnonUser_0144,60
2026-04-01 16:30:00,Lab_202_PC017,In Use,AnonUser_0125,0
2026-04-01 16:30:00,Lab_202_PC018,Offline,N/A,N/A
2026-04-01 16:30:00,Lab_202_PC019,In Use,AnonUser_0137,0
2026-04-01 16:30:00,Lab_202_PC020,In Use,AnonUser_0074,15
2026-04-01 16:30:00,Lab_202_PC021,In Use,AnonUser_0143,15
2026-04-01 16:30:00,Lab_202_PC022,In Use,AnonUser_0051,15
2026-04-01 16:30:00,Lab_202_PC023,In Use,AnonUser_0130,105
2026-04-01 16:30:00,Lab_202_PC024,Idle,AnonUser_0113,105
2026-04-01 16:30:00,Lab_202_PC025,In Use,AnonUser_0012,0
2026-04-01 16:30:00,Lab_202_PC026,In Use,AnonUser_0149,105
2026-04-01 16:30:00,Lab_202_PC027,In Use,AnonUser_0165,120
2026-04-01 16:30:00,Lab_202_PC028,Offline,N/A,N/A
2026-04-01 16:30:00,Lab_202_PC029,In Use,AnonUser_0129,120
2026-04-01 16:30:00,Lab_202_PC030,In Use,AnonUser_0041,90
2026-04-01 16:30:00,Lab_206_PC031,In Use,AnonUser_0014,195
2026-04-01 16:30:00,Lab_206_PC032,In Use,AnonUser_0105,150
2026-04-01 16:30:00,Lab_206_PC033,Idle,AnonUser_0070,90
2026-04-01 16:30:00,Lab_206_PC034,Idle,AnonUser_0109,165
2026-04-01 16:30:00,Lab_206_PC035,In Use,AnonUser_0087,45
2026-04-01 16:30:00,Lab_206_PC036,In Use,AnonUser_0106,60
2026-04-01 16:30:00,Lab_206_PC037,In Use,AnonUser_0001,0
2026-04-01 16:30:00,Lab_206_PC038,In Use,AnonUser_0040,0
2026-04-01 16:30:00,Lab_206_PC039,In Use,AnonUser_0088,60
2026-04-01 16:30:00,Lab_206_PC040,Idle,AnonUser_0032,225
2026-04-01 16:30:00,Lab_206_PC041,Idle,AnonUser_0103,30
2026-04-01 16:30:00,Lab_206_PC042,In Use,AnonUser_0158,75
2026-04-01 16:30:00,Lab_206_PC043,In Use,AnonUser_0026,15
2026-04-01 16:30:00,Lab_206_PC044,Idle,AnonUser_0115,75
2026-04-01 16:30:00,Lab_206_PC045,Idle,AnonUser_0003,75
2026-04-01 16:30:00,Lab_206_PC046,Offline,N/A,N/A
2026-04-01 16:30:00,Lab_206_PC047,In Use,AnonUser_0145,75
2026-04-01 16:30:00,Lab_206_PC048,In Use,AnonUser_0099,0
2026-04-01 16:30:00,Lab_206_PC049,In Use,AnonUser_0153,45
2026-04-01 16:30:00,Lab_206_PC050,In Use,AnonUser_0075,0
2026-04-01 16:30:00,Lab_206_PC051,In Use,AnonUser_0052,0
2026-04-01 16:30:00,Lab_206_PC052,In Use,AnonUser_0091,0
2026-04-01 16:30:00,Lab_206_PC053,Idle,AnonUser_0009,75
2026-04-01 16:30:00,Lab_206_PC054,In Use,AnonUser_0112,105
2026-04-01 16:30:00,Lab_206_PC055,In Use,AnonUser_0124,30
2026-04-01 16:30:00,Lab_206_PC056,Offline,N/A,N/A
2026-04-01 16:30:00,Lab_206_PC057,In Use,AnonUser_0065,45
2026-04-01 16:30:00,Lab_206_PC058,In Use,AnonUser_0151,30
2026-04-01 16:30:00,Lab_206_PC059,In Use,AnonUser_0011,120
2026-04-01 16:30:00,Lab_206_PC060,In Use,AnonUser_0095,90
2026-04-01 16:30:00,Lab_210_PC061,In Use,AnonUser_0017,30
2026-04-01 16:30:00,Lab_210_PC062,In Use,AnonUser_0172,45
2026-04-01 16:30:00,Lab_210_PC063,Idle,AnonUser_0083,0
2026-04-01 16:30:00,Lab_210_PC064,In Use,AnonUser_0071,75
2026-04-01 16:30:00,Lab_210_PC065,In Use,AnonUser_0030,30
2026-04-01 16:30:00,Lab_210_PC066,In Use,AnonUser_0010,135
2026-04-01 16:30:00,Lab_210_PC067,Idle,AnonUser_0019,180
2026-04-01 16:30:00,Lab_210_PC068,In Use,AnonUser_0035,30
2026-04-01 16:30:00,Lab_210_PC069,Idle,AnonUser_0067,90
2026-04-01 16:30:00,Lab_210_PC070,In Use,AnonUser_0162,30
2026-04-01 16:30:00,Lab_210_PC071,In Use,AnonUser_0050,60
2026-04-01 16:30:00,Lab_210_PC072,In Use,AnonUser_0159,15
2026-04-01 16:30:00,Lab_210_PC073,In Use,AnonUser_0034,45
2026-04-01 16:30:00,Lab_210_PC074,In Use,AnonUser_0068,120
2026-04-01 16:30:00,Lab_210_PC075,In Use,AnonUser_0167,0
2026-04-01 16:30:00,Lab_210_PC076,In Use,AnonUser_0110,60
2026-04-01 16:30:00,Lab_210_PC077,In Use,AnonUser_0132,0
2026-04-01 16:30:00,Lab_210_PC078,In Use,AnonUser_0157,30
2026-04-01 16:30:00,Lab_210_PC079,In Use,AnonUser_0118,75
2026-04-01 16:30:00,Lab_210_PC080,In Use,AnonUser_0023,15
2026-04-01 16:30:00,Lab_210_PC081,Offline,N/A,N/A
2026-04-01 16:30:00,Lab_219_PC082,In Use,AnonUser_0123,90
2026-04-01 16:30:00,Lab_219_PC083,Idle,AnonUser_0006,15
2026-04-01 16:30:00,Lab_219_PC084,In Use,AnonUser_0061,105
2026-04-01 16:30:00,Lab_219_PC085,Idle,AnonUser_0056,75
2026-04-01 16:30:00,Lab_219_PC086,In Use,AnonUser_0163,90
2026-04-01 16:30:00,Lab_219_PC087,In Use,AnonUser_0128,120
2026-04-01 16:30:00,Lab_219_PC088,In Use,AnonUser_0120,90
2026-04-01 16:30:00,Lab_219_PC089,In Use,AnonUser_0133,135
2026-04-01 16:30:00,Lab_219_PC090,In Use,AnonUser_0025,120
2026-04-01 16:30:00,Lab_219_PC091,In Use,AnonUser_0081,135
2026-04-01 16:30:00,Lab_219_PC092,Idle,AnonUser_0016,30
2026-04-01 16:30:00,Lab_219_PC093,In Use,AnonUser_0082,90
2026-04-01 16:30:00,Lab_219_PC094,In Use,AnonUser_0160,90
2026-04-01 16:30:00,Lab_219_PC095,In Use,AnonUser_0060,60
2026-04-01 16:30:00,Lab_219_PC096,In Use,AnonUser_0108,0
2026-04-01 16:30:00,Lab_219_PC097,In Use,AnonUser_0134,90
2026-04-01 16:30:00,Lab_219_PC098,In Use,AnonUser_0044,15
2026-04-01 16:30:00,Lab_219_PC099,In Use,AnonUser_0059,45
2026-04-01 16:30:00,Lab_219_PC100,In Use,AnonUser_0117,105
2026-04-01 16:30:00,Lab_219_PC101,In Use,AnonUser_0141,105
2026-04-01 16:30:00,Lab_219_PC102,In Use,AnonUser_0131,0
2026-04-01 16:30:00,Lab_219_PC103,Idle,AnonUser_0092,210
2026-04-01 16:30:00,Lab_219_PC104,In Use,AnonUser_0048,75
2026-04-01 16:30:00,Lab_219_PC105,In Use,AnonUser_0179,15
2026-04-01 16:30:00,Lab_219_PC106,In Use,AnonUser_0177,45
2026-04-01 16:30:00,Lab_219_PC107,In Use,AnonUser_0098,0
2026-04-01 16:30:00,Lab_219_PC108,Idle,AnonUser_0055,135
2026-04-01 16:30:00,Lab_219_PC109,In Use,AnonUser_0168,60
2026-04-01 16:30:00,Lab_219_PC110,In Use,AnonUser_0036,15
2026-04-01 16:30:00,Lab_219_PC111,In Use,AnonUser_0178,135
2026-04-01 16:30:00,Lab_219_PC112,In Use,AnonUser_0024,15
2026-04-01 16:30:00,Lab_219_PC113,In Use,AnonUser_0096,105
2026-04-01 16:30:00,Lab_219_PC114,In Use,AnonUser_0033,15
2026-04-01 16:30:00,Lab_219_PC115,In Use,AnonUser_0069,105
2026-04-01 16:30:00,Lab_219_PC116,In Use,AnonUser_0080,60
2026-04-01 16:30:00,Lab_219_PC117,In Use,AnonUser_0156,15
2026-04-01 16:30:00,Lab_219_PC118,In Use,AnonUser_0154,105
2026-04-01 16:30:00,Lab_219_PC119,In Use,AnonUser_0126,105
2026-04-01 16:30:00,Lab_219_PC120,In Use,AnonUser_0039,60
2026-04-01 16:30:00,Lab_219_PC121,In Use,AnonUser_0043,45
2026-04-01 16:30:00,Lab_219_PC122,In Use,AnonUser_0094,105
2026-04-01 16:30:00,Lab_219_PC123,In Use,AnonUser_0114,15
2026-04-01 16:30:00,Lab_219_PC124,In Use,AnonUser_0089,30
2026-04-01 16:30:00,Lab_219_PC125,In Use,AnonUser_0150,105
2026-04-01 16:30:00,Lab_219_PC126,In Use,AnonUser_0077,0
2026-04-01 16:30:00,Lab_219_PC127,In Use,AnonUser_0037,105
2026-04-01 16:30:00,Lab_219_PC128,In Use,AnonUser_0119,60
2026-04-01 16:30:00,Lab_219_PC129,In Use,AnonUser_0176,30
2026-04-01 16:30:00,Lab_219_PC130,In Use,AnonUser_0076,0
2026-04-01 16:30:00,Lab_219_PC131,In Use,AnonUser_0146,0
2026-04-01 16:30:00,Lab_219_PC132,Offline,N/A,N/A
2026-04-01 16:30:00,Lab_219_PC133,Idle,AnonUser_0028,45
2026-04-01 16:30:00,Lab_219_PC134,In Use,AnonUser_0015,120
2026-04-01 16:30:00,Lab_219_PC135,In Use,AnonUser_0021,60
2026-04-01 16:30:00,Lab_219_PC136,In Use,AnonUser_0135,90
2026-04-01 16:30:00,Lab_219_PC137,Offline,N/A,N/A
2026-04-01 16:30:00,Lab_219_PC138,In Use,AnonUser_0147,0
2026-04-01 16:30:00,Lab_219_PC139,Idle,AnonUser_0097,0
2026-04-01 16:30:00,Lab_219_PC140,Offline,N/A,N/A
2026-04-01 16:30:00,Lab_219_PC141,Offline,N/A,N/A
2026-04-01 16:30:00,Lab_219_PC142,Idle,AnonUser_0066,60
2026-04-01 16:30:00,Lab_219_PC143,Idle,AnonUser_0029,135
2026-04-01 16:30:00,Lab_219_PC144,In Use,AnonUser_0008,60
2026-04-01 16:30:00,Lab_219_PC145,In Use,AnonUser_0104,0
2026-04-01 16:30:00,Lab_219_PC146,In Use,AnonUser_0093,180
2026-04-01 16:30:00,Lab_219_PC147,In Use,AnonUser_0122,45
2026-04-01 16:30:00,Lab_219_PC148,Idle,AnonUser_0038,0
2026-04-01 16:30:00,Lab_219_PC149,In Use,AnonUser_0007,15
2026-04-01 16:30:00,Lab_219_PC150,In Use,AnonUser_0173,120
2026-04-01 16:30:00,Lab_219_PC151,In Use,AnonUser_0057,120
2026-04-01 16:30:00,Lab_219_PC152,In Use,AnonUser_0169,75
2026-04-01 16:30:00,Lab_219_PC153,In Use,AnonUser_0111,195
2026-04-01 16:30:00,Lab_219_PC154,In Use,AnonUser_0054,150
2026-04-01 16:30:00,Lab_219_PC155,Idle,AnonUser_0073,105
2026-04-01 16:30:00,Lab_219_PC156,In Use,AnonUser_0058,30
2026-04-01 16:30:00,Lab_219_PC157,Offline,N/A,N/A
2026-04-01 16:30:00,Lab_219_PC158,In Use,AnonUser_0139,30
2026-04-01 16:30:00,Lab_219_PC159,In Use,AnonUser_0127,195
2026-04-01 16:30:00,Lab_219_PC160,In Use,AnonUser_0042,120
2026-04-01 16:30:00,Lab_219_PC161,In Use,AnonUser_0148,15
2026-04-01 16:30:00,Lab_219_PC162,In Use,AnonUser_0078,0
2026-04-01 16:30:00,Lab_219_PC163,In Use,AnonUser_0086,45
2026-04-01 16:30:00,Lab_219_PC164,In Use,AnonUser_0045,30
2026-04-01 16:30:00,Lab_219_PC165,In Use,AnonUser_0053,75
2026-04-01 16:30:00,Lab_219_PC166,In Use,AnonUser_0152,105
2026-04-01 16:30:00,Lab_219_PC167,Idle,AnonUser_0018,60
2026-04-01 16:30:00,Lab_219_PC168,Offline,N/A,N/A
2026-04-01 16:30:00,Lab_219_PC169,Idle,AnonUser_0090,90
2026-04-01 16:30:00,Lab_219_PC170,In Use,AnonUser_0101,135
2026-04-01 16:30:00,Lab_219_PC171,In Use,AnonUser_0063,30
2026-04-01 16:30:00,Lab_219_PC172,In Use,AnonUser_0121,60
2026-04-01 16:30:00,Lab_219_PC173,In Use,AnonUser_0046,15
2026-04-01 16:30:00,Lab_219_PC174,In Use,AnonUser_0005,15
2026-04-01 16:30:00,Lab_219_PC175,In Use,AnonUser_0140,105
2026-04-01 16:30:00,Lab_219_PC176,In Use,AnonUser_0138,120
2026-04-01 16:30:00,Lab_219_PC177,In Use,AnonUser_0116,180
2026-04-01 16:30:00,Lab_219_PC178,In Use,AnonUser_0102,105
2026-04-01 16:30:00,Lab_219_PC179,Idle,AnonUser_0164,30
2026-04-01 16:45:00,Lab_202_PC001,In Use,AnonUser_0004,30
2026-04-01 16:45:00,Lab_202_PC002,In Use,AnonUser_0085,165
2026-04-01 16:45:00,Lab_202_PC003,In Use,AnonUser_0142,150
2026-04-01 16:45:00,Lab_202_PC004,Idle,AnonUser_0171,135
2026-04-01 16:45:00,Lab_202_PC005,In Use,AnonUser_0107,0
2026-04-01 16:45:00,Lab_202_PC006,Offline,N/A,N/A
2026-04-01 16:45:00,Lab_202_PC007,In Use,AnonUser_0161,90
2026-04-01 16:45:00,Lab_202_PC008,Idle,AnonUser_0064,0
2026-04-01 16:45:00,Lab_202_PC009,In Use,AnonUser_0020,120
2026-04-01 16:45:00,Lab_202_PC010,In Use,AnonUser_0170,0
2026-04-01 16:45:00,Lab_202_PC011,In Use,AnonUser_0002,0
2026-04-01 16:45:00,Lab_202_PC012,In Use,AnonUser_0136,90
2026-04-01 16:45:00,Lab_202_PC013,Idle,AnonUser_0047,15
2026-04-01 16:45:00,Lab_202_PC014,In Use,AnonUser_0084,0
2026-04-01 16:45:00,Lab_202_PC015,Offline,N/A,N/A
2026-04-01 16:45:00,Lab_202_PC016,In Use,AnonUser_0144,45
2026-04-01 16:45:00,Lab_202_PC017,In Use,AnonUser_0125,105
2026-04-01 16:45:00,Lab_202_PC018,Offline,N/A,N/A
2026-04-01 16:45:00,Lab_202_PC019,Idle,AnonUser_0175,225
2026-04-01 16:45:00,Lab_202_PC020,In Use,AnonUser_0074,0
2026-04-01 16:45:00,Lab_202_PC021,Idle,AnonUser_0143,0
2026-04-01 16:45:00,Lab_202_PC022,Idle,AnonUser_0051,0
2026-04-01 16:45:00,Lab_202_PC023,In Use,AnonUser_0130,90
2026-04-01 16:45:00,Lab_202_PC024,In Use,AnonUser_0113,90
2026-04-01 16:45:00,Lab_202_PC025,Offline,N/A,N/A
2026-04-01 16:45:00,Lab_202_PC026,Idle,AnonUser_0149,90
2026-04-01 16:45:00,Lab_202_PC027,In Use,AnonUser_0165,105
2026-04-01 16:45:00,Lab_202_PC028,Offline,N/A,N/A
2026-04-01 16:45:00,Lab_202_PC029,Idle,AnonUser_0129,105
2026-04-01 16:45:00,Lab_202_PC030,In Use,AnonUser_0041,75
2026-04-01 16:45:00,Lab_206_PC031,In Use,AnonUser_0014,180
2026-04-01 16:45:00,Lab_206_PC032,In Use,AnonUser_0105,135
2026-04-01 16:45:00,Lab_206_PC033,In Use,AnonUser_0070,75
2026-04-01 16:45:00,Lab_206_PC034,In Use,AnonUser_0109,150
2026-04-01 16:45:00,Lab_206_PC035,In Use,AnonUser_0087,30
2026-04-01 16:45:00,Lab_206_PC036,In Use,AnonUser_0106,45
2026-04-01 16:45:00,Lab_206_PC037,Offline,N/A,N/A
2026-04-01 16:45:00,Lab_206_PC038,In Use,AnonUser_0040,15
2026-04-01 16:45:00,Lab_206_PC039,In Use,AnonUser_0088,45
2026-04-01 16:45:00,Lab_206_PC040,Idle,AnonUser_0032,210
2026-04-01 16:45:00,Lab_206_PC041,In Use,AnonUser_0103,15
2026-04-01 16:45:00,Lab_206_PC042,In Use,AnonUser_0158,60
2026-04-01 16:45:00,Lab_206_PC043,In Use,AnonUser_0026,0
2026-04-01 16:45:00,Lab_206_PC044,In Use,AnonUser_0115,60
2026-04-01 16:45:00,Lab_206_PC045,In Use,AnonUser_0003,60
2026-04-01 16:45:00,Lab_206_PC046,Offline,N/A,N/A
2026-04-01 16:45:00,Lab_206_PC047,In Use,AnonUser_0145,60
2026-04-01 16:45:00,Lab_206_PC048,In Use,AnonUser_0027,45
2026-04-01 16:45:00,Lab_206_PC049,In Use,AnonUser_0153,30
2026-04-01 16:45:00,Lab_206_PC050,In Use,AnonUser_0049,15
2026-04-01 16:45:00,Lab_206_PC051,In Use,AnonUser_0001,150
2026-04-01 16:45:00,Lab_206_PC052,In Use,AnonUser_0100,225
2026-04-01 16:45:00,Lab_206_PC053,In Use,AnonUser_0009,60
2026-04-01 16:45:00,Lab_206_PC054,In Use,AnonUser_0112,90
2026-04-01 16:45:00,Lab_206_PC055,In Use,AnonUser_0124,15
2026-04-01 16:45:00,Lab_206_PC056,In Use,AnonUser_0166,30
2026-04-01 16:45:00,Lab_206_PC057,In Use,AnonUser_0065,30
2026-04-01 16:45:00,Lab_206_PC058,In Use,AnonUser_0151,15
2026-04-01 16:45:00,Lab_206_PC059,In Use,AnonUser_0011,105
2026-04-01 16:45:00,Lab_206_PC060,In Use,AnonUser_0095,75
2026-04-01 16:45:00,Lab_210_PC061,In Use,AnonUser_0017,15
2026-04-01 16:45:00,Lab_210_PC062,In Use,AnonUser_0172,30
2026-04-01 16:45:00,Lab_210_PC063,In Use,AnonUser_0052,120
2026-04-01 16:45:00,Lab_210_PC064,In Use,AnonUser_0071,60
2026-04-01 16:45:00,Lab_210_PC065,Idle,AnonUser_0030,15
2026-04-01 16:45:00,Lab_210_PC066,In Use,AnonUser_0010,120
2026-04-01 16:45:00,Lab_210_PC067,In Use,AnonUser_0019,165
2026-04-01 16:45:00,Lab_210_PC068,In Use,AnonUser_0035,15
2026-04-01 16:45:00,Lab_210_PC069,Idle,AnonUser_0067,75
2026-04-01 16:45:00,Lab_210_PC070,In Use,AnonUser_0162,15
2026-04-01 16:45:00,Lab_210_PC071,In Use,AnonUser_0050,45
2026-04-01 16:45:00,Lab_210_PC072,In Use,AnonUser_0159,0
2026-04-01 16:45:00,Lab_210_PC073,In Use,AnonUser_0034,30
2026-04-01 16:45:00,Lab_210_PC074,In Use,AnonUser_0068,105
2026-04-01 16:45:00,Lab_210_PC075,Offline,N/A,N/A
2026-04-01 16:45:00,Lab_210_PC076,In Use,AnonUser_0110,45
2026-04-01 16:45:00,Lab_210_PC077,In Use,AnonUser_0072,105
2026-04-01 16:45:00,Lab_210_PC078,In Use,AnonUser_0157,15
2026-04-01 16:45:00,Lab_210_PC079,In Use,AnonUser_0118,60
2026-04-01 16:45:00,Lab_210_PC080,In Use,AnonUser_0023,0
2026-04-01 16:45:00,Lab_210_PC081,Idle,AnonUser_0022,75
2026-04-01 16:45:00,Lab_219_PC082,Idle,AnonUser_0123,75
2026-04-01 16:45:00,Lab_219_PC083,In Use,AnonUser_0006,0
2026-04-01 16:45:00,Lab_219_PC084,In Use,AnonUser_0061,90
2026-04-01 16:45:00,Lab_219_PC085,In Use,AnonUser_0056,60
2026-04-01 16:45:00,Lab_219_PC086,In Use,AnonUser_0163,75
2026-04-01 16:45:00,Lab_219_PC087,In Use,AnonUser_0128,105
2026-04-01 16:45:00,Lab_219_PC088,In Use,AnonUser_0120,75
2026-04-01 16:45:00,Lab_219_PC089,In Use,AnonUser_0133,120
2026-04-01 16:45:00,Lab_219_PC090,In Use,AnonUser_0025,105
2026-04-01 16:45:00,Lab_219_PC091,In Use,AnonUser_0081,120
2026-04-01 16:45:00,Lab_219_PC092,Idle,AnonUser_0016,15
2026-04-01 16:45:00,Lab_219_PC093,In Use,AnonUser_0082,75
2026-04-01 16:45:00,Lab_219_PC094,In Use,AnonUser_0160,75
2026-04-01 16:45:00,Lab_219_PC095,Idle,AnonUser_0060,45
2026-04-01 16:45:00,Lab_219_PC096,Offline,N/A,N/A
2026-04-01 16:45:00,Lab_219_PC097,In Use,AnonUser_0134,75
2026-04-01 16:45:00,Lab_219_PC098,In Use,AnonUser_0044,0
2026-04-01 16:45:00,Lab_219_PC099,Idle,AnonUser_0059,30
2026-04-01 16:45:00,Lab_219_PC100,Idle,AnonUser_0117,90
2026-04-01 16:45:00,Lab_219_PC101,In Use,AnonUser_0141,90
2026-04-01 16:45:00,Lab_219_PC102,Offline,N/A,N/A
2026-04-01 16:45:00,Lab_219_PC103,In Use,AnonUser_0092,195
2026-04-01 16:45:00,Lab_219_PC104,Idle,AnonUser_0048,60
2026-04-01 16:45:00,Lab_219_PC105,In Use,AnonUser_0179,0
2026-04-01 16:45:00,Lab_219_PC106,In Use,AnonUser_0177,30
2026-04-01 16:45:00,Lab_219_PC107,Offline,N/A,N/A
2026-04-01 16:45:00,Lab_219_PC108,In Use,AnonUser_0055,120
2026-04-01 16:45:00,Lab_219_PC109,In Use,AnonUser_0168,45
2026-04-01 16:45:00,Lab_219_PC110,In Use,AnonUser_0036,0
2026-04-01 16:45:00,Lab_219_PC111,In Use,AnonUser_0178,120
2026-04-01 16:45:00,Lab_219_PC112,In Use,AnonUser_0024,0
2026-04-01 16:45:00,Lab_219_PC113,Idle,AnonUser_0096,90
2026-04-01 16:45:00,Lab_219_PC114,Idle,AnonUser_0033,0
2026-04-01 16:45:00,Lab_219_PC115,In Use,AnonUser_0069,90
2026-04-01 16:45:00,Lab_219_PC116,In Use,AnonUser_0080,45
2026-04-01 16:45:00,Lab_219_PC117,Idle,AnonUser_0156,0
2026-04-01 16:45:00,Lab_219_PC118,In Use,AnonUser_0154,90
2026-04-01 16:45:00,Lab_219_PC119,Idle,AnonUser_0126,90
2026-04-01 16:45:00,Lab_219_PC120,In Use,AnonUser_0039,45
2026-04-01 16:45:00,Lab_219_PC121,In Use,AnonUser_0043,30
2026-04-01 16:45:00,Lab_219_PC122,In Use,AnonUser_0094,90
2026-04-01 16:45:00,Lab_219_PC123,In Use,AnonUser_0114,0
2026-04-01 16:45:00,Lab_219_PC124,In Use,AnonUser_0089,15
2026-04-01 16:45:00,Lab_219_PC125,In Use,AnonUser_0150,90
2026-04-01 16:45:00,Lab_219_PC126,In Use,AnonUser_0108,195
2026-04-01 16:45:00,Lab_219_PC127,In Use,AnonUser_0037,90
2026-04-01 16:45:00,Lab_219_PC128,In Use,AnonUser_0119,45
2026-04-01 16:45:00,Lab_219_PC129,In Use,AnonUser_0176,15
2026-04-01 16:45:00,Lab_219_PC130,Idle,AnonUser_0167,210
2026-04-01 16:45:00,Lab_219_PC131,In Use,AnonUser_0155,60
2026-04-01 16:45:00,Lab_219_PC132,In Use,AnonUser_0077,150
2026-04-01 16:45:00,Lab_219_PC133,In Use,AnonUser_0028,30
2026-04-01 16:45:00,Lab_219_PC134,In Use,AnonUser_0015,105
2026-04-01 16:45:00,Lab_219_PC135,In Use,AnonUser_0021,45
2026-04-01 16:45:00,Lab_219_PC136,In Use,AnonUser_0135,75
2026-04-01 16:45:00,Lab_219_PC137,Idle,AnonUser_0091,105
2026-04-01 16:45:00,Lab_219_PC138,Offline,N/A,N/A
2026-04-01 16:45:00,Lab_219_PC139,In Use,AnonUser_0147,210
2026-04-01 16:45:00,Lab_219_PC140,Offline,N/A,N/A
2026-04-01 16:45:00,Lab_219_PC141,Offline,N/A,N/A
2026-04-01 16:45:00,Lab_219_PC142,In Use,AnonUser_0066,45
2026-04-01 16:45:00,Lab_219_PC143,In Use,AnonUser_0029,120
2026-04-01 16:45:00,Lab_219_PC144,In Use,AnonUser_0008,45
2026-04-01 16:45:00,Lab_219_PC145,In Use,AnonUser_0031,195
2026-04-01 16:45:00,Lab_219_PC146,In Use,AnonUser_0093,165
2026-04-01 16:45:00,Lab_219_PC147,In Use,AnonUser_0122,30
2026-04-01 16:45:00,Lab_219_PC148,Offline,N/A,N/A
2026-04-01 16:45:00,Lab_219_PC149,In Use,AnonUser_0007,0
2026-04-01 16:45:00,Lab_219_PC150,In Use,AnonUser_0173,105
2026-04-01 16:45:00,Lab_219_PC151,In Use,AnonUser_0057,105
2026-04-01 16:45:00,Lab_219_PC152,In Use,AnonUser_0169,60
2026-04-01 16:45:00,Lab_219_PC153,In Use,AnonUser_0111,180
2026-04-01 16:45:00,Lab_219_PC154,In Use,AnonUser_0054,135
2026-04-01 16:45:00,Lab_219_PC155,In Use,AnonUser_0073,90
2026-04-01 16:45:00,Lab_219_PC156,In Use,AnonUser_0058,15
2026-04-01 16:45:00,Lab_219_PC157,In Use,AnonUser_0013,150
2026-04-01 16:45:00,Lab_219_PC158,In Use,AnonUser_0139,15
2026-04-01 16:45:00,Lab_219_PC159,In Use,AnonUser_0127,180
2026-04-01 16:45:00,Lab_219_PC160,In Use,AnonUser_0042,105
2026-04-01 16:45:00,Lab_219_PC161,In Use,AnonUser_0148,0
2026-04-01 16:45:00,Lab_219_PC162,In Use,AnonUser_0174,135
2026-04-01 16:45:00,Lab_219_PC163,In Use,AnonUser_0086,30
2026-04-01 16:45:00,Lab_219_PC164,In Use,AnonUser_0045,15
2026-04-01 16:45:00,Lab_219_PC165,In Use,AnonUser_0053,60
2026-04-01 16:45:00,Lab_219_PC166,In Use,AnonUser_0152,90
2026-04-01 16:45:00,Lab_219_PC167,In Use,AnonUser_0018,45
2026-04-01 16:45:00,Lab_219_PC168,In Use,AnonUser_0083,120
2026-04-01 16:45:00,Lab_219_PC169,In Use,AnonUser_0090,75
2026-04-01 16:45:00,Lab_219_PC170,In Use,AnonUser_0101,120
2026-04-01 16:45:00,Lab_219_PC171,In Use,AnonUser_0063,15
2026-04-01 16:45:00,Lab_219_PC172,In Use,AnonUser_0121,45
2026-04-01 16:45:00,Lab_219_PC173,In Use,AnonUser_0046,0
2026-04-01 16:45:00,Lab_219_PC174,In Use,AnonUser_0005,0
2026-04-01 16:45:00,Lab_219_PC175,Idle,AnonUser_0140,90
2026-04-01 16:45:00,Lab_219_PC176,In Use,AnonUser_0138,105
2026-04-01 16:45:00,Lab_219_PC177,In Use,AnonUser_0116,165
2026-04-01 16:45:00,Lab_219_PC178,In Use,AnonUser_0102,90
2026-04-01 16:45:00,Lab_219_PC179,Idle,AnonUser_0164,15
2026-04-01 17:00:00,Lab_202_PC001,In Use,AnonUser_0004,15
2026-04-01 17:00:00,Lab_202_PC002,In Use,AnonUser_0085,150
2026-04-01 17:00:00,Lab_202_PC003,In Use,AnonUser_0142,135
2026-04-01 17:00:00,Lab_202_PC004,In Use,AnonUser_0171,120
2026-04-01 17:00:00,Lab_202_PC005,In Use,AnonUser_0078,45
2026-04-01 17:00:00,Lab_202_PC006,Idle,AnonUser_0012,0
2026-04-01 17:00:00,Lab_202_PC007,In Use,AnonUser_0161,75
2026-04-01 17:00:00,Lab_202_PC008,Idle,AnonUser_0079,15
2026-04-01 17:00:00,Lab_202_PC009,In Use,AnonUser_0020,105
2026-04-01 17:00:00,Lab_202_PC010,Offline,N/A,N/A
2026-04-01 17:00:00,Lab_202_PC011,Offline,N/A,N/A
2026-04-01 17:00:00,Lab_202_PC012,In Use,AnonUser_0136,75
2026-04-01 17:00:00,Lab_202_PC013,In Use,AnonUser_0047,0
2026-04-01 17:00:00,Lab_202_PC014,Offline,N/A,N/A
2026-04-01 17:00:00,Lab_202_PC015,Offline,N/A,N/A
2026-04-01 17:00:00,Lab_202_PC016,In Use,AnonUser_0144,30
2026-04-01 17:00:00,Lab_202_PC017,In Use,AnonUser_0125,90
2026-04-01 17:00:00,Lab_202_PC018,Offline,N/A,N/A
2026-04-01 17:00:00,Lab_202_PC019,In Use,AnonUser_0175,210
2026-04-01 17:00:00,Lab_202_PC020,In Use,AnonUser_0038,195
2026-04-01 17:00:00,Lab_202_PC021,Offline,N/A,N/A
2026-04-01 17:00:00,Lab_202_PC022,Offline,N/A,N/A
2026-04-01 17:00:00,Lab_202_PC023,In Use,AnonUser_0130,75
2026-04-01 17:00:00,Lab_202_PC024,In Use,AnonUser_0113,75
2026-04-01 17:00:00,Lab_202_PC025,Offline,N/A,N/A
2026-04-01 17:00:00,Lab_202_PC026,Idle,AnonUser_0149,75
2026-04-01 17:00:00,Lab_202_PC027,In Use,AnonUser_0165,90
2026-04-01 17:00:00,Lab_202_PC028,Offline,N/A,N/A
2026-04-01 17:00:00,Lab_202_PC029,In Use,AnonUser_0129,90
2026-04-01 17:00:00,Lab_202_PC030,In Use,AnonUser_0041,60
2026-04-01 17:00:00,Lab_206_PC031,In Use,AnonUser_0014,165
2026-04-01 17:00:00,Lab_206_PC032,In Use,AnonUser_0105,120
2026-04-01 17:00:00,Lab_206_PC033,In Use,AnonUser_0070,60
2026-04-01 17:00:00,Lab_206_PC034,In Use,AnonUser_0109,135
2026-04-01 17:00:00,Lab_206_PC035,In Use,AnonUser_0087,15
2026-04-01 17:00:00,Lab_206_PC036,In Use,AnonUser_0106,30
2026-04-01 17:00:00,Lab_206_PC037,Idle,AnonUser_0002,105
2026-04-01 17:00:00,Lab_206_PC038,In Use,AnonUser_0040,0
2026-04-01 17:00:00,Lab_206_PC039,Idle,AnonUser_0088,30
2026-04-01 17:00:00,Lab_206_PC040,In Use,AnonUser_0032,195
2026-04-01 17:00:00,Lab_206_PC041,In Use,AnonUser_0103,0
2026-04-01 17:00:00,Lab_206_PC042,Idle,AnonUser_0158,45
2026-04-01 17:00:00,Lab_206_PC043,In Use,AnonUser_0170,105
2026-04-01 17:00:00,Lab_206_PC044,In Use,AnonUser_0115,45
2026-04-01 17:00:00,Lab_206_PC045,In Use,AnonUser_0003,45
2026-04-01 17:00:00,Lab_206_PC046,Idle,AnonUser_0131,45
2026-04-01 17:00:00,Lab_206_PC047,In Use,AnonUser_0145,45
2026-04-01 17:00:00,Lab_206_PC048,In Use,AnonUser_0027,30
2026-04-01 17:00:00,Lab_206_PC049,In Use,AnonUser_0153,15
2026-04-01 17:00:00,Lab_206_PC050,In Use,AnonUser_0049,0
2026-04-01 17:00:00,Lab_206_PC051,In Use,AnonUser_0001,135
2026-04-01 17:00:00,Lab_206_PC052,In Use,AnonUser_0100,210
2026-04-01 17:00:00,Lab_206_PC053,In Use,AnonUser_0009,45
2026-04-01 17:00:00,Lab_206_PC054,In Use,AnonUser_0112,75
2026-04-01 17:00:00,Lab_206_PC055,In Use,AnonUser_0124,0
2026-04-01 17:00:00,Lab_206_PC056,In Use,AnonUser_0166,15
2026-04-01 17:00:00,Lab_206_PC057,In Use,AnonUser_0065,15
2026-04-01 17:00:00,Lab_206_PC058,In Use,AnonUser_0151,0
2026-04-01 17:00:00,Lab_206_PC059,In Use,AnonUser_0011,90
2026-04-01 17:00:00,Lab_206_PC060,Idle,AnonUser_0095,60
2026-04-01 17:00:00,Lab_210_PC061,In Use,AnonUser_0017,0
2026-04-01 17:00:00,Lab_210_PC062,Idle,AnonUser_0172,15
2026-04-01 17:00:00,Lab_210_PC063,In Use,AnonUser_0052,105
2026-04-01 17:00:00,Lab_210_PC064,Idle,AnonUser_0071,45
2026-04-01 17:00:00,Lab_210_PC065,In Use,AnonUser_0030,0
2026-04-01 17:00:00,Lab_210_PC066,In Use,AnonUser_0010,105
2026-04-01 17:00:00,Lab_210_PC067,In Use,AnonUser_0019,150
2026-04-01 17:00:00,Lab_210_PC068,In Use,AnonUser_0035,0
2026-04-01 17:00:00,Lab_210_PC069,Idle,AnonUser_0067,60
2026-04-01 17:00:00,Lab_210_PC070,In Use,AnonUser_0162,0
2026-04-01 17:00:00,Lab_210_PC071,In Use,AnonUser_0050,30
2026-04-01 17:00:00,Lab_210_PC072,Offline,N/A,N/A
2026-04-01 17:00:00,Lab_210_PC073,In Use,AnonUser_0034,15
2026-04-01 17:00:00,Lab_210_PC074,In Use,AnonUser_0068,90
2026-04-01 17:00:00,Lab_210_PC075,Idle,AnonUser_0064,0
2026-04-01 17:00:00,Lab_210_PC076,Idle,AnonUser_0110,30
2026-04-01 17:00:00,Lab_210_PC077,Idle,AnonUser_0072,90
2026-04-01 17:00:00,Lab_210_PC078,In Use,AnonUser_0157,0
2026-04-01 17:00:00,Lab_210_PC079,In Use,AnonUser_0118,45
2026-04-01 17:00:00,Lab_210_PC080,In Use,AnonUser_0023,30
2026-04-01 17:00:00,Lab_210_PC081,In Use,AnonUser_0022,60
2026-04-01 17:00:00,Lab_219_PC082,In Use,AnonUser_0123,60
2026-04-01 17:00:00,Lab_219_PC083,In Use,AnonUser_0099,45
2026-04-01 17:00:00,Lab_219_PC084,In Use,AnonUser_0061,75
2026-04-01 17:00:00,Lab_219_PC085,In Use,AnonUser_0056,45
2026-04-01 17:00:00,Lab_219_PC086,In Use,AnonUser_0163,60
2026-04-01 17:00:00,Lab_219_PC087,In Use,AnonUser_0128,90
2026-04-01 17:00:00,Lab_219_PC088,In Use,AnonUser_0120,60
2026-04-01 17:00:00,Lab_219_PC089,In Use,AnonUser_0133,105
2026-04-01 17:00:00,Lab_219_PC090,In Use,AnonUser_0025,90
2026-04-01 17:00:00,Lab_219_PC091,In Use,AnonUser_0081,105
2026-04-01 17:00:00,Lab_219_PC092,In Use,AnonUser_0016,0
2026-04-01 17:00:00,Lab_219_PC093,In Use,AnonUser_0082,60
2026-04-01 17:00:00,Lab_219_PC094,In Use,AnonUser_0160,60
2026-04-01 17:00:00,Lab_219_PC095,In Use,AnonUser_0060,30
2026-04-01 17:00:00,Lab_219_PC096,Offline,N/A,N/A
2026-04-01 17:00:00,Lab_219_PC097,In Use,AnonUser_0134,60
2026-04-01 17:00:00,Lab_219_PC098,In Use,AnonUser_0044,60
2026-04-01 17:00:00,Lab_219_PC099,In Use,AnonUser_0059,15
2026-04-01 17:00:00,Lab_219_PC100,In Use,AnonUser_0117,75
2026-04-01 17:00:00,Lab_219_PC101,In Use,AnonUser_0141,75
2026-04-01 17:00:00,Lab_219_PC102,Offline,N/A,N/A
2026-04-01 17:00:00,Lab_219_PC103,In Use,AnonUser_0092,180
2026-04-01 17:00:00,Lab_219_PC104,Idle,AnonUser_0048,45
2026-04-01 17:00:00,Lab_219_PC105,In Use,AnonUser_0146,165
2026-04-01 17:00:00,Lab_219_PC106,In Use,AnonUser_0177,15
2026-04-01 17:00:00,Lab_219_PC107,Idle,AnonUser_0084,30
2026-04-01 17:00:00,Lab_219_PC108,In Use,AnonUser_0055,105
2026-04-01 17:00:00,Lab_219_PC109,In Use,AnonUser_0168,30
2026-04-01 17:00:00,Lab_219_PC110,Offline,N/A,N/A
2026-04-01 17:00:00,Lab_219_PC111,In Use,AnonUser_0178,105
2026-04-01 17:00:00,Lab_219_PC112,In Use,AnonUser_0076,165
2026-04-01 17:00:00,Lab_219_PC113,In Use,AnonUser_0096,75
2026-04-01 17:00:00,Lab_219_PC114,Idle,AnonUser_0074,45
2026-04-01 17:00:00,Lab_219_PC115,Idle,AnonUser_0069,75
2026-04-01 17:00:00,Lab_219_PC116,In Use,AnonUser_0080,30
2026-04-01 17:00:00,Lab_219_PC117,Offline,N/A,N/A
2026-04-01 17:00:00,Lab_219_PC118,In Use,AnonUser_0154,75
2026-04-01 17:00:00,Lab_219_PC119,In Use,AnonUser_0126,75
2026-04-01 17:00:00,Lab_219_PC120,Idle,AnonUser_0039,30
2026-04-01 17:00:00,Lab_219_PC121,In Use,AnonUser_0043,15
2026-04-01 17:00:00,Lab_219_PC122,In Use,AnonUser_0094,75
2026-04-01 17:00:00,Lab_219_PC123,Offline,N/A,N/A
2026-04-01 17:00:00,Lab_219_PC124,In Use,AnonUser_0089,0
2026-04-01 17:00:00,Lab_219_PC125,In Use,AnonUser_0150,75
2026-04-01 17:00:00,Lab_219_PC126,In Use,AnonUser_0108,180
2026-04-01 17:00:00,Lab_219_PC127,In Use,AnonUser_0037,75
2026-04-01 17:00:00,Lab_219_PC128,In Use,AnonUser_0119,30
2026-04-01 17:00:00,Lab_219_PC129,In Use,AnonUser_0176,0
2026-04-01 17:00:00,Lab_219_PC130,In Use,AnonUser_0167,195
2026-04-01 17:00:00,Lab_219_PC131,In Use,AnonUser_0155,45
2026-04-01 17:00:00,Lab_219_PC132,In Use,AnonUser_0077,135
2026-04-01 17:00:00,Lab_219_PC133,In Use,AnonUser_0028,15
2026-04-01 17:00:00,Lab_219_PC134,In Use,AnonUser_0015,90
2026-04-01 17:00:00,Lab_219_PC135,In Use,AnonUser_0021,30
2026-04-01 17:00:00,Lab_219_PC136,In Use,AnonUser_0135,60
2026-04-01 17:00:00,Lab_219_PC137,In Use,AnonUser_0091,90
2026-04-01 17:00:00,Lab_219_PC138,Idle,AnonUser_0132,165
2026-04-01 17:00:00,Lab_219_PC139,In Use,AnonUser_0147,195
2026-04-01 17:00:00,Lab_219_PC140,In Use,AnonUser_0097,60
2026-04-01 17:00:00,Lab_219_PC141,Offline,N/A,N/A
2026-04-01 17:00:00,Lab_219_PC142,Idle,AnonUser_0066,30
2026-04-01 17:00:00,Lab_219_PC143,In Use,AnonUser_0029,105
2026-04-01 17:00:00,Lab_219_PC144,In Use,AnonUser_0008,30
2026-04-01 17:00:00,Lab_219_PC145,In Use,AnonUser_0031,180
2026-04-01 17:00:00,Lab_219_PC146,In Use,AnonUser_0093,150
2026-04-01 17:00:00,Lab_219_PC147,In Use,AnonUser_0122,15
2026-04-01 17:00:00,Lab_219_PC148,In Use,AnonUser_0024,150
2026-04-01 17:00:00,Lab_219_PC149,In Use,AnonUser_0104,45
2026-04-01 17:00:00,Lab_219_PC150,In Use,AnonUser_0173,90
2026-04-01 17:00:00,Lab_219_PC151,In Use,AnonUser_0057,90
2026-04-01 17:00:00,Lab_219_PC152,In Use,AnonUser_0169,45
2026-04-01 17:00:00,Lab_219_PC153,In Use,AnonUser_0111,165
2026-04-01 17:00:00,Lab_219_PC154,In Use,AnonUser_0054,120
2026-04-01 17:00:00,Lab_219_PC155,In Use,AnonUser_0073,75
2026-04-01 17:00:00,Lab_219_PC156,In Use,AnonUser_0058,0
2026-04-01 17:00:00,Lab_219_PC157,In Use,AnonUser_0013,135
2026-04-01 17:00:00,Lab_219_PC158,Idle,AnonUser_0139,0
2026-04-01 17:00:00,Lab_219_PC159,In Use,AnonUser_0127,165
2026-04-01 17:00:00,Lab_219_PC160,Idle,AnonUser_0042,90
2026-04-01 17:00:00,Lab_219_PC161,In Use,AnonUser_0075,135
2026-04-01 17:00:00,Lab_219_PC162,In Use,AnonUser_0174,120
2026-04-01 17:00:00,Lab_219_PC163,In Use,AnonUser_0086,15
2026-04-01 17:00:00,Lab_219_PC164,Idle,AnonUser_0045,0
2026-04-01 17:00:00,Lab_219_PC165,In Use,AnonUser_0053,45
2026-04-01 17:00:00,Lab_219_PC166,In Use,AnonUser_0152,75
2026-04-01 17:00:00,Lab_219_PC167,In Use,AnonUser_0018,30
2026-04-01 17:00:00,Lab_219_PC168,In Use,AnonUser_0083,105
2026-04-01 17:00:00,Lab_219_PC169,In Use,AnonUser_0090,60
2026-04-01 17:00:00,Lab_219_PC170,In Use,AnonUser_0101,105
2026-04-01 17:00:00,Lab_219_PC171,In Use,AnonUser_0063,0
2026-04-01 17:00:00,Lab_219_PC172,In Use,AnonUser_0121,30
2026-04-01 17:00:00,Lab_219_PC173,In Use,AnonUser_0107,90
2026-04-01 17:00:00,Lab_219_PC174,Offline,N/A,N/A
2026-04-01 17:00:00,Lab_219_PC175,In Use,AnonUser_0140,75
2026-04-01 17:00:00,Lab_219_PC176,In Use,AnonUser_0138,90
2026-04-01 17:00:00,Lab_219_PC177,In Use,AnonUser_0116,150
2026-04-01 17:00:00,Lab_219_PC178,In Use,AnonUser_0102,75
2026-04-01 17:00:00,Lab_219_PC179,In Use,AnonUser_0164,0
2026-04-01 17:15:00,Lab_202_PC001,In Use,AnonUser_0004,0
2026-04-01 17:15:00,Lab_202_PC002,In Use,AnonUser_0085,135
2026-04-01 17:15:00,Lab_202_PC003,In Use,AnonUser_0142,120
2026-04-01 17:15:00,Lab_202_PC004,Idle,AnonUser_0171,105
2026-04-01 17:15:00,Lab_202_PC005,Idle,AnonUser_0078,30
2026-04-01 17:15:00,Lab_202_PC006,Offline,N/A,N/A
2026-04-01 17:15:00,Lab_202_PC007,In Use,AnonUser_0161,60
2026-04-01 17:15:00,Lab_202_PC008,In Use,AnonUser_0079,0
2026-04-01 17:15:00,Lab_202_PC009,In Use,AnonUser_0020,90
2026-04-01 17:15:00,Lab_202_PC010,Idle,AnonUser_0137,60
2026-04-01 17:15:00,Lab_202_PC011,Idle,AnonUser_0156,90
2026-04-01 17:15:00,Lab_202_PC012,Idle,AnonUser_0136,60
2026-04-01 17:15:00,Lab_202_PC013,Offline,N/A,N/A
2026-04-01 17:15:00,Lab_202_PC014,In Use,AnonUser_0062,0
2026-04-01 17:15:00,Lab_202_PC015,Offline,N/A,N/A
2026-04-01 17:15:00,Lab_202_PC016,In Use,AnonUser_0144,15
2026-04-01 17:15:00,Lab_202_PC017,In Use,AnonUser_0125,75
2026-04-01 17:15:00,Lab_202_PC018,In Use,AnonUser_0114,150
2026-04-01 17:15:00,Lab_202_PC019,Idle,AnonUser_0175,195
2026-04-01 17:15:00,Lab_202_PC020,In Use,AnonUser_0038,180
2026-04-01 17:15:00,Lab_202_PC021,In Use,AnonUser_0051,60
2026-04-01 17:15:00,Lab_202_PC022,In Use,AnonUser_0026,195
2026-04-01 17:15:00,Lab_202_PC023,In Use,AnonUser_0130,60
2026-04-01 17:15:00,Lab_202_PC024,Idle,AnonUser_0113,60
2026-04-01 17:15:00,Lab_202_PC025,In Use,AnonUser_0179,210
2026-04-01 17:15:00,Lab_202_PC026,In Use,AnonUser_0149,60
2026-04-01 17:15:00,Lab_202_PC027,In Use,AnonUser_0165,75
2026-04-01 17:15:00,Lab_202_PC028,In Use,AnonUser_0033,90
2026-04-01 17:15:00,Lab_202_PC029,In Use,AnonUser_0129,75
2026-04-01 17:15:00,Lab_202_PC030,In Use,AnonUser_0041,45
2026-04-01 17:15:00,Lab_206_PC031,In Use,AnonUser_0014,150
2026-04-01 17:15:00,Lab_206_PC032,Idle,AnonUser_0105,105
2026-04-01 17:15:00,Lab_206_PC033,In Use,AnonUser_0070,45
2026-04-01 17:15:00,Lab_206_PC034,In Use,AnonUser_0109,120
2026-04-01 17:15:00,Lab_206_PC035,In Use,AnonUser_0087,0
2026-04-01 17:15:00,Lab_206_PC036,Idle,AnonUser_0106,15
2026-04-01 17:15:00,Lab_206_PC037,In Use,AnonUser_0002,90
2026-04-01 17:15:00,Lab_206_PC038,Idle,AnonUser_0047,195
2026-04-01 17:15:00,Lab_206_PC039,In Use,AnonUser_0088,15
2026-04-01 17:15:00,Lab_206_PC040,In Use,AnonUser_0032,180
2026-04-01 17:15:00,Lab_206_PC041,Offline,N/A,N/A
2026-04-01 17:15:00,Lab_206_PC042,In Use,AnonUser_0158,30
2026-04-01 17:15:00,Lab_206_PC043,In Use,AnonUser_0170,90
2026-04-01 17:15:00,Lab_206_PC044,In Use,AnonUser_0115,30
2026-04-01 17:15:00,Lab_206_PC045,In Use,AnonUser_0003,30
2026-04-01 17:15:00,Lab_206_PC046,In Use,AnonUser_0131,30
2026-04-01 17:15:00,Lab_206_PC047,In Use,AnonUser_0145,30
2026-04-01 17:15:00,Lab_206_PC048,In Use,AnonUser_0027,15
2026-04-01 17:15:00,Lab_206_PC049,In Use,AnonUser_0153,0
2026-04-01 17:15:00,Lab_206_PC050,Offline,N/A,N/A
2026-04-01 17:15:00,Lab_206_PC051,In Use,AnonUser_0001,120
2026-04-01 17:15:00,Lab_206_PC052,In Use,AnonUser_0100,195
2026-04-01 17:15:00,Lab_206_PC053,In Use,AnonUser_0009,30
2026-04-01 17:15:00,Lab_206_PC054,In Use,AnonUser_0112,60
2026-04-01 17:15:00,Lab_206_PC055,Offline,N/A,N/A
2026-04-01 17:15:00,Lab_206_PC056,In Use,AnonUser_0166,0
2026-04-01 17:15:00,Lab_206_PC057,In Use,AnonUser_0065,0
2026-04-01 17:15:00,Lab_206_PC058,Idle,AnonUser_0040,90
2026-04-01 17:15:00,Lab_206_PC059,Idle,AnonUser_0011,75
2026-04-01 17:15:00,Lab_206_PC060,In Use,AnonUser_0095,45
2026-04-01 17:15:00,Lab_210_PC061,Idle,AnonUser_0124,60
2026-04-01 17:15:00,Lab_210_PC062,In Use,AnonUser_0172,0
2026-04-01 17:15:00,Lab_210_PC063,In Use,AnonUser_0052,90
2026-04-01 17:15:00,Lab_210_PC064,In Use,AnonUser_0071,30
2026-04-01 17:15:00,Lab_210_PC065,Offline,N/A,N/A
2026-04-01 17:15:00,Lab_210_PC066,In Use,AnonUser_0010,90
2026-04-01 17:15:00,Lab_210_PC067,In Use,AnonUser_0019,135
2026-04-01 17:15:00,Lab_210_PC068,Offline,N/A,N/A
2026-04-01 17:15:00,Lab_210_PC069,In Use,AnonUser_0067,45
2026-04-01 17:15:00,Lab_210_PC070,Idle,AnonUser_0036,90
2026-04-01 17:15:00,Lab_210_PC071,In Use,AnonUser_0050,15
2026-04-01 17:15:00,Lab_210_PC072,Idle,AnonUser_0151,150
2026-04-01 17:15:00,Lab_210_PC073,Idle,AnonUser_0034,0
2026-04-01 17:15:00,Lab_210_PC074,In Use,AnonUser_0068,75
2026-04-01 17:15:00,Lab_210_PC075,In Use,AnonUser_0017,135
2026-04-01 17:15:00,Lab_210_PC076,In Use,AnonUser_0110,15
2026-04-01 17:15:00,Lab_210_PC077,In Use,AnonUser_0072,75
2026-04-01 17:15:00,Lab_210_PC078,In Use,AnonUser_0064,210
2026-04-01 17:15:00,Lab_210_PC079,In Use,AnonUser_0118,30
2026-04-01 17:15:00,Lab_210_PC080,In Use,AnonUser_0023,15
2026-04-01 17:15:00,Lab_210_PC081,Idle,AnonUser_0022,45
2026-04-01 17:15:00,Lab_219_PC082,In Use,AnonUser_0123,45
2026-04-01 17:15:00,Lab_219_PC083,Idle,AnonUser_0099,30
2026-04-01 17:15:00,Lab_219_PC084,In Use,AnonUser_0061,60
2026-04-01 17:15:00,Lab_219_PC085,In Use,AnonUser_0056,30
2026-04-01 17:15:00,Lab_219_PC086,Idle,AnonUser_0163,45
2026-04-01 17:15:00,Lab_219_PC087,In Use,AnonUser_0128,75
2026-04-01 17:15:00,Lab_219_PC088,In Use,AnonUser_0120,45
2026-04-01 17:15:00,Lab_219_PC089,In Use,AnonUser_0133,90
2026-04-01 17:15:00,Lab_219_PC090,In Use,AnonUser_0025,75
2026-04-01 17:15:00,Lab_219_PC091,In Use,AnonUser_0081,90
2026-04-01 17:15:00,Lab_219_PC092,In Use,AnonUser_0143,0
2026-04-01 17:15:00,Lab_219_PC093,In Use,AnonUser_0082,45
2026-04-01 17:15:00,Lab_219_PC094,In Use,AnonUser_0160,45
2026-04-01 17:15:00,Lab_219_PC095,In Use,AnonUser_0060,15
2026-04-01 17:15:00,Lab_219_PC096,Idle,AnonUser_0159,165
2026-04-01 17:15:00,Lab_219_PC097,In Use,AnonUser_0134,45
2026-04-01 17:15:00,Lab_219_PC098,In Use,AnonUser_0044,45
2026-04-01 17:15:00,Lab_219_PC099,In Use,AnonUser_0059,0
2026-04-01 17:15:00,Lab_219_PC100,In Use,AnonUser_0117,60
2026-04-01 17:15:00,Lab_219_PC101,Idle,AnonUser_0141,60
2026-04-01 17:15:00,Lab_219_PC102,Idle,AnonUser_0046,135
2026-04-01 17:15:00,Lab_219_PC103,In Use,AnonUser_0092,165
2026-04-01 17:15:00,Lab_219_PC104,In Use,AnonUser_0048,30
2026-04-01 17:15:00,Lab_219_PC105,In Use,AnonUser_0146,150
2026-04-01 17:15:00,Lab_219_PC106,Idle,AnonUser_0177,0
2026-04-01 17:15:00,Lab_219_PC107,In Use,AnonUser_0084,15
2026-04-01 17:15:00,Lab_219_PC108,In Use,AnonUser_0055,90
2026-04-01 17:15:00,Lab_219_PC109,In Use,AnonUser_0168,15
2026-04-01 17:15:00,Lab_219_PC110,Idle,AnonUser_0005,165
2026-04-01 17:15:00,Lab_219_PC111,In Use,AnonUser_0178,90
2026-04-01 17:15:00,Lab_219_PC112,Idle,AnonUser_0076,150
2026-04-01 17:15:00,Lab_219_PC113,In Use,AnonUser_0096,60
2026-04-01 17:15:00,Lab_219_PC114,In Use,AnonUser_0074,30
2026-04-01 17:15:00,Lab_219_PC115,Idle,AnonUser_0069,60
2026-04-01 17:15:00,Lab_219_PC116,In Use,AnonUser_0080,15
2026-04-01 17:15:00,Lab_219_PC117,In Use,AnonUser_0162,135
2026-04-01 17:15:00,Lab_219_PC118,In Use,AnonUser_0154,60
2026-04-01 17:15:00,Lab_219_PC119,In Use,AnonUser_0126,60
2026-04-01 17:15:00,Lab_219_PC120,Idle,AnonUser_0039,15
2026-04-01 17:15:00,Lab_219_PC121,In Use,AnonUser_0043,0
2026-04-01 17:15:00,Lab_219_PC122,In Use,AnonUser_0094,60
2026-04-01 17:15:00,Lab_219_PC123,Offline,N/A,N/A
2026-04-01 17:15:00,Lab_219_PC124,Idle,AnonUser_0157,150
2026-04-01 17:15:00,Lab_219_PC125,Idle,AnonUser_0150,60
2026-04-01 17:15:00,Lab_219_PC126,In Use,AnonUser_0108,165
2026-04-01 17:15:00,Lab_219_PC127,In Use,AnonUser_0037,60
2026-04-01 17:15:00,Lab_219_PC128,In Use,AnonUser_0119,15
2026-04-01 17:15:00,Lab_219_PC129,In Use,AnonUser_0148,210
2026-04-01 17:15:00,Lab_219_PC130,In Use,AnonUser_0167,180
2026-04-01 17:15:00,Lab_219_PC131,In Use,AnonUser_0155,30
2026-04-01 17:15:00,Lab_219_PC132,In Use,AnonUser_0077,120
2026-04-01 17:15:00,Lab_219_PC133,In Use,AnonUser_0028,0
2026-04-01 17:15:00,Lab_219_PC134,In Use,AnonUser_0015,75
2026-04-01 17:15:00,Lab_219_PC135,Idle,AnonUser_0021,15
2026-04-01 17:15:00,Lab_219_PC136,In Use,AnonUser_0135,45
2026-04-01 17:15:00,Lab_219_PC137,Idle,AnonUser_0091,75
2026-04-01 17:15:00,Lab_219_PC138,In Use,AnonUser_0132,150
2026-04-01 17:15:00,Lab_219_PC139,In Use,AnonUser_0147,180
2026-04-01 17:15:00,Lab_219_PC140,In Use,AnonUser_0097,45
2026-04-01 17:15:00,Lab_219_PC141,Idle,AnonUser_0035,180
2026-04-01 17:15:00,Lab_219_PC142,In Use,AnonUser_0066,15
2026-04-01 17:15:00,Lab_219_PC143,In Use,AnonUser_0029,90
2026-04-01 17:15:00,Lab_219_PC144,Idle,AnonUser_0008,15
2026-04-01 17:15:00,Lab_219_PC145,Idle,AnonUser_0031,165
2026-04-01 17:15:00,Lab_219_PC146,In Use,AnonUser_0093,135
2026-04-01 17:15:00,Lab_219_PC147,In Use,AnonUser_0122,0
2026-04-01 17:15:00,Lab_219_PC148,In Use,AnonUser_0024,135
2026-04-01 17:15:00,Lab_219_PC149,In Use,AnonUser_0104,30
2026-04-01 17:15:00,Lab_219_PC150,In Use,AnonUser_0173,75
2026-04-01 17:15:00,Lab_219_PC151,In Use,AnonUser_0057,75
2026-04-01 17:15:00,Lab_219_PC152,In Use,AnonUser_0169,30
2026-04-01 17:15:00,Lab_219_PC153,In Use,AnonUser_0111,150
2026-04-01 17:15:00,Lab_219_PC154,Idle,AnonUser_0054,105
2026-04-01 17:15:00,Lab_219_PC155,In Use,AnonUser_0073,60
2026-04-01 17:15:00,Lab_219_PC156,Idle,AnonUser_0012,60
2026-04-01 17:15:00,Lab_219_PC157,In Use,AnonUser_0013,120
2026-04-01 17:15:00,Lab_219_PC158,Offline,N/A,N/A
2026-04-01 17:15:00,Lab_219_PC159,In Use,AnonUser_0127,150
2026-04-01 17:15:00,Lab_219_PC160,In Use,AnonUser_0042,75
2026-04-01 17:15:00,Lab_219_PC161,In Use,AnonUser_0075,120
2026-04-01 17:15:00,Lab_219_PC162,In Use,AnonUser_0174,105
2026-04-01 17:15:00,Lab_219_PC163,In Use,AnonUser_0086,0
2026-04-01 17:15:00,Lab_219_PC164,Offline,N/A,N/A
2026-04-01 17:15:00,Lab_219_PC165,In Use,AnonUser_0053,30
2026-04-01 17:15:00,Lab_219_PC166,In Use,AnonUser_0152,60
2026-04-01 17:15:00,Lab_219_PC167,In Use,AnonUser_0018,15
2026-04-01 17:15:00,Lab_219_PC168,In Use,AnonUser_0083,90
2026-04-01 17:15:00,Lab_219_PC169,In Use,AnonUser_0090,45
2026-04-01 17:15:00,Lab_219_PC170,In Use,AnonUser_0101,90
2026-04-01 17:15:00,Lab_219_PC171,Offline,N/A,N/A
2026-04-01 17:15:00,Lab_219_PC172,In Use,AnonUser_0121,15
2026-04-01 17:15:00,Lab_219_PC173,In Use,AnonUser_0107,75
2026-04-01 17:15:00,Lab_219_PC174,In Use,AnonUser_0089,90
2026-04-01 17:15:00,Lab_219_PC175,In Use,AnonUser_0140,60
2026-04-01 17:15:00,Lab_219_PC176,In Use,AnonUser_0138,75
2026-04-01 17:15:00,Lab_219_PC177,Idle,AnonUser_0116,135
2026-04-01 17:15:00,Lab_219_PC178,In Use,AnonUser_0102,60
2026-04-01 17:15:00,Lab_219_PC179,In Use,AnonUser_0139,210
2026-04-01 17:30:00,Lab_202_PC001,Offline,N/A,N/A
2026-04-01 17:30:00,Lab_202_PC002,In Use,AnonUser_0085,120
2026-04-01 17:30:00,Lab_202_PC003,In Use,AnonUser_0142,105
2026-04-01 17:30:00,Lab_202_PC004,In Use,AnonUser_0171,90
2026-04-01 17:30:00,Lab_202_PC005,In Use,AnonUser_0078,15
2026-04-01 17:30:00,Lab_202_PC006,In Use,AnonUser_0103,150
2026-04-01 17:30:00,Lab_202_PC007,In Use,AnonUser_0161,45
2026-04-01 17:30:00,Lab_202_PC008,Offline,N/A,N/A
2026-04-01 17:30:00,Lab_202_PC009,In Use,AnonUser_0020,75
2026-04-01 17:30:00,Lab_202_PC010,In Use,AnonUser_0137,45
2026-04-01 17:30:00,Lab_202_PC011,In Use,AnonUser_0156,75
2026-04-01 17:30:00,Lab_202_PC012,In Use,AnonUser_0136,45
2026-04-01 17:30:00,Lab_202_PC013,In Use,AnonUser_0098,195
2026-04-01 17:30:00,Lab_202_PC014,Offline,N/A,N/A
2026-04-01 17:30:00,Lab_202_PC015,In Use,AnonUser_0058,105
2026-04-01 17:30:00,Lab_202_PC016,Idle,AnonUser_0144,0
2026-04-01 17:30:00,Lab_202_PC017,In Use,AnonUser_0125,60
2026-04-01 17:30:00,Lab_202_PC018,In Use,AnonUser_0114,135
2026-04-01 17:30:00,Lab_202_PC019,In Use,AnonUser_0175,180
2026-04-01 17:30:00,Lab_202_PC020,In Use,AnonUser_0038,165
2026-04-01 17:30:00,Lab_202_PC021,In Use,AnonUser_0051,45
2026-04-01 17:30:00,Lab_202_PC022,Idle,AnonUser_0026,180
2026-04-01 17:30:00,Lab_202_PC023,In Use,AnonUser_0130,45
2026-04-01 17:30:00,Lab_202_PC024,In Use,AnonUser_0113,45
2026-04-01 17:30:00,Lab_202_PC025,Idle,AnonUser_0179,195
2026-04-01 17:30:00,Lab_202_PC026,In Use,AnonUser_0149,45
2026-04-01 17:30:00,Lab_202_PC027,In Use,AnonUser_0165,60
2026-04-01 17:30:00,Lab_202_PC028,In Use,AnonUser_0033,75
2026-04-01 17:30:00,Lab_202_PC029,In Use,AnonUser_0129,60
2026-04-01 17:30:00,Lab_202_PC030,In Use,AnonUser_0041,30
2026-04-01 17:30:00,Lab_206_PC031,In Use,AnonUser_0014,135
2026-04-01 17:30:00,Lab_206_PC032,In Use,AnonUser_0105,90
2026-04-01 17:30:00,Lab_206_PC033,In Use,AnonUser_0070,30
2026-04-01 17:30:00,Lab_206_PC034,In Use,AnonUser_0109,105
2026-04-01 17:30:00,Lab_206_PC035,Offline,N/A,N/A
2026-04-01 17:30:00,Lab_206_PC036,In Use,AnonUser_0106,0
2026-04-01 17:30:00,Lab_206_PC037,In Use,AnonUser_0002,75
2026-04-01 17:30:00,Lab_206_PC038,In Use,AnonUser_0047,180
2026-04-01 17:30:00,Lab_206_PC039,In Use,AnonUser_0088,0
2026-04-01 17:30:00,Lab_206_PC040,In Use,AnonUser_0032,165
2026-04-01 17:30:00,Lab_206_PC041,In Use,AnonUser_0016,105
2026-04-01 17:30:00,Lab_206_PC042,In Use,AnonUser_0158,15
2026-04-01 17:30:00,Lab_206_PC043,In Use,AnonUser_0170,75
2026-04-01 17:30:00,Lab_206_PC044,In Use,AnonUser_0115,15
2026-04-01 17:30:00,Lab_206_PC045,Idle,AnonUser_0003,15
2026-04-01 17:30:00,Lab_206_PC046,In Use,AnonUser_0131,15
2026-04-01 17:30:00,Lab_206_PC047,In Use,AnonUser_0145,15
2026-04-01 17:30:00,Lab_206_PC048,In Use,AnonUser_0027,0
2026-04-01 17:30:00,Lab_206_PC049,Offline,N/A,N/A
2026-04-01 17:30:00,Lab_206_PC050,In Use,AnonUser_0063,0
2026-04-01 17:30:00,Lab_206_PC051,In Use,AnonUser_0001,105
2026-04-01 17:30:00,Lab_206_PC052,In Use,AnonUser_0100,180
2026-04-01 17:30:00,Lab_206_PC053,In Use,AnonUser_0009,15
2026-04-01 17:30:00,Lab_206_PC054,In Use,AnonUser_0112,45
2026-04-01 17:30:00,Lab_206_PC055,Offline,N/A,N/A
2026-04-01 17:30:00,Lab_206_PC056,In Use,AnonUser_0006,150
2026-04-01 17:30:00,Lab_206_PC057,Idle,AnonUser_0166,120
2026-04-01 17:30:00,Lab_206_PC058,In Use,AnonUser_0040,75
2026-04-01 17:30:00,Lab_206_PC059,In Use,AnonUser_0011,60
2026-04-01 17:30:00,Lab_206_PC060,In Use,AnonUser_0095,30
2026-04-01 17:30:00,Lab_210_PC061,In Use,AnonUser_0124,45
2026-04-01 17:30:00,Lab_210_PC062,In Use,AnonUser_0065,75
2026-04-01 17:30:00,Lab_210_PC063,In Use,AnonUser_0052,75
2026-04-01 17:30:00,Lab_210_PC064,In Use,AnonUser_0071,15
2026-04-01 17:30:00,Lab_210_PC065,Offline,N/A,N/A
2026-04-01 17:30:00,Lab_210_PC066,In Use,AnonUser_0010,75
2026-04-01 17:30:00,Lab_210_PC067,In Use,AnonUser_0019,120
2026-04-01 17:30:00,Lab_210_PC068,Idle,AnonUser_0087,120
2026-04-01 17:30:00,Lab_210_PC069,In Use,AnonUser_0067,30
2026-04-01 17:30:00,Lab_210_PC070,In Use,AnonUser_0036,75
2026-04-01 17:30:00,Lab_210_PC071,In Use,AnonUser_0050,0
2026-04-01 17:30:00,Lab_210_PC072,In Use,AnonUser_0151,135
2026-04-01 17:30:00,Lab_210_PC073,Offline,N/A,N/A
2026-04-01 17:30:00,Lab_210_PC074,Idle,AnonUser_0068,60
2026-04-01 17:30:00,Lab_210_PC075,In Use,AnonUser_0017,120
2026-04-01 17:30:00,Lab_210_PC076,In Use,AnonUser_0110,0
2026-04-01 17:30:00,Lab_210_PC077,In Use,AnonUser_0072,60
2026-04-01 17:30:00,Lab_210_PC078,In Use,AnonUser_0064,195
2026-04-01 17:30:00,Lab_210_PC079,In Use,AnonUser_0118,15
2026-04-01 17:30:00,Lab_210_PC080,In Use,AnonUser_0023,0
2026-04-01 17:30:00,Lab_210_PC081,In Use,AnonUser_0022,30
2026-04-01 17:30:00,Lab_219_PC082,In Use,AnonUser_0123,30
2026-04-01 17:30:00,Lab_219_PC083,In Use,AnonUser_0099,15
2026-04-01 17:30:00,Lab_219_PC084,In Use,AnonUser_0061,45
2026-04-01 17:30:00,Lab_219_PC085,In Use,AnonUser_0056,15
2026-04-01 17:30:00,Lab_219_PC086,In Use,AnonUser_0163,30
2026-04-01 17:30:00,Lab_219_PC087,In Use,AnonUser_0128,60
2026-04-01 17:30:00,Lab_219_PC088,In Use,AnonUser_0120,30
2026-04-01 17:30:00,Lab_219_PC089,In Use,AnonUser_0133,75
2026-04-01 17:30:00,Lab_219_PC090,In Use,AnonUser_0025,60
2026-04-01 17:30:00,Lab_219_PC091,In Use,AnonUser_0081,75
2026-04-01 17:30:00,Lab_219_PC092,Idle,AnonUser_0172,105
2026-04-01 17:30:00,Lab_219_PC093,In Use,AnonUser_0082,30
2026-04-01 17:30:00,Lab_219_PC094,In Use,AnonUser_0160,30
2026-04-01 17:30:00,Lab_219_PC095,In Use,AnonUser_0060,0
2026-04-01 17:30:00,Lab_219_PC096,In Use,AnonUser_0159,150
2026-04-01 17:30:00,Lab_219_PC097,In Use,AnonUser_0134,30
2026-04-01 17:30:00,Lab_219_PC098,In Use,AnonUser_0044,30
2026-04-01 17:30:00,Lab_219_PC099,In Use,AnonUser_0079,30
2026-04-01 17:30:00,Lab_219_PC100,In Use,AnonUser_0117,45
2026-04-01 17:30:00,Lab_219_PC101,In Use,AnonUser_0141,45
2026-04-01 17:30:00,Lab_219_PC102,In Use,AnonUser_0046,120
2026-04-01 17:30:00,Lab_219_PC103,In Use,AnonUser_0092,150
2026-04-01 17:30:00,Lab_219_PC104,In Use,AnonUser_0048,15
2026-04-01 17:30:00,Lab_219_PC105,In Use,AnonUser_0146,135
2026-04-01 17:30:00,Lab_219_PC106,Offline,N/A,N/A
2026-04-01 17:30:00,Lab_219_PC107,In Use,AnonUser_0084,0
2026-04-01 17:30:00,Lab_219_PC108,Idle,AnonUser_0055,75
2026-04-01 17:30:00,Lab_219_PC109,Idle,AnonUser_0168,0
2026-04-01 17:30:00,Lab_219_PC110,In Use,AnonUser_0005,150
2026-04-01 17:30:00,Lab_219_PC111,In Use,AnonUser_0178,75
2026-04-01 17:30:00,Lab_219_PC112,In Use,AnonUser_0076,135
2026-04-01 17:30:00,Lab_219_PC113,In Use,AnonUser_0096,45
2026-04-01 17:30:00,Lab_219_PC114,In Use,AnonUser_0074,15
2026-04-01 17:30:00,Lab_219_PC115,In Use,AnonUser_0069,45
2026-04-01 17:30:00,Lab_219_PC116,In Use,AnonUser_0080,0
2026-04-01 17:30:00,Lab_219_PC117,In Use,AnonUser_0162,120
2026-04-01 17:30:00,Lab_219_PC118,In Use,AnonUser_0154,45
2026-04-01 17:30:00,Lab_219_PC119,In Use,AnonUser_0126,45
2026-04-01 17:30:00,Lab_219_PC120,In Use,AnonUser_0039,0
2026-04-01 17:30:00,Lab_219_PC121,In Use,AnonUser_0007,75
2026-04-01 17:30:00,Lab_219_PC122,In Use,AnonUser_0094,45
2026-04-01 17:30:00,Lab_219_PC123,In Use,AnonUser_0143,90
2026-04-01 17:30:00,Lab_219_PC124,In Use,AnonUser_0157,135
2026-04-01 17:30:00,Lab_219_PC125,In Use,AnonUser_0150,45
2026-04-01 17:30:00,Lab_219_PC126,In Use,AnonUser_0108,150
2026-04-01 17:30:00,Lab_219_PC127,In Use,AnonUser_0037,45
2026-04-01 17:30:00,Lab_219_PC128,In Use,AnonUser_0119,0
2026-04-01 17:30:00,Lab_219_PC129,Idle,AnonUser_0148,195
2026-04-01 17:30:00,Lab_219_PC130,In Use,AnonUser_0167,165
2026-04-01 17:30:00,Lab_219_PC131,In Use,AnonUser_0155,15
2026-04-01 17:30:00,Lab_219_PC132,In Use,AnonUser_0077,105
2026-04-01 17:30:00,Lab_219_PC133,Idle,AnonUser_0062,225
2026-04-01 17:30:00,Lab_219_PC134,In Use,AnonUser_0015,60
2026-04-01 17:30:00,Lab_219_PC135,In Use,AnonUser_0021,0
2026-04-01 17:30:00,Lab_219_PC136,In Use,AnonUser_0135,30
2026-04-01 17:30:00,Lab_219_PC137,In Use,AnonUser_0091,60
2026-04-01 17:30:00,Lab_219_PC138,In Use,AnonUser_0132,135
2026-04-01 17:30:00,Lab_219_PC139,In Use,AnonUser_0147,165
2026-04-01 17:30:00,Lab_219_PC140,Idle,AnonUser_0097,30
2026-04-01 17:30:00,Lab_219_PC141,In Use,AnonUser_0035,165
2026-04-01 17:30:00,Lab_219_PC142,In Use,AnonUser_0066,0
2026-04-01 17:30:00,Lab_219_PC143,In Use,AnonUser_0029,75
2026-04-01 17:30:00,Lab_219_PC144,Idle,AnonUser_0008,0
2026-04-01 17:30:00,Lab_219_PC145,In Use,AnonUser_0031,150
2026-04-01 17:30:00,Lab_219_PC146,In Use,AnonUser_0093,120
2026-04-01 17:30:00,Lab_219_PC147,In Use,AnonUser_0153,195
2026-04-01 17:30:00,Lab_219_PC148,In Use,AnonUser_0024,120
2026-04-01 17:30:00,Lab_219_PC149,In Use,AnonUser_0104,15
2026-04-01 17:30:00,Lab_219_PC150,In Use,AnonUser_0173,60
2026-04-01 17:30:00,Lab_219_PC151,In Use,AnonUser_0057,60
2026-04-01 17:30:00,Lab_219_PC152,In Use,AnonUser_0169,15
2026-04-01 17:30:00,Lab_219_PC153,In Use,AnonUser_0111,135
2026-04-01 17:30:00,Lab_219_PC154,Idle,AnonUser_0054,90
2026-04-01 17:30:00,Lab_219_PC155,In Use,AnonUser_0073,45
2026-04-01 17:30:00,Lab_219_PC156,Idle,AnonUser_0012,45
2026-04-01 17:30:00,Lab_219_PC157,In Use,AnonUser_0013,105
2026-04-01 17:30:00,Lab_219_PC158,In Use,AnonUser_0122,135
2026-04-01 17:30:00,Lab_219_PC159,In Use,AnonUser_0127,135
2026-04-01 17:30:00,Lab_219_PC160,In Use,AnonUser_0042,60
2026-04-01 17:30:00,Lab_219_PC161,In Use,AnonUser_0075,105
2026-04-01 17:30:00,Lab_219_PC162,In Use,AnonUser_0174,90
2026-04-01 17:30:00,Lab_219_PC163,In Use,AnonUser_0004,0
2026-04-01 17:30:00,Lab_219_PC164,In Use,AnonUser_0049,195
2026-04-01 17:30:00,Lab_219_PC165,In Use,AnonUser_0053,15
2026-04-01 17:30:00,Lab_219_PC166,Idle,AnonUser_0152,45
2026-04-01 17:30:00,Lab_219_PC167,In Use,AnonUser_0018,0
2026-04-01 17:30:00,Lab_219_PC168,In Use,AnonUser_0083,75
2026-04-01 17:30:00,Lab_219_PC169,In Use,AnonUser_0090,30
2026-04-01 17:30:00,Lab_219_PC170,In Use,AnonUser_0101,75
2026-04-01 17:30:00,Lab_219_PC171,Offline,N/A,N/A
2026-04-01 17:30:00,Lab_219_PC172,In Use,AnonUser_0121,0
2026-04-01 17:30:00,Lab_219_PC173,In Use,AnonUser_0107,60
2026-04-01 17:30:00,Lab_219_PC174,Idle,AnonUser_0089,75
2026-04-01 17:30:00,Lab_219_PC175,In Use,AnonUser_0140,45
2026-04-01 17:30:00,Lab_219_PC176,Idle,AnonUser_0138,60
2026-04-01 17:30:00,Lab_219_PC177,In Use,AnonUser_0116,120
2026-04-01 17:30:00,Lab_219_PC178,In Use,AnonUser_0102,45
2026-04-01 17:30:00,Lab_219_PC179,In Use,AnonUser_0139,195
2026-04-01 17:45:00,Lab_202_PC001,Offline,N/A,N/A
2026-04-01 17:45:00,Lab_202_PC002,In Use,AnonUser_0085,105
2026-04-01 17:45:00,Lab_202_PC003,Idle,AnonUser_0142,90
2026-04-01 17:45:00,Lab_202_PC004,Idle,AnonUser_0171,75
2026-04-01 17:45:00,Lab_202_PC005,In Use,AnonUser_0078,0
2026-04-01 17:45:00,Lab_202_PC006,In Use,AnonUser_0103,135
2026-04-01 17:45:00,Lab_202_PC007,Idle,AnonUser_0161,30
2026-04-01 17:45:00,Lab_202_PC008,In Use,AnonUser_0164,105
2026-04-01 17:45:00,Lab_202_PC009,In Use,AnonUser_0020,60
2026-04-01 17:45:00,Lab_202_PC010,In Use,AnonUser_0137,30
2026-04-01 17:45:00,Lab_202_PC011,In Use,AnonUser_0156,60
2026-04-01 17:45:00,Lab_202_PC012,In Use,AnonUser_0136,30
2026-04-01 17:45:00,Lab_202_PC013,In Use,AnonUser_0098,180
2026-04-01 17:45:00,Lab_202_PC014,Offline,N/A,N/A
2026-04-01 17:45:00,Lab_202_PC015,In Use,AnonUser_0058,90
2026-04-01 17:45:00,Lab_202_PC016,Offline,N/A,N/A
2026-04-01 17:45:00,Lab_202_PC017,In Use,AnonUser_0125,45
2026-04-01 17:45:00,Lab_202_PC018,In Use,AnonUser_0114,120
2026-04-01 17:45:00,Lab_202_PC019,In Use,AnonUser_0175,165
2026-04-01 17:45:00,Lab_202_PC020,In Use,AnonUser_0038,150
2026-04-01 17:45:00,Lab_202_PC021,In Use,AnonUser_0051,30
2026-04-01 17:45:00,Lab_202_PC022,In Use,AnonUser_0026,165
2026-04-01 17:45:00,Lab_202_PC023,In Use,AnonUser_0130,30
2026-04-01 17:45:00,Lab_202_PC024,In Use,AnonUser_0113,30
2026-04-01 17:45:00,Lab_202_PC025,In Use,AnonUser_0179,180
2026-04-01 17:45:00,Lab_202_PC026,In Use,AnonUser_0149,30
2026-04-01 17:45:00,Lab_202_PC027,In Use,AnonUser_0165,45
2026-04-01 17:45:00,Lab_202_PC028,In Use,AnonUser_0033,60
2026-04-01 17:45:00,Lab_202_PC029,In Use,AnonUser_0129,45
2026-04-01 17:45:00,Lab_202_PC030,In Use,AnonUser_0041,15
2026-04-01 17:45:00,Lab_206_PC031,In Use,AnonUser_0014,120
2026-04-01 17:45:00,Lab_206_PC032,In Use,AnonUser_0105,75
2026-04-01 17:45:00,Lab_206_PC033,In Use,AnonUser_0070,15
2026-04-01 17:45:00,Lab_206_PC034,In Use,AnonUser_0109,90
2026-04-01 17:45:00,Lab_206_PC035,Idle,AnonUser_0086,30
2026-04-01 17:45:00,Lab_206_PC036,Offline,N/A,N/A
2026-04-01 17:45:00,Lab_206_PC037,In Use,AnonUser_0002,60
2026-04-01 17:45:00,Lab_206_PC038,In Use,AnonUser_0047,165
2026-04-01 17:45:00,Lab_206_PC039,In Use,AnonUser_0177,75
2026-04-01 17:45:00,Lab_206_PC040,Idle,AnonUser_0032,150
2026-04-01 17:45:00,Lab_206_PC041,In Use,AnonUser_0016,90
2026-04-01 17:45:00,Lab_206_PC042,In Use,AnonUser_0158,0
2026-04-01 17:45:00,Lab_206_PC043,In Use,AnonUser_0170,60
2026-04-01 17:45:00,Lab_206_PC044,In Use,AnonUser_0115,0
2026-04-01 17:45:00,Lab_206_PC045,Idle,AnonUser_0003,0
2026-04-01 17:45:00,Lab_206_PC046,In Use,AnonUser_0131,0
2026-04-01 17:45:00,Lab_206_PC047,In Use,AnonUser_0145,0
2026-04-01 17:45:00,Lab_206_PC048,Idle,AnonUser_0144,150
2026-04-01 17:45:00,Lab_206_PC049,Offline,N/A,N/A
2026-04-01 17:45:00,Lab_206_PC050,Offline,N/A,N/A
2026-04-01 17:45:00,Lab_206_PC051,In Use,AnonUser_0001,90
2026-04-01 17:45:00,Lab_206_PC052,In Use,AnonUser_0100,165
2026-04-01 17:45:00,Lab_206_PC053,In Use,AnonUser_0009,0
2026-04-01 17:45:00,Lab_206_PC054,In Use,AnonUser_0112,30
2026-04-01 17:45:00,Lab_206_PC055,Offline,N/A,N/A
2026-04-01 17:45:00,Lab_206_PC056,In Use,AnonUser_0006,135
2026-04-01 17:45:00,Lab_206_PC057,In Use,AnonUser_0166,105
2026-04-01 17:45:00,Lab_206_PC058,Idle,AnonUser_0040,60
2026-04-01 17:45:00,Lab_206_PC059,In Use,AnonUser_0011,45
2026-04-01 17:45:00,Lab_206_PC060,In Use,AnonUser_0095,15
2026-04-01 17:45:00,Lab_210_PC061,In Use,AnonUser_0124,30
2026-04-01 17:45:00,Lab_210_PC062,In Use,AnonUser_0065,60
2026-04-01 17:45:00,Lab_210_PC063,In Use,AnonUser_0052,60
2026-04-01 17:45:00,Lab_210_PC064,In Use,AnonUser_0071,0
2026-04-01 17:45:00,Lab_210_PC065,Idle,AnonUser_0045,75
2026-04-01 17:45:00,Lab_210_PC066,Idle,AnonUser_0010,60
2026-04-01 17:45:00,Lab_210_PC067,In Use,AnonUser_0019,105
2026-04-01 17:45:00,Lab_210_PC068,In Use,AnonUser_0087,105
2026-04-01 17:45:00,Lab_210_PC069,In Use,AnonUser_0067,15
2026-04-01 17:45:00,Lab_210_PC070,In Use,AnonUser_0036,60
2026-04-01 17:45:00,Lab_210_PC071,In Use,AnonUser_0028,15
2026-04-01 17:45:00,Lab_210_PC072,In Use,AnonUser_0151,120
2026-04-01 17:45:00,Lab_210_PC073,Offline,N/A,N/A
2026-04-01 17:45:00,Lab_210_PC074,Idle,AnonUser_0068,45
2026-04-01 17:45:00,Lab_210_PC075,In Use,AnonUser_0017,105
2026-04-01 17:45:00,Lab_210_PC076,Offline,N/A,N/A
2026-04-01 17:45:00,Lab_210_PC077,In Use,AnonUser_0072,45
2026-04-01 17:45:00,Lab_210_PC078,In Use,AnonUser_0064,180
2026-04-01 17:45:00,Lab_210_PC079,In Use,AnonUser_0118,0
2026-04-01 17:45:00,Lab_210_PC080,In Use,AnonUser_0088,135
2026-04-01 17:45:00,Lab_210_PC081,In Use,AnonUser_0022,15
2026-04-01 17:45:00,Lab_219_PC082,Idle,AnonUser_0123,15
2026-04-01 17:45:00,Lab_219_PC083,In Use,AnonUser_0099,0
2026-04-01 17:45:00,Lab_219_PC084,In Use,AnonUser_0061,30
2026-04-01 17:45:00,Lab_219_PC085,In Use,AnonUser_0056,0
2026-04-01 17:45:00,Lab_219_PC086,In Use,AnonUser_0163,15
2026-04-01 17:45:00,Lab_219_PC087,Idle,AnonUser_0128,45
2026-04-01 17:45:00,Lab_219_PC088,In Use,AnonUser_0120,15
2026-04-01 17:45:00,Lab_219_PC089,Idle,AnonUser_0133,60
2026-04-01 17:45:00,Lab_219_PC090,In Use,AnonUser_0025,45
2026-04-01 17:45:00,Lab_219_PC091,In Use,AnonUser_0081,60
2026-04-01 17:45:00,Lab_219_PC092,Idle,AnonUser_0172,90
2026-04-01 17:45:00,Lab_219_PC093,In Use,AnonUser_0082,15
2026-04-01 17:45:00,Lab_219_PC094,In Use,AnonUser_0160,15
2026-04-01 17:45:00,Lab_219_PC095,Offline,N/A,N/A
2026-04-01 17:45:00,Lab_219_PC096,In Use,AnonUser_0159,135
2026-04-01 17:45:00,Lab_219_PC097,In Use,AnonUser_0134,15
2026-04-01 17:45:00,Lab_219_PC098,In Use,AnonUser_0044,15
2026-04-01 17:45:00,Lab_219_PC099,In Use,AnonUser_0079,15
2026-04-01 17:45:00,Lab_219_PC100,In Use,AnonUser_0117,30
2026-04-01 17:45:00,Lab_219_PC101,In Use,AnonUser_0141,30
2026-04-01 17:45:00,Lab_219_PC102,In Use,AnonUser_0046,105
2026-04-01 17:45:00,Lab_219_PC103,In Use,AnonUser_0092,135
2026-04-01 17:45:00,Lab_219_PC104,In Use,AnonUser_0048,0
2026-04-01 17:45:00,Lab_219_PC105,In Use,AnonUser_0146,120
2026-04-01 17:45:00,Lab_219_PC106,Offline,N/A,N/A
2026-04-01 17:45:00,Lab_219_PC107,In Use,AnonUser_0050,0
2026-04-01 17:45:00,Lab_219_PC108,In Use,AnonUser_0055,60
2026-04-01 17:45:00,Lab_219_PC109,Idle,AnonUser_0023,90
2026-04-01 17:45:00,Lab_219_PC110,In Use,AnonUser_0005,135
2026-04-01 17:45:00,Lab_219_PC111,Idle,AnonUser_0178,60
2026-04-01 17:45:00,Lab_219_PC112,In Use,AnonUser_0076,120
2026-04-01 17:45:00,Lab_219_PC113,In Use,AnonUser_0096,30
2026-04-01 17:45:00,Lab_219_PC114,In Use,AnonUser_0074,0
2026-04-01 17:45:00,Lab_219_PC115,In Use,AnonUser_0069,30
2026-04-01 17:45:00,Lab_219_PC116,Offline,N/A,N/A
2026-04-01 17:45:00,Lab_219_PC117,In Use,AnonUser_0162,105
2026-04-01 17:45:00,Lab_219_PC118,In Use,AnonUser_0154,30
2026-04-01 17:45:00,Lab_219_PC119,In Use,AnonUser_0126,30
2026-04-01 17:45:00,Lab_219_PC120,In Use,AnonUser_0059,120
2026-04-01 17:45:00,Lab_219_PC121,In Use,AnonUser_0007,60
2026-04-01 17:45:00,Lab_219_PC122,In Use,AnonUser_0094,30
2026-04-01 17:45:00,Lab_219_PC123,In Use,AnonUser_0143,75
2026-04-01 17:45:00,Lab_219_PC124,In Use,AnonUser_0157,120
2026-04-01 17:45:00,Lab_219_PC125,Idle,AnonUser_0150,30
2026-04-01 17:45:00,Lab_219_PC126,In Use,AnonUser_0108,135
2026-04-01 17:45:00,Lab_219_PC127,In Use,AnonUser_0037,30
2026-04-01 17:45:00,Lab_219_PC128,Offline,N/A,N/A
2026-04-01 17:45:00,Lab_219_PC129,In Use,AnonUser_0148,180
2026-04-01 17:45:00,Lab_219_PC130,In Use,AnonUser_0167,150
2026-04-01 17:45:00,Lab_219_PC131,In Use,AnonUser_0155,0
2026-04-01 17:45:00,Lab_219_PC132,In Use,AnonUser_0077,90
2026-04-01 17:45:00,Lab_219_PC133,In Use,AnonUser_0062,210
2026-04-01 17:45:00,Lab_219_PC134,In Use,AnonUser_0015,45
2026-04-01 17:45:00,Lab_219_PC135,Idle,AnonUser_0039,225
2026-04-01 17:45:00,Lab_219_PC136,In Use,AnonUser_0135,15
2026-04-01 17:45:00,Lab_219_PC137,Idle,AnonUser_0091,45
2026-04-01 17:45:00,Lab_219_PC138,In Use,AnonUser_0132,120
2026-04-01 17:45:00,Lab_219_PC139,In Use,AnonUser_0147,150
2026-04-01 17:45:00,Lab_219_PC140,In Use,AnonUser_0097,15
2026-04-01 17:45:00,Lab_219_PC141,In Use,AnonUser_0035,150
2026-04-01 17:45:00,Lab_219_PC142,In Use,AnonUser_0066,75
2026-04-01 17:45:00,Lab_219_PC143,In Use,AnonUser_0029,60
2026-04-01 17:45:00,Lab_219_PC144,In Use,AnonUser_0119,150
2026-04-01 17:45:00,Lab_219_PC145,Idle,AnonUser_0031,135
2026-04-01 17:45:00,Lab_219_PC146,In Use,AnonUser_0093,105
2026-04-01 17:45:00,Lab_219_PC147,In Use,AnonUser_0153,180
2026-04-01 17:45:00,Lab_219_PC148,In Use,AnonUser_0024,105
2026-04-01 17:45:00,Lab_219_PC149,In Use,AnonUser_0104,0
2026-04-01 17:45:00,Lab_219_PC150,In Use,AnonUser_0173,45
2026-04-01 17:45:00,Lab_219_PC151,Idle,AnonUser_0057,45
2026-04-01 17:45:00,Lab_219_PC152,Idle,AnonUser_0169,0
2026-04-01 17:45:00,Lab_219_PC153,In Use,AnonUser_0111,120
2026-04-01 17:45:00,Lab_219_PC154,In Use,AnonUser_0054,75
2026-04-01 17:45:00,Lab_219_PC155,In Use,AnonUser_0073,30
2026-04-01 17:45:00,Lab_219_PC156,In Use,AnonUser_0012,30
2026-04-01 17:45:00,Lab_219_PC157,In Use,AnonUser_0013,90
2026-04-01 17:45:00,Lab_219_PC158,In Use,AnonUser_0122,120
2026-04-01 17:45:00,Lab_219_PC159,In Use,AnonUser_0127,120
2026-04-01 17:45:00,Lab_219_PC160,In Use,AnonUser_0042,45
2026-04-01 17:45:00,Lab_219_PC161,In Use,AnonUser_0075,90
2026-04-01 17:45:00,Lab_219_PC162,In Use,AnonUser_0174,75
2026-04-01 17:45:00,Lab_219_PC163,In Use,AnonUser_0021,165
2026-04-01 17:45:00,Lab_219_PC164,Idle,AnonUser_0049,180
2026-04-01 17:45:00,Lab_219_PC165,In Use,AnonUser_0053,0
2026-04-01 17:45:00,Lab_219_PC166,Idle,AnonUser_0152,30
2026-04-01 17:45:00,Lab_219_PC167,In Use,AnonUser_0106,30
2026-04-01 17:45:00,Lab_219_PC168,In Use,AnonUser_0083,60
2026-04-01 17:45:00,Lab_219_PC169,In Use,AnonUser_0090,15
2026-04-01 17:45:00,Lab_219_PC170,Idle,AnonUser_0101,60
2026-04-01 17:45:00,Lab_219_PC171,In Use,AnonUser_0084,60
2026-04-01 17:45:00,Lab_219_PC172,In Use,AnonUser_0060,105
2026-04-01 17:45:00,Lab_219_PC173,In Use,AnonUser_0107,45
2026-04-01 17:45:00,Lab_219_PC174,Idle,AnonUser_0089,60
2026-04-01 17:45:00,Lab_219_PC175,In Use,AnonUser_0140,30
2026-04-01 17:45:00,Lab_219_PC176,Idle,AnonUser_0138,45
2026-04-01 17:45:00,Lab_219_PC177,In Use,AnonUser_0116,105
2026-04-01 17:45:00,Lab_219_PC178,In Use,AnonUser_0102,30
2026-04-01 17:45:00,Lab_219_PC179,In Use,AnonUser_0139,180
2026-04-01 18:00:00,Lab_202_PC001,In Use,AnonUser_0063,45
2026-04-01 18:00:00,Lab_202_PC002,Idle,AnonUser_0085,90
2026-04-01 18:00:00,Lab_202_PC003,In Use,AnonUser_0142,75
2026-04-01 18:00:00,Lab_202_PC004,In Use,AnonUser_0171,60
2026-04-01 18:00:00,Lab_202_PC005,Idle,AnonUser_0008,60
2026-04-01 18:00:00,Lab_202_PC006,In Use,AnonUser_0103,120
2026-04-01 18:00:00,Lab_202_PC007,In Use,AnonUser_0161,15
2026-04-01 18:00:00,Lab_202_PC008,In Use,AnonUser_0164,90
2026-04-01 18:00:00,Lab_202_PC009,In Use,AnonUser_0020,45
2026-04-01 18:00:00,Lab_202_PC010,In Use,AnonUser_0137,15
2026-04-01 18:00:00,Lab_202_PC011,In Use,AnonUser_0156,45
2026-04-01 18:00:00,Lab_202_PC012,In Use,AnonUser_0136,15
2026-04-01 18:00:00,Lab_202_PC013,In Use,AnonUser_0098,165
2026-04-01 18:00:00,Lab_202_PC014,In Use,AnonUser_0168,135
2026-04-01 18:00:00,Lab_202_PC015,In Use,AnonUser_0058,75
2026-04-01 18:00:00,Lab_202_PC016,Idle,AnonUser_0034,180
2026-04-01 18:00:00,Lab_202_PC017,In Use,AnonUser_0125,30
2026-04-01 18:00:00,Lab_202_PC018,In Use,AnonUser_0114,105
2026-04-01 18:00:00,Lab_202_PC019,In Use,AnonUser_0175,150
2026-04-01 18:00:00,Lab_202_PC020,In Use,AnonUser_0038,135
2026-04-01 18:00:00,Lab_202_PC021,In Use,AnonUser_0051,15
2026-04-01 18:00:00,Lab_202_PC022,In Use,AnonUser_0026,150
2026-04-01 18:00:00,Lab_202_PC023,In Use,AnonUser_0130,15
2026-04-01 18:00:00,Lab_202_PC024,Idle,AnonUser_0113,15
2026-04-01 18:00:00,Lab_202_PC025,In Use,AnonUser_0179,165
2026-04-01 18:00:00,Lab_202_PC026,In Use,AnonUser_0149,15
2026-04-01 18:00:00,Lab_202_PC027,In Use,AnonUser_0165,30
2026-04-01 18:00:00,Lab_202_PC028,In Use,AnonUser_0033,45
2026-04-01 18:00:00,Lab_202_PC029,In Use,AnonUser_0129,30
2026-04-01 18:00:00,Lab_202_PC030,In Use,AnonUser_0041,0
2026-04-01 18:00:00,Lab_206_PC031,In Use,AnonUser_0014,105
2026-04-01 18:00:00,Lab_206_PC032,In Use,AnonUser_0105,60
2026-04-01 18:00:00,Lab_206_PC033,In Use,AnonUser_0070,0
2026-04-01 18:00:00,Lab_206_PC034,In Use,AnonUser_0109,75
2026-04-01 18:00:00,Lab_206_PC035,In Use,AnonUser_0086,15
2026-04-01 18:00:00,Lab_206_PC036,In Use,AnonUser_0176,225
2026-04-01 18:00:00,Lab_206_PC037,In Use,AnonUser_0002,45
2026-04-01 18:00:00,Lab_206_PC038,Idle,AnonUser_0047,150
2026-04-01 18:00:00,Lab_206_PC039,In Use,AnonUser_0177,60
2026-04-01 18:00:00,Lab_206_PC040,In Use,AnonUser_0032,135
2026-04-01 18:00:00,Lab_206_PC041,In Use,AnonUser_0016,75
2026-04-01 18:00:00,Lab_206_PC042,Idle,AnonUser_0158,45
2026-04-01 18:00:00,Lab_206_PC043,In Use,AnonUser_0170,45
2026-04-01 18:00:00,Lab_206_PC044,Idle,AnonUser_0018,210
2026-04-01 18:00:00,Lab_206_PC045,Idle,AnonUser_0043,105
2026-04-01 18:00:00,Lab_206_PC046,Offline,N/A,N/A
2026-04-01 18:00:00,Lab_206_PC047,Offline,N/A,N/A
2026-04-01 18:00:00,Lab_206_PC048,In Use,AnonUser_0144,135
2026-04-01 18:00:00,Lab_206_PC049,Idle,AnonUser_0110,150
2026-04-01 18:00:00,Lab_206_PC050,Idle,AnonUser_0003,45
2026-04-01 18:00:00,Lab_206_PC051,Idle,AnonUser_0001,75
2026-04-01 18:00:00,Lab_206_PC052,In Use,AnonUser_0100,150
2026-04-01 18:00:00,Lab_206_PC053,In Use,AnonUser_0004,210
2026-04-01 18:00:00,Lab_206_PC054,In Use,AnonUser_0112,15
2026-04-01 18:00:00,Lab_206_PC055,In Use,AnonUser_0009,165
2026-04-01 18:00:00,Lab_206_PC056,In Use,AnonUser_0006,120
2026-04-01 18:00:00,Lab_206_PC057,Idle,AnonUser_0166,90
2026-04-01 18:00:00,Lab_206_PC058,In Use,AnonUser_0040,45
2026-04-01 18:00:00,Lab_206_PC059,In Use,AnonUser_0011,30
2026-04-01 18:00:00,Lab_206_PC060,In Use,AnonUser_0095,0
2026-04-01 18:00:00,Lab_210_PC061,In Use,AnonUser_0124,15
2026-04-01 18:00:00,Lab_210_PC062,In Use,AnonUser_0065,45
2026-04-01 18:00:00,Lab_210_PC063,In Use,AnonUser_0052,45
2026-04-01 18:00:00,Lab_210_PC064,In Use,AnonUser_0027,30
2026-04-01 18:00:00,Lab_210_PC065,Idle,AnonUser_0045,60
2026-04-01 18:00:00,Lab_210_PC066,In Use,AnonUser_0010,45
2026-04-01 18:00:00,Lab_210_PC067,In Use,AnonUser_0019,90
2026-04-01 18:00:00,Lab_210_PC068,Idle,AnonUser_0087,90
2026-04-01 18:00:00,Lab_210_PC069,In Use,AnonUser_0067,0
2026-04-01 18:00:00,Lab_210_PC070,Idle,AnonUser_0036,45
2026-04-01 18:00:00,Lab_210_PC071,Idle,AnonUser_0028,0
2026-04-01 18:00:00,Lab_210_PC072,In Use,AnonUser_0151,105
2026-04-01 18:00:00,Lab_210_PC073,Offline,N/A,N/A
2026-04-01 18:00:00,Lab_210_PC074,In Use,AnonUser_0068,30
2026-04-01 18:00:00,Lab_210_PC075,Idle,AnonUser_0017,90
2026-04-01 18:00:00,Lab_210_PC076,Offline,N/A,N/A
2026-04-01 18:00:00,Lab_210_PC077,In Use,AnonUser_0072,30
2026-04-01 18:00:00,Lab_210_PC078,In Use,AnonUser_0064,165
2026-04-01 18:00:00,Lab_210_PC079,In Use,AnonUser_0080,225
2026-04-01 18:00:00,Lab_210_PC080,In Use,AnonUser_0088,120
2026-04-01 18:00:00,Lab_210_PC081,In Use,AnonUser_0022,0
2026-04-01 18:00:00,Lab_219_PC082,In Use,AnonUser_0123,0
2026-04-01 18:00:00,Lab_219_PC083,Offline,N/A,N/A
2026-04-01 18:00:00,Lab_219_PC084,Idle,AnonUser_0061,15
2026-04-01 18:00:00,Lab_219_PC085,Offline,N/A,N/A
2026-04-01 18:00:00,Lab_219_PC086,In Use,AnonUser_0163,0
2026-04-01 18:00:00,Lab_219_PC087,Idle,AnonUser_0128,30
2026-04-01 18:00:00,Lab_219_PC088,In Use,AnonUser_0120,0
2026-04-01 18:00:00,Lab_219_PC089,In Use,AnonUser_0133,45
2026-04-01 18:00:00,Lab_219_PC090,In Use,AnonUser_0025,30
2026-04-01 18:00:00,Lab_219_PC091,In Use,AnonUser_0081,45
2026-04-01 18:00:00,Lab_219_PC092,In Use,AnonUser_0172,75
2026-04-01 18:00:00,Lab_219_PC093,In Use,AnonUser_0082,0
2026-04-01 18:00:00,Lab_219_PC094,In Use,AnonUser_0160,0
2026-04-01 18:00:00,Lab_219_PC095,Offline,N/A,N/A
2026-04-01 18:00:00,Lab_219_PC096,In Use,AnonUser_0159,120
2026-04-01 18:00:00,Lab_219_PC097,In Use,AnonUser_0134,0
2026-04-01 18:00:00,Lab_219_PC098,In Use,AnonUser_0044,0
2026-04-01 18:00:00,Lab_219_PC099,In Use,AnonUser_0079,0
2026-04-01 18:00:00,Lab_219_PC100,In Use,AnonUser_0117,15
2026-04-01 18:00:00,Lab_219_PC101,In Use,AnonUser_0141,15
2026-04-01 18:00:00,Lab_219_PC102,In Use,AnonUser_0046,90
2026-04-01 18:00:00,Lab_219_PC103,In Use,AnonUser_0092,120
2026-04-01 18:00:00,Lab_219_PC104,Idle,AnonUser_0131,165
2026-04-01 18:00:00,Lab_219_PC105,In Use,AnonUser_0146,105
2026-04-01 18:00:00,Lab_219_PC106,Idle,AnonUser_0056,0
2026-04-01 18:00:00,Lab_219_PC107,Idle,AnonUser_0078,135
2026-04-01 18:00:00,Lab_219_PC108,In Use,AnonUser_0055,45
2026-04-01 18:00:00,Lab_219_PC109,In Use,AnonUser_0023,75
2026-04-01 18:00:00,Lab_219_PC110,In Use,AnonUser_0005,120
2026-04-01 18:00:00,Lab_219_PC111,Idle,AnonUser_0178,45
2026-04-01 18:00:00,Lab_219_PC112,In Use,AnonUser_0076,105
2026-04-01 18:00:00,Lab_219_PC113,In Use,AnonUser_0096,15
2026-04-01 18:00:00,Lab_219_PC114,In Use,AnonUser_0121,30
2026-04-01 18:00:00,Lab_219_PC115,In Use,AnonUser_0069,15
2026-04-01 18:00:00,Lab_219_PC116,In Use,AnonUser_0030,150
2026-04-01 18:00:00,Lab_219_PC117,In Use,AnonUser_0162,90
2026-04-01 18:00:00,Lab_219_PC118,In Use,AnonUser_0154,15
2026-04-01 18:00:00,Lab_219_PC119,In Use,AnonUser_0126,15
2026-04-01 18:00:00,Lab_219_PC120,Idle,AnonUser_0059,105
2026-04-01 18:00:00,Lab_219_PC121,Idle,AnonUser_0007,45
2026-04-01 18:00:00,Lab_219_PC122,In Use,AnonUser_0094,15
2026-04-01 18:00:00,Lab_219_PC123,In Use,AnonUser_0143,60
2026-04-01 18:00:00,Lab_219_PC124,Idle,AnonUser_0157,105
2026-04-01 18:00:00,Lab_219_PC125,In Use,AnonUser_0150,15
2026-04-01 18:00:00,Lab_219_PC126,In Use,AnonUser_0108,120
2026-04-01 18:00:00,Lab_219_PC127,In Use,AnonUser_0037,15
2026-04-01 18:00:00,Lab_219_PC128,Offline,N/A,N/A
2026-04-01 18:00:00,Lab_219_PC129,In Use,AnonUser_0148,165
2026-04-01 18:00:00,Lab_219_PC130,In Use,AnonUser_0167,135
2026-04-01 18:00:00,Lab_219_PC131,Offline,N/A,N/A
2026-04-01 18:00:00,Lab_219_PC132,In Use,AnonUser_0077,75
2026-04-01 18:00:00,Lab_219_PC133,Idle,AnonUser_0062,195
2026-04-01 18:00:00,Lab_219_PC134,Idle,AnonUser_0015,30
2026-04-01 18:00:00,Lab_219_PC135,In Use,AnonUser_0039,210
2026-04-01 18:00:00,Lab_219_PC136,Idle,AnonUser_0135,0
2026-04-01 18:00:00,Lab_219_PC137,In Use,AnonUser_0091,30
2026-04-01 18:00:00,Lab_219_PC138,In Use,AnonUser_0132,105
2026-04-01 18:00:00,Lab_219_PC139,In Use,AnonUser_0147,135
2026-04-01 18:00:00,Lab_219_PC140,In Use,AnonUser_0097,0
2026-04-01 18:00:00,Lab_219_PC141,In Use,AnonUser_0035,135
2026-04-01 18:00:00,Lab_219_PC142,In Use,AnonUser_0066,60
2026-04-01 18:00:00,Lab_219_PC143,In Use,AnonUser_0029,45
2026-04-01 18:00:00,Lab_219_PC144,Idle,AnonUser_0119,135
2026-04-01 18:00:00,Lab_219_PC145,In Use,AnonUser_0031,120
2026-04-01 18:00:00,Lab_219_PC146,Idle,AnonUser_0093,90
2026-04-01 18:00:00,Lab_219_PC147,In Use,AnonUser_0153,165
2026-04-01 18:00:00,Lab_219_PC148,In Use,AnonUser_0024,90
2026-04-01 18:00:00,Lab_219_PC149,Offline,N/A,N/A
2026-04-01 18:00:00,Lab_219_PC150,Idle,AnonUser_0173,30
2026-04-01 18:00:00,Lab_219_PC151,In Use,AnonUser_0057,30
2026-04-01 18:00:00,Lab_219_PC152,Idle,AnonUser_0115,60
2026-04-01 18:00:00,Lab_219_PC153,In Use,AnonUser_0111,105
2026-04-01 18:00:00,Lab_219_PC154,In Use,AnonUser_0054,60
2026-04-01 18:00:00,Lab_219_PC155,In Use,AnonUser_0073,15
2026-04-01 18:00:00,Lab_219_PC156,In Use,AnonUser_0012,15
2026-04-01 18:00:00,Lab_219_PC157,In Use,AnonUser_0013,75
2026-04-01 18:00:00,Lab_219_PC158,In Use,AnonUser_0122,105
2026-04-01 18:00:00,Lab_219_PC159,In Use,AnonUser_0127,105
2026-04-01 18:00:00,Lab_219_PC160,In Use,AnonUser_0042,30
2026-04-01 18:00:00,Lab_219_PC161,Idle,AnonUser_0075,75
2026-04-01 18:00:00,Lab_219_PC162,In Use,AnonUser_0174,60
2026-04-01 18:00:00,Lab_219_PC163,In Use,AnonUser_0021,150
2026-04-01 18:00:00,Lab_219_PC164,Idle,AnonUser_0049,165
2026-04-01 18:00:00,Lab_219_PC165,Offline,N/A,N/A
2026-04-01 18:00:00,Lab_219_PC166,In Use,AnonUser_0152,15
2026-04-01 18:00:00,Lab_219_PC167,In Use,AnonUser_0106,15
2026-04-01 18:00:00,Lab_219_PC168,In Use,AnonUser_0083,45
2026-04-01 18:00:00,Lab_219_PC169,In Use,AnonUser_0090,0
2026-04-01 18:00:00,Lab_219_PC170,Idle,AnonUser_0101,45
2026-04-01 18:00:00,Lab_219_PC171,In Use,AnonUser_0084,45
2026-04-01 18:00:00,Lab_219_PC172,In Use,AnonUser_0060,90
2026-04-01 18:00:00,Lab_219_PC173,In Use,AnonUser_0107,30
2026-04-01 18:00:00,Lab_219_PC174,In Use,AnonUser_0089,45
2026-04-01 18:00:00,Lab_219_PC175,In Use,AnonUser_0140,15
2026-04-01 18:00:00,Lab_219_PC176,In Use,AnonUser_0138,30
2026-04-01 18:00:00,Lab_219_PC177,In Use,AnonUser_0116,90
2026-04-01 18:00:00,Lab_219_PC178,In Use,AnonUser_0102,15
2026-04-01 18:00:00,Lab_219_PC179,In Use,AnonUser_0139,165
2026-04-01 18:15:00,Lab_202_PC001,In Use,AnonUser_0063,30
2026-04-01 18:15:00,Lab_202_PC002,In Use,AnonUser_0085,75
2026-04-01 18:15:00,Lab_202_PC003,In Use,AnonUser_0142,60
2026-04-01 18:15:00,Lab_202_PC004,In Use,AnonUser_0171,45
2026-04-01 18:15:00,Lab_202_PC005,In Use,AnonUser_0008,45
2026-04-01 18:15:00,Lab_202_PC006,In Use,AnonUser_0103,105
2026-04-01 18:15:00,Lab_202_PC007,In Use,AnonUser_0161,0
2026-04-01 18:15:00,Lab_202_PC008,In Use,AnonUser_0164,75
2026-04-01 18:15:00,Lab_202_PC009,In Use,AnonUser_0020,30
2026-04-01 18:15:00,Lab_202_PC010,In Use,AnonUser_0137,0
2026-04-01 18:15:00,Lab_202_PC011,In Use,AnonUser_0156,30
2026-04-01 18:15:00,Lab_202_PC012,Idle,AnonUser_0136,0
2026-04-01 18:15:00,Lab_202_PC013,In Use,AnonUser_0098,150
2026-04-01 18:15:00,Lab_202_PC014,In Use,AnonUser_0168,120
2026-04-01 18:15:00,Lab_202_PC015,In Use,AnonUser_0058,60
2026-04-01 18:15:00,Lab_202_PC016,In Use,AnonUser_0034,165
2026-04-01 18:15:00,Lab_202_PC017,In Use,AnonUser_0125,15
2026-04-01 18:15:00,Lab_202_PC018,In Use,AnonUser_0114,90
2026-04-01 18:15:00,Lab_202_PC019,In Use,AnonUser_0175,135
2026-04-01 18:15:00,Lab_202_PC020,In Use,AnonUser_0038,120
2026-04-01 18:15:00,Lab_202_PC021,In Use,AnonUser_0051,0
2026-04-01 18:15:00,Lab_202_PC022,In Use,AnonUser_0026,135
2026-04-01 18:15:00,Lab_202_PC023,Idle,AnonUser_0130,0
2026-04-01 18:15:00,Lab_202_PC024,In Use,AnonUser_0113,0
2026-04-01 18:15:00,Lab_202_PC025,In Use,AnonUser_0179,150
2026-04-01 18:15:00,Lab_202_PC026,In Use,AnonUser_0149,0
2026-04-01 18:15:00,Lab_202_PC027,In Use,AnonUser_0165,15
2026-04-01 18:15:00,Lab_202_PC028,Idle,AnonUser_0033,30
2026-04-01 18:15:00,Lab_202_PC029,In Use,AnonUser_0129,15
2026-04-01 18:15:00,Lab_202_PC030,Offline,N/A,N/A
2026-04-01 18:15:00,Lab_206_PC031,In Use,AnonUser_0014,90
2026-04-01 18:15:00,Lab_206_PC032,Idle,AnonUser_0105,45
2026-04-01 18:15:00,Lab_206_PC033,Idle,AnonUser_0145,60
2026-04-01 18:15:00,Lab_206_PC034,Idle,AnonUser_0109,60
2026-04-01 18:15:00,Lab_206_PC035,In Use,AnonUser_0086,0
2026-04-01 18:15:00,Lab_206_PC036,Idle,AnonUser_0176,210
2026-04-01 18:15:00,Lab_206_PC037,In Use,AnonUser_0002,30
2026-04-01 18:15:00,Lab_206_PC038,In Use,AnonUser_0047,135
2026-04-01 18:15:00,Lab_206_PC039,In Use,AnonUser_0177,45
2026-04-01 18:15:00,Lab_206_PC040,In Use,AnonUser_0032,120
2026-04-01 18:15:00,Lab_206_PC041,In Use,AnonUser_0016,60
2026-04-01 18:15:00,Lab_206_PC042,In Use,AnonUser_0158,30
2026-04-01 18:15:00,Lab_206_PC043,Idle,AnonUser_0170,30
2026-04-01 18:15:00,Lab_206_PC044,In Use,AnonUser_0018,195
2026-04-01 18:15:00,Lab_206_PC045,In Use,AnonUser_0043,90
2026-04-01 18:15:00,Lab_206_PC046,Offline,N/A,N/A
2026-04-01 18:15:00,Lab_206_PC047,Offline,N/A,N/A
2026-04-01 18:15:00,Lab_206_PC048,In Use,AnonUser_0144,120
2026-04-01 18:15:00,Lab_206_PC049,In Use,AnonUser_0110,135
2026-04-01 18:15:00,Lab_206_PC050,In Use,AnonUser_0003,30
2026-04-01 18:15:00,Lab_206_PC051,In Use,AnonUser_0001,60
2026-04-01 18:15:00,Lab_206_PC052,Idle,AnonUser_0100,135
2026-04-01 18:15:00,Lab_206_PC053,Idle,AnonUser_0004,195
2026-04-01 18:15:00,Lab_206_PC054,In Use,AnonUser_0112,0
2026-04-01 18:15:00,Lab_206_PC055,In Use,AnonUser_0009,150
2026-04-01 18:15:00,Lab_206_PC056,In Use,AnonUser_0006,105
2026-04-01 18:15:00,Lab_206_PC057,In Use,AnonUser_0166,75
2026-04-01 18:15:00,Lab_206_PC058,In Use,AnonUser_0040,30
2026-04-01 18:15:00,Lab_206_PC059,In Use,AnonUser_0011,15
2026-04-01 18:15:00,Lab_206_PC060,Offline,N/A,N/A
2026-04-01 18:15:00,Lab_210_PC061,In Use,AnonUser_0124,0
2026-04-01 18:15:00,Lab_210_PC062,In Use,AnonUser_0065,30
2026-04-01 18:15:00,Lab_210_PC063,In Use,AnonUser_0052,30
2026-04-01 18:15:00,Lab_210_PC064,In Use,AnonUser_0027,15
2026-04-01 18:15:00,Lab_210_PC065,In Use,AnonUser_0045,45
2026-04-01 18:15:00,Lab_210_PC066,In Use,AnonUser_0010,30
2026-04-01 18:15:00,Lab_210_PC067,In Use,AnonUser_0019,75
2026-04-01 18:15:00,Lab_210_PC068,In Use,AnonUser_0087,75
2026-04-01 18:15:00,Lab_210_PC069,Offline,N/A,N/A
2026-04-01 18:15:00,Lab_210_PC070,In Use,AnonUser_0036,30
2026-04-01 18:15:00,Lab_210_PC071,In Use,AnonUser_0155,105
2026-04-01 18:15:00,Lab_210_PC072,Idle,AnonUser_0151,90
2026-04-01 18:15:00,Lab_210_PC073,Offline,N/A,N/A
2026-04-01 18:15:00,Lab_210_PC074,In Use,AnonUser_0068,15
2026-04-01 18:15:00,Lab_210_PC075,In Use,AnonUser_0017,75
2026-04-01 18:15:00,Lab_210_PC076,Offline,N/A,N/A
2026-04-01 18:15:00,Lab_210_PC077,In Use,AnonUser_0072,15
2026-04-01 18:15:00,Lab_210_PC078,In Use,AnonUser_0064,150
2026-04-01 18:15:00,Lab_210_PC079,In Use,AnonUser_0080,210
2026-04-01 18:15:00,Lab_210_PC080,In Use,AnonUser_0088,105
2026-04-01 18:15:00,Lab_210_PC081,Offline,N/A,N/A
2026-04-01 18:15:00,Lab_219_PC082,Offline,N/A,N/A
2026-04-01 18:15:00,Lab_219_PC083,In Use,AnonUser_0067,180
2026-04-01 18:15:00,Lab_219_PC084,In Use,AnonUser_0061,0
2026-04-01 18:15:00,Lab_219_PC085,Offline,N/A,N/A
2026-04-01 18:15:00,Lab_219_PC086,Idle,AnonUser_0041,15
2026-04-01 18:15:00,Lab_219_PC087,Idle,AnonUser_0128,15
2026-04-01 18:15:00,Lab_219_PC088,Offline,N/A,N/A
2026-04-01 18:15:00,Lab_219_PC089,In Use,AnonUser_0133,30
2026-04-01 18:15:00,Lab_219_PC090,In Use,AnonUser_0025,15
2026-04-01 18:15:00,Lab_219_PC091,In Use,AnonUser_0081,30
2026-04-01 18:15:00,Lab_219_PC092,In Use,AnonUser_0172,60
2026-04-01 18:15:00,Lab_219_PC093,Idle,AnonUser_0082,210
2026-04-01 18:15:00,Lab_219_PC094,Idle,AnonUser_0028,60
2026-04-01 18:15:00,Lab_219_PC095,Offline,N/A,N/A
2026-04-01 18:15:00,Lab_219_PC096,In Use,AnonUser_0159,105
2026-04-01 18:15:00,Lab_219_PC097,Offline,N/A,N/A
2026-04-01 18:15:00,Lab_219_PC098,Idle,AnonUser_0053,165
2026-04-01 18:15:00,Lab_219_PC099,Offline,N/A,N/A
2026-04-01 18:15:00,Lab_219_PC100,In Use,AnonUser_0117,0
2026-04-01 18:15:00,Lab_219_PC101,In Use,AnonUser_0141,0
2026-04-01 18:15:00,Lab_219_PC102,In Use,AnonUser_0046,75
2026-04-01 18:15:00,Lab_219_PC103,In Use,AnonUser_0092,105
2026-04-01 18:15:00,Lab_219_PC104,In Use,AnonUser_0131,150
2026-04-01 18:15:00,Lab_219_PC105,In Use,AnonUser_0146,90
2026-04-01 18:15:00,Lab_219_PC106,In Use,AnonUser_0134,135
2026-04-01 18:15:00,Lab_219_PC107,In Use,AnonUser_0078,120
2026-04-01 18:15:00,Lab_219_PC108,In Use,AnonUser_0055,30
2026-04-01 18:15:00,Lab_219_PC109,In Use,AnonUser_0023,60
2026-04-01 18:15:00,Lab_219_PC110,In Use,AnonUser_0005,105
2026-04-01 18:15:00,Lab_219_PC111,In Use,AnonUser_0178,30
2026-04-01 18:15:00,Lab_219_PC112,In Use,AnonUser_0076,90
2026-04-01 18:15:00,Lab_219_PC113,In Use,AnonUser_0096,0
2026-04-01 18:15:00,Lab_219_PC114,In Use,AnonUser_0121,15
2026-04-01 18:15:00,Lab_219_PC115,In Use,AnonUser_0069,0
2026-04-01 18:15:00,Lab_219_PC116,In Use,AnonUser_0030,135
2026-04-01 18:15:00,Lab_219_PC117,In Use,AnonUser_0162,75
2026-04-01 18:15:00,Lab_219_PC118,In Use,AnonUser_0154,0
2026-04-01 18:15:00,Lab_219_PC119,In Use,AnonUser_0126,0
2026-04-01 18:15:00,Lab_219_PC120,In Use,AnonUser_0059,90
2026-04-01 18:15:00,Lab_219_PC121,In Use,AnonUser_0007,30
2026-04-01 18:15:00,Lab_219_PC122,In Use,AnonUser_0094,0
2026-04-01 18:15:00,Lab_219_PC123,In Use,AnonUser_0143,45
2026-04-01 18:15:00,Lab_219_PC124,In Use,AnonUser_0157,90
2026-04-01 18:15:00,Lab_219_PC125,In Use,AnonUser_0150,0
2026-04-01 18:15:00,Lab_219_PC126,In Use,AnonUser_0108,105
2026-04-01 18:15:00,Lab_219_PC127,In Use,AnonUser_0037,0
2026-04-01 18:15:00,Lab_219_PC128,Offline,N/A,N/A
2026-04-01 18:15:00,Lab_219_PC129,In Use,AnonUser_0148,150
2026-04-01 18:15:00,Lab_219_PC130,In Use,AnonUser_0167,120
2026-04-01 18:15:00,Lab_219_PC131,In Use,AnonUser_0123,225
2026-04-01 18:15:00,Lab_219_PC132,In Use,AnonUser_0077,60
2026-04-01 18:15:00,Lab_219_PC133,Idle,AnonUser_0062,180
2026-04-01 18:15:00,Lab_219_PC134,In Use,AnonUser_0015,15
2026-04-01 18:15:00,Lab_219_PC135,In Use,AnonUser_0039,195
2026-04-01 18:15:00,Lab_219_PC136,Offline,N/A,N/A
2026-04-01 18:15:00,Lab_219_PC137,In Use,AnonUser_0091,15
2026-04-01 18:15:00,Lab_219_PC138,In Use,AnonUser_0132,90
2026-04-01 18:15:00,Lab_219_PC139,In Use,AnonUser_0147,120
2026-04-01 18:15:00,Lab_219_PC140,Offline,N/A,N/A
2026-04-01 18:15:00,Lab_219_PC141,In Use,AnonUser_0035,120
2026-04-01 18:15:00,Lab_219_PC142,In Use,AnonUser_0066,45
2026-04-01 18:15:00,Lab_219_PC143,In Use,AnonUser_0029,30
2026-04-01 18:15:00,Lab_219_PC144,In Use,AnonUser_0119,120
2026-04-01 18:15:00,Lab_219_PC145,In Use,AnonUser_0031,105
2026-04-01 18:15:00,Lab_219_PC146,In Use,AnonUser_0093,75
2026-04-01 18:15:00,Lab_219_PC147,In Use,AnonUser_0153,150
2026-04-01 18:15:00,Lab_219_PC148,In Use,AnonUser_0024,75
2026-04-01 18:15:00,Lab_219_PC149,Offline,N/A,N/A
2026-04-01 18:15:00,Lab_219_PC150,In Use,AnonUser_0173,15
2026-04-01 18:15:00,Lab_219_PC151,Idle,AnonUser_0057,15
2026-04-01 18:15:00,Lab_219_PC152,Idle,AnonUser_0115,45
2026-04-01 18:15:00,Lab_219_PC153,In Use,AnonUser_0111,90
2026-04-01 18:15:00,Lab_219_PC154,In Use,AnonUser_0054,45
2026-04-01 18:15:00,Lab_219_PC155,In Use,AnonUser_0073,0
2026-04-01 18:15:00,Lab_219_PC156,In Use,AnonUser_0012,0
2026-04-01 18:15:00,Lab_219_PC157,In Use,AnonUser_0013,60
2026-04-01 18:15:00,Lab_219_PC158,In Use,AnonUser_0122,90
2026-04-01 18:15:00,Lab_219_PC159,In Use,AnonUser_0127,90
2026-04-01 18:15:00,Lab_219_PC160,Idle,AnonUser_0042,15
2026-04-01 18:15:00,Lab_219_PC161,Idle,AnonUser_0075,60
2026-04-01 18:15:00,Lab_219_PC162,In Use,AnonUser_0174,45
2026-04-01 18:15:00,Lab_219_PC163,In Use,AnonUser_0021,135
2026-04-01 18:15:00,Lab_219_PC164,In Use,AnonUser_0049,150
2026-04-01 18:15:00,Lab_219_PC165,Idle,AnonUser_0169,195
2026-04-01 18:15:00,Lab_219_PC166,In Use,AnonUser_0152,0
2026-04-01 18:15:00,Lab_219_PC167,In Use,AnonUser_0106,0
2026-04-01 18:15:00,Lab_219_PC168,Idle,AnonUser_0083,30
2026-04-01 18:15:00,Lab_219_PC169,Idle,AnonUser_0044,165
2026-04-01 18:15:00,Lab_219_PC170,In Use,AnonUser_0101,30
2026-04-01 18:15:00,Lab_219_PC171,Idle,AnonUser_0084,30
2026-04-01 18:15:00,Lab_219_PC172,In Use,AnonUser_0060,75
2026-04-01 18:15:00,Lab_219_PC173,In Use,AnonUser_0107,15
2026-04-01 18:15:00,Lab_219_PC174,In Use,AnonUser_0089,30
2026-04-01 18:15:00,Lab_219_PC175,In Use,AnonUser_0140,0
2026-04-01 18:15:00,Lab_219_PC176,Idle,AnonUser_0138,15
2026-04-01 18:15:00,Lab_219_PC177,In Use,AnonUser_0116,75
2026-04-01 18:15:00,Lab_219_PC178,In Use,AnonUser_0102,0
2026-04-01 18:15:00,Lab_219_PC179,In Use,AnonUser_0139,150
2026-04-01 18:30:00,Lab_202_PC001,In Use,AnonUser_0063,15
2026-04-01 18:30:00,Lab_202_PC002,In Use,AnonUser_0085,60
2026-04-01 18:30:00,Lab_202_PC003,In Use,AnonUser_0142,45
2026-04-01 18:30:00,Lab_202_PC004,In Use,AnonUser_0171,30
2026-04-01 18:30:00,Lab_202_PC005,In Use,AnonUser_0008,30
2026-04-01 18:30:00,Lab_202_PC006,In Use,AnonUser_0103,90
2026-04-01 18:30:00,Lab_202_PC007,In Use,AnonUser_0097,15
2026-04-01 18:30:00,Lab_202_PC008,Idle,AnonUser_0164,60
2026-04-01 18:30:00,Lab_202_PC009,In Use,AnonUser_0020,15
2026-04-01 18:30:00,Lab_202_PC010,In Use,AnonUser_0074,180
2026-04-01 18:30:00,Lab_202_PC011,In Use,AnonUser_0156,15
2026-04-01 18:30:00,Lab_202_PC012,Idle,AnonUser_0099,180
2026-04-01 18:30:00,Lab_202_PC013,Idle,AnonUser_0098,135
2026-04-01 18:30:00,Lab_202_PC014,In Use,AnonUser_0168,105
2026-04-01 18:30:00,Lab_202_PC015,In Use,AnonUser_0058,45
2026-04-01 18:30:00,Lab_202_PC016,In Use,AnonUser_0034,150
2026-04-01 18:30:00,Lab_202_PC017,In Use,AnonUser_0125,0
2026-04-01 18:30:00,Lab_202_PC018,In Use,AnonUser_0114,75
2026-04-01 18:30:00,Lab_202_PC019,In Use,AnonUser_0175,120
2026-04-01 18:30:00,Lab_202_PC020,In Use,AnonUser_0038,105
2026-04-01 18:30:00,Lab_202_PC021,In Use,AnonUser_0071,225
2026-04-01 18:30:00,Lab_202_PC022,In Use,AnonUser_0026,120
2026-04-01 18:30:00,Lab_202_PC023,Offline,N/A,N/A
2026-04-01 18:30:00,Lab_202_PC024,Idle,AnonUser_0163,120
2026-04-01 18:30:00,Lab_202_PC025,In Use,AnonUser_0179,135
2026-04-01 18:30:00,Lab_202_PC026,In Use,AnonUser_0120,180
2026-04-01 18:30:00,Lab_202_PC027,In Use,AnonUser_0165,0
2026-04-01 18:30:00,Lab_202_PC028,Idle,AnonUser_0033,15
2026-04-01 18:30:00,Lab_202_PC029,In Use,AnonUser_0129,0
2026-04-01 18:30:00,Lab_202_PC030,In Use,AnonUser_0079,120
2026-04-01 18:30:00,Lab_206_PC031,Idle,AnonUser_0014,75
2026-04-01 18:30:00,Lab_206_PC032,In Use,AnonUser_0105,30
2026-04-01 18:30:00,Lab_206_PC033,In Use,AnonUser_0145,45
2026-04-01 18:30:00,Lab_206_PC034,In Use,AnonUser_0109,45
2026-04-01 18:30:00,Lab_206_PC035,Offline,N/A,N/A
2026-04-01 18:30:00,Lab_206_PC036,In Use,AnonUser_0176,195
2026-04-01 18:30:00,Lab_206_PC037,In Use,AnonUser_0002,15
2026-04-01 18:30:00,Lab_206_PC038,In Use,AnonUser_0047,120
2026-04-01 18:30:00,Lab_206_PC039,In Use,AnonUser_0177,30
2026-04-01 18:30:00,Lab_206_PC040,In Use,AnonUser_0032,105
2026-04-01 18:30:00,Lab_206_PC041,In Use,AnonUser_0016,45
2026-04-01 18:30:00,Lab_206_PC042,In Use,AnonUser_0158,15
2026-04-01 18:30:00,Lab_206_PC043,In Use,AnonUser_0170,15
2026-04-01 18:30:00,Lab_206_PC044,In Use,AnonUser_0018,180
2026-04-01 18:30:00,Lab_206_PC045,Idle,AnonUser_0043,75
2026-04-01 18:30:00,Lab_206_PC046,Offline,N/A,N/A
2026-04-01 18:30:00,Lab_206_PC047,Offline,N/A,N/A
2026-04-01 18:30:00,Lab_206_PC048,In Use,AnonUser_0144,105
2026-04-01 18:30:00,Lab_206_PC049,In Use,AnonUser_0110,120
2026-04-01 18:30:00,Lab_206_PC050,In Use,AnonUser_0003,15
2026-04-01 18:30:00,Lab_206_PC051,In Use,AnonUser_0001,45
2026-04-01 18:30:00,Lab_206_PC052,In Use,AnonUser_0100,120
2026-04-01 18:30:00,Lab_206_PC053,In Use,AnonUser_0004,180
2026-04-01 18:30:00,Lab_206_PC054,In Use,AnonUser_0086,45
2026-04-01 18:30:00,Lab_206_PC055,In Use,AnonUser_0009,135
2026-04-01 18:30:00,Lab_206_PC056,In Use,AnonUser_0006,90
2026-04-01 18:30:00,Lab_206_PC057,In Use,AnonUser_0166,60
2026-04-01 18:30:00,Lab_206_PC058,Idle,AnonUser_0040,15
2026-04-01 18:30:00,Lab_206_PC059,In Use,AnonUser_0011,0
2026-04-01 18:30:00,Lab_206_PC060,Idle,AnonUser_0149,105
2026-04-01 18:30:00,Lab_210_PC061,Idle,AnonUser_0124,90
2026-04-01 18:30:00,Lab_210_PC062,In Use,AnonUser_0065,15
2026-04-01 18:30:00,Lab_210_PC063,In Use,AnonUser_0052,15
2026-04-01 18:30:00,Lab_210_PC064,Idle,AnonUser_0027,0
2026-04-01 18:30:00,Lab_210_PC065,In Use,AnonUser_0045,30
2026-04-01 18:30:00,Lab_210_PC066,In Use,AnonUser_0010,15
2026-04-01 18:30:00,Lab_210_PC067,In Use,AnonUser_0019,60
2026-04-01 18:30:00,Lab_210_PC068,In Use,AnonUser_0087,60
2026-04-01 18:30:00,Lab_210_PC069,In Use,AnonUser_0112,0
2026-04-01 18:30:00,Lab_210_PC070,Idle,AnonUser_0036,15
2026-04-01 18:30:00,Lab_210_PC071,In Use,AnonUser_0155,90
2026-04-01 18:30:00,Lab_210_PC072,In Use,AnonUser_0151,75
2026-04-01 18:30:00,Lab_210_PC073,Idle,AnonUser_0161,60
2026-04-01 18:30:00,Lab_210_PC074,In Use,AnonUser_0068,0
2026-04-01 18:30:00,Lab_210_PC075,In Use,AnonUser_0017,60
2026-04-01 18:30:00,Lab_210_PC076,Offline,N/A,N/A
2026-04-01 18:30:00,Lab_210_PC077,In Use,AnonUser_0072,0
2026-04-01 18:30:00,Lab_210_PC078,In Use,AnonUser_0064,135
2026-04-01 18:30:00,Lab_210_PC079,In Use,AnonUser_0080,195
2026-04-01 18:30:00,Lab_210_PC080,In Use,AnonUser_0088,90
2026-04-01 18:30:00,Lab_210_PC081,Offline,N/A,N/A
2026-04-01 18:30:00,Lab_219_PC082,Idle,AnonUser_0118,210
2026-04-01 18:30:00,Lab_219_PC083,In Use,AnonUser_0067,165
2026-04-01 18:30:00,Lab_219_PC084,Offline,N/A,N/A
2026-04-01 18:30:00,Lab_219_PC085,Offline,N/A,N/A
2026-04-01 18:30:00,Lab_219_PC086,In Use,AnonUser_0041,0
2026-04-01 18:30:00,Lab_219_PC087,In Use,AnonUser_0128,0
2026-04-01 18:30:00,Lab_219_PC088,Offline,N/A,N/A
2026-04-01 18:30:00,Lab_219_PC089,In Use,AnonUser_0133,15
2026-04-01 18:30:00,Lab_219_PC090,In Use,AnonUser_0025,0
2026-04-01 18:30:00,Lab_219_PC091,In Use,AnonUser_0081,15
2026-04-01 18:30:00,Lab_219_PC092,In Use,AnonUser_0172,45
2026-04-01 18:30:00,Lab_219_PC093,In Use,AnonUser_0082,195
2026-04-01 18:30:00,Lab_219_PC094,In Use,AnonUser_0028,45
2026-04-01 18:30:00,Lab_219_PC095,Offline,N/A,N/A
2026-04-01 18:30:00,Lab_219_PC096,In Use,AnonUser_0159,90
2026-04-01 18:30:00,Lab_219_PC097,In Use,AnonUser_0136,75
2026-04-01 18:30:00,Lab_219_PC098,In Use,AnonUser_0053,150
2026-04-01 18:30:00,Lab_219_PC099,Idle,AnonUser_0048,165
2026-04-01 18:30:00,Lab_219_PC100,Idle,AnonUser_0056,180
2026-04-01 18:30:00,Lab_219_PC101,In Use,AnonUser_0022,225
2026-04-01 18:30:00,Lab_219_PC102,In Use,AnonUser_0046,60
2026-04-01 18:30:00,Lab_219_PC103,In Use,AnonUser_0092,90
2026-04-01 18:30:00,Lab_219_PC104,In Use,AnonUser_0131,135
2026-04-01 18:30:00,Lab_219_PC105,Idle,AnonUser_0146,75
2026-04-01 18:30:00,Lab_219_PC106,In Use,AnonUser_0134,120
2026-04-01 18:30:00,Lab_219_PC107,In Use,AnonUser_0078,105
2026-04-01 18:30:00,Lab_219_PC108,In Use,AnonUser_0055,15
2026-04-01 18:30:00,Lab_219_PC109,In Use,AnonUser_0023,45
2026-04-01 18:30:00,Lab_219_PC110,In Use,AnonUser_0005,90
2026-04-01 18:30:00,Lab_219_PC111,In Use,AnonUser_0178,15
2026-04-01 18:30:00,Lab_219_PC112,In Use,AnonUser_0076,75
2026-04-01 18:30:00,Lab_219_PC113,Offline,N/A,N/A
2026-04-01 18:30:00,Lab_219_PC114,In Use,AnonUser_0121,0
2026-04-01 18:30:00,Lab_219_PC115,Idle,AnonUser_0130,165
2026-04-01 18:30:00,Lab_219_PC116,In Use,AnonUser_0030,120
2026-04-01 18:30:00,Lab_219_PC117,In Use,AnonUser_0162,60
2026-04-01 18:30:00,Lab_219_PC118,In Use,AnonUser_0050,120
2026-04-01 18:30:00,Lab_219_PC119,Idle,AnonUser_0154,165
2026-04-01 18:30:00,Lab_219_PC120,In Use,AnonUser_0059,75
2026-04-01 18:30:00,Lab_219_PC121,In Use,AnonUser_0007,15
2026-04-01 18:30:00,Lab_219_PC122,Offline,N/A,N/A
2026-04-01 18:30:00,Lab_219_PC123,In Use,AnonUser_0143,30
2026-04-01 18:30:00,Lab_219_PC124,In Use,AnonUser_0157,75
2026-04-01 18:30:00,Lab_219_PC125,Offline,N/A,N/A
2026-04-01 18:30:00,Lab_219_PC126,In Use,AnonUser_0108,90
2026-04-01 18:30:00,Lab_219_PC127,In Use,AnonUser_0141,30
2026-04-01 18:30:00,Lab_219_PC128,Offline,N/A,N/A
2026-04-01 18:30:00,Lab_219_PC129,In Use,AnonUser_0148,135
2026-04-01 18:30:00,Lab_219_PC130,In Use,AnonUser_0167,105
2026-04-01 18:30:00,Lab_219_PC131,In Use,AnonUser_0123,210
2026-04-01 18:30:00,Lab_219_PC132,In Use,AnonUser_0077,45
2026-04-01 18:30:00,Lab_219_PC133,In Use,AnonUser_0062,165
2026-04-01 18:30:00,Lab_219_PC134,In Use,AnonUser_0015,0
2026-04-01 18:30:00,Lab_219_PC135,In Use,AnonUser_0039,180
2026-04-01 18:30:00,Lab_219_PC136,In Use,AnonUser_0160,15
2026-04-01 18:30:00,Lab_219_PC137,In Use,AnonUser_0091,0
2026-04-01 18:30:00,Lab_219_PC138,Idle,AnonUser_0132,75
2026-04-01 18:30:00,Lab_219_PC139,Idle,AnonUser_0147,105
2026-04-01 18:30:00,Lab_219_PC140,Offline,N/A,N/A
2026-04-01 18:30:00,Lab_219_PC141,In Use,AnonUser_0035,105
2026-04-01 18:30:00,Lab_219_PC142,In Use,AnonUser_0066,30
2026-04-01 18:30:00,Lab_219_PC143,In Use,AnonUser_0029,15
2026-04-01 18:30:00,Lab_219_PC144,In Use,AnonUser_0119,105
2026-04-01 18:30:00,Lab_219_PC145,In Use,AnonUser_0031,90
2026-04-01 18:30:00,Lab_219_PC146,Idle,AnonUser_0093,60
2026-04-01 18:30:00,Lab_219_PC147,In Use,AnonUser_0153,135
2026-04-01 18:30:00,Lab_219_PC148,Idle,AnonUser_0024,60
2026-04-01 18:30:00,Lab_219_PC149,Offline,N/A,N/A
2026-04-01 18:30:00,Lab_219_PC150,Idle,AnonUser_0173,0
2026-04-01 18:30:00,Lab_219_PC151,Idle,AnonUser_0057,0
2026-04-01 18:30:00,Lab_219_PC152,In Use,AnonUser_0115,30
2026-04-01 18:30:00,Lab_219_PC153,In Use,AnonUser_0111,75
2026-04-01 18:30:00,Lab_219_PC154,Idle,AnonUser_0054,30
2026-04-01 18:30:00,Lab_219_PC155,Offline,N/A,N/A
2026-04-01 18:30:00,Lab_219_PC156,Idle,AnonUser_0126,30
2026-04-01 18:30:00,Lab_219_PC157,Idle,AnonUser_0013,45
2026-04-01 18:30:00,Lab_219_PC158,In Use,AnonUser_0122,75
2026-04-01 18:30:00,Lab_219_PC159,In Use,AnonUser_0127,75
2026-04-01 18:30:00,Lab_219_PC160,In Use,AnonUser_0042,0
2026-04-01 18:30:00,Lab_219_PC161,Idle,AnonUser_0075,45
2026-04-01 18:30:00,Lab_219_PC162,In Use,AnonUser_0174,30
2026-04-01 18:30:00,Lab_219_PC163,In Use,AnonUser_0021,120
2026-04-01 18:30:00,Lab_219_PC164,In Use,AnonUser_0049,135
2026-04-01 18:30:00,Lab_219_PC165,In Use,AnonUser_0169,180
2026-04-01 18:30:00,Lab_219_PC166,Offline,N/A,N/A
2026-04-01 18:30:00,Lab_219_PC167,Offline,N/A,N/A
2026-04-01 18:30:00,Lab_219_PC168,In Use,AnonUser_0083,15
2026-04-01 18:30:00,Lab_219_PC169,In Use,AnonUser_0044,150
2026-04-01 18:30:00,Lab_219_PC170,In Use,AnonUser_0101,15
2026-04-01 18:30:00,Lab_219_PC171,Idle,AnonUser_0084,15
2026-04-01 18:30:00,Lab_219_PC172,In Use,AnonUser_0060,60
2026-04-01 18:30:00,Lab_219_PC173,Idle,AnonUser_0107,0
2026-04-01 18:30:00,Lab_219_PC174,In Use,AnonUser_0089,15
2026-04-01 18:30:00,Lab_219_PC175,Offline,N/A,N/A
2026-04-01 18:30:00,Lab_219_PC176,In Use,AnonUser_0138,0
2026-04-01 18:30:00,Lab_219_PC177,In Use,AnonUser_0116,60
2026-04-01 18:30:00,Lab_219_PC178,In Use,AnonUser_0117,195
2026-04-01 18:30:00,Lab_219_PC179,In Use,AnonUser_0139,135
2026-04-01 18:45:00,Lab_202_PC001,In Use,AnonUser_0063,0
2026-04-01 18:45:00,Lab_202_PC002,Idle,AnonUser_0085,45
2026-04-01 18:45:00,Lab_202_PC003,In Use,AnonUser_0142,30
2026-04-01 18:45:00,Lab_202_PC004,In Use,AnonUser_0171,15
2026-04-01 18:45:00,Lab_202_PC005,In Use,AnonUser_0008,15
2026-04-01 18:45:00,Lab_202_PC006,In Use,AnonUser_0103,75
2026-04-01 18:45:00,Lab_202_PC007,In Use,AnonUser_0097,0
2026-04-01 18:45:00,Lab_202_PC008,In Use,AnonUser_0164,45
2026-04-01 18:45:00,Lab_202_PC009,In Use,AnonUser_0020,0
2026-04-01 18:45:00,Lab_202_PC010,In Use,AnonUser_0074,165
2026-04-01 18:45:00,Lab_202_PC011,In Use,AnonUser_0156,0
2026-04-01 18:45:00,Lab_202_PC012,In Use,AnonUser_0099,165
2026-04-01 18:45:00,Lab_202_PC013,In Use,AnonUser_0098,120
2026-04-01 18:45:00,Lab_202_PC014,In Use,AnonUser_0168,90
2026-04-01 18:45:00,Lab_202_PC015,In Use,AnonUser_0058,30
2026-04-01 18:45:00,Lab_202_PC016,In Use,AnonUser_0034,135
2026-04-01 18:45:00,Lab_202_PC017,Offline,N/A,N/A
2026-04-01 18:45:00,Lab_202_PC018,In Use,AnonUser_0114,60
2026-04-01 18:45:00,Lab_202_PC019,In Use,AnonUser_0175,105
2026-04-01 18:45:00,Lab_202_PC020,In Use,AnonUser_0038,90
2026-04-01 18:45:00,Lab_202_PC021,In Use,AnonUser_0071,210
2026-04-01 18:45:00,Lab_202_PC022,In Use,AnonUser_0026,105
2026-04-01 18:45:00,Lab_202_PC023,Offline,N/A,N/A
2026-04-01 18:45:00,Lab_202_PC024,Idle,AnonUser_0163,105
2026-04-01 18:45:00,Lab_202_PC025,In Use,AnonUser_0179,120
2026-04-01 18:45:00,Lab_202_PC026,In Use,AnonUser_0120,165
2026-04-01 18:45:00,Lab_202_PC027,In Use,AnonUser_0069,75
2026-04-01 18:45:00,Lab_202_PC028,In Use,AnonUser_0033,0
2026-04-01 18:45:00,Lab_202_PC029,Offline,N/A,N/A
2026-04-01 18:45:00,Lab_202_PC030,In Use,AnonUser_0079,105
2026-04-01 18:45:00,Lab_206_PC031,In Use,AnonUser_0014,60
2026-04-01 18:45:00,Lab_206_PC032,In Use,AnonUser_0105,15
2026-04-01 18:45:00,Lab_206_PC033,In Use,AnonUser_0145,30
2026-04-01 18:45:00,Lab_206_PC034,In Use,AnonUser_0109,30
2026-04-01 18:45:00,Lab_206_PC035,Offline,N/A,N/A
2026-04-01 18:45:00,Lab_206_PC036,In Use,AnonUser_0176,180
2026-04-01 18:45:00,Lab_206_PC037,In Use,AnonUser_0002,0
2026-04-01 18:45:00,Lab_206_PC038,In Use,AnonUser_0047,105
2026-04-01 18:45:00,Lab_206_PC039,In Use,AnonUser_0177,15
2026-04-01 18:45:00,Lab_206_PC040,In Use,AnonUser_0032,90
2026-04-01 18:45:00,Lab_206_PC041,In Use,AnonUser_0016,30
2026-04-01 18:45:00,Lab_206_PC042,Idle,AnonUser_0158,0
2026-04-01 18:45:00,Lab_206_PC043,In Use,AnonUser_0170,0
2026-04-01 18:45:00,Lab_206_PC044,In Use,AnonUser_0018,165
2026-04-01 18:45:00,Lab_206_PC045,In Use,AnonUser_0043,60
2026-04-01 18:45:00,Lab_206_PC046,Offline,N/A,N/A
2026-04-01 18:45:00,Lab_206_PC047,Idle,AnonUser_0051,30
2026-04-01 18:45:00,Lab_206_PC048,In Use,AnonUser_0144,90
2026-04-01 18:45:00,Lab_206_PC049,In Use,AnonUser_0110,105
2026-04-01 18:45:00,Lab_206_PC050,In Use,AnonUser_0003,0
2026-04-01 18:45:00,Lab_206_PC051,Idle,AnonUser_0001,30
2026-04-01 18:45:00,Lab_206_PC052,In Use,AnonUser_0100,105
2026-04-01 18:45:00,Lab_206_PC053,In Use,AnonUser_0004,165
2026-04-01 18:45:00,Lab_206_PC054,Idle,AnonUser_0086,30
2026-04-01 18:45:00,Lab_206_PC055,In Use,AnonUser_0009,120
2026-04-01 18:45:00,Lab_206_PC056,In Use,AnonUser_0006,75
2026-04-01 18:45:00,Lab_206_PC057,Idle,AnonUser_0166,45
2026-04-01 18:45:00,Lab_206_PC058,Idle,AnonUser_0040,0
2026-04-01 18:45:00,Lab_206_PC059,Offline,N/A,N/A
2026-04-01 18:45:00,Lab_206_PC060,In Use,AnonUser_0149,90
2026-04-01 18:45:00,Lab_210_PC061,Idle,AnonUser_0124,75
2026-04-01 18:45:00,Lab_210_PC062,In Use,AnonUser_0065,0
2026-04-01 18:45:00,Lab_210_PC063,In Use,AnonUser_0052,0
2026-04-01 18:45:00,Lab_210_PC064,In Use,AnonUser_0152,225
2026-04-01 18:45:00,Lab_210_PC065,In Use,AnonUser_0045,15
2026-04-01 18:45:00,Lab_210_PC066,In Use,AnonUser_0010,0
2026-04-01 18:45:00,Lab_210_PC067,In Use,AnonUser_0019,45
2026-04-01 18:45:00,Lab_210_PC068,In Use,AnonUser_0087,45
2026-04-01 18:45:00,Lab_210_PC069,In Use,AnonUser_0070,15
2026-04-01 18:45:00,Lab_210_PC070,In Use,AnonUser_0036,0
2026-04-01 18:45:00,Lab_210_PC071,In Use,AnonUser_0155,75
2026-04-01 18:45:00,Lab_210_PC072,In Use,AnonUser_0151,60
2026-04-01 18:45:00,Lab_210_PC073,In Use,AnonUser_0161,45
2026-04-01 18:45:00,Lab_210_PC074,Offline,N/A,N/A
2026-04-01 18:45:00,Lab_210_PC075,In Use,AnonUser_0017,45
2026-04-01 18:45:00,Lab_210_PC076,In Use,AnonUser_0073,210
2026-04-01 18:45:00,Lab_210_PC077,In Use,AnonUser_0135,135
2026-04-01 18:45:00,Lab_210_PC078,In Use,AnonUser_0064,120
2026-04-01 18:45:00,Lab_210_PC079,In Use,AnonUser_0080,180
2026-04-01 18:45:00,Lab_210_PC080,In Use,AnonUser_0088,75
2026-04-01 18:45:00,Lab_210_PC081,Offline,N/A,N/A
2026-04-01 18:45:00,Lab_219_PC082,In Use,AnonUser_0118,195
2026-04-01 18:45:00,Lab_219_PC083,In Use,AnonUser_0067,150
2026-04-01 18:45:00,Lab_219_PC084,Offline,N/A,N/A
2026-04-01 18:45:00,Lab_219_PC085,In Use,AnonUser_0096,180
2026-04-01 18:45:00,Lab_219_PC086,Idle,AnonUser_0113,195
2026-04-01 18:45:00,Lab_219_PC087,In Use,AnonUser_0094,150
2026-04-01 18:45:00,Lab_219_PC088,In Use,AnonUser_0140,60
2026-04-01 18:45:00,Lab_219_PC089,In Use,AnonUser_0133,0
2026-04-01 18:45:00,Lab_219_PC090,Offline,N/A,N/A
2026-04-01 18:45:00,Lab_219_PC091,In Use,AnonUser_0081,0
2026-04-01 18:45:00,Lab_219_PC092,In Use,AnonUser_0172,30
2026-04-01 18:45:00,Lab_219_PC093,In Use,AnonUser_0082,180
2026-04-01 18:45:00,Lab_219_PC094,In Use,AnonUser_0028,30
2026-04-01 18:45:00,Lab_219_PC095,Offline,N/A,N/A
2026-04-01 18:45:00,Lab_219_PC096,In Use,AnonUser_0159,75
2026-04-01 18:45:00,Lab_219_PC097,In Use,AnonUser_0136,60
2026-04-01 18:45:00,Lab_219_PC098,In Use,AnonUser_0053,135
2026-04-01 18:45:00,Lab_219_PC099,In Use,AnonUser_0048,150
2026-04-01 18:45:00,Lab_219_PC100,In Use,AnonUser_0056,165
2026-04-01 18:45:00,Lab_219_PC101,In Use,AnonUser_0022,210
2026-04-01 18:45:00,Lab_219_PC102,In Use,AnonUser_0046,45
2026-04-01 18:45:00,Lab_219_PC103,Idle,AnonUser_0092,75
2026-04-01 18:45:00,Lab_219_PC104,In Use,AnonUser_0131,120
2026-04-01 18:45:00,Lab_219_PC105,In Use,AnonUser_0146,60
2026-04-01 18:45:00,Lab_219_PC106,In Use,AnonUser_0134,105
2026-04-01 18:45:00,Lab_219_PC107,In Use,AnonUser_0078,90
2026-04-01 18:45:00,Lab_219_PC108,In Use,AnonUser_0055,0
2026-04-01 18:45:00,Lab_219_PC109,In Use,AnonUser_0023,30
2026-04-01 18:45:00,Lab_219_PC110,In Use,AnonUser_0005,75
2026-04-01 18:45:00,Lab_219_PC111,In Use,AnonUser_0178,0
2026-04-01 18:45:00,Lab_219_PC112,In Use,AnonUser_0076,60
2026-04-01 18:45:00,Lab_219_PC113,In Use,AnonUser_0011,180
2026-04-01 18:45:00,Lab_219_PC114,In Use,AnonUser_0106,75
2026-04-01 18:45:00,Lab_219_PC115,In Use,AnonUser_0130,150
2026-04-01 18:45:00,Lab_219_PC116,In Use,AnonUser_0030,105
2026-04-01 18:45:00,Lab_219_PC117,In Use,AnonUser_0162,45
2026-04-01 18:45:00,Lab_219_PC118,In Use,AnonUser_0050,105
2026-04-01 18:45:00,Lab_219_PC119,In Use,AnonUser_0154,150
2026-04-01 18:45:00,Lab_219_PC120,In Use,AnonUser_0059,60
2026-04-01 18:45:00,Lab_219_PC121,In Use,AnonUser_0007,0
2026-04-01 18:45:00,Lab_219_PC122,In Use,AnonUser_0068,135
2026-04-01 18:45:00,Lab_219_PC123,In Use,AnonUser_0143,15
2026-04-01 18:45:00,Lab_219_PC124,In Use,AnonUser_0157,60
2026-04-01 18:45:00,Lab_219_PC125,Offline,N/A,N/A
2026-04-01 18:45:00,Lab_219_PC126,In Use,AnonUser_0108,75
2026-04-01 18:45:00,Lab_219_PC127,In Use,AnonUser_0141,15
2026-04-01 18:45:00,Lab_219_PC128,Idle,AnonUser_0037,135
2026-04-01 18:45:00,Lab_219_PC129,In Use,AnonUser_0148,120
2026-04-01 18:45:00,Lab_219_PC130,In Use,AnonUser_0167,90
2026-04-01 18:45:00,Lab_219_PC131,In Use,AnonUser_0123,195
2026-04-01 18:45:00,Lab_219_PC132,In Use,AnonUser_0077,30
2026-04-01 18:45:00,Lab_219_PC133,In Use,AnonUser_0062,150
2026-04-01 18:45:00,Lab_219_PC134,Offline,N/A,N/A
2026-04-01 18:45:00,Lab_219_PC135,Idle,AnonUser_0039,165
2026-04-01 18:45:00,Lab_219_PC136,In Use,AnonUser_0160,0
2026-04-01 18:45:00,Lab_219_PC137,Offline,N/A,N/A
2026-04-01 18:45:00,Lab_219_PC138,In Use,AnonUser_0132,60
2026-04-01 18:45:00,Lab_219_PC139,In Use,AnonUser_0147,90
2026-04-01 18:45:00,Lab_219_PC140,Offline,N/A,N/A
2026-04-01 18:45:00,Lab_219_PC141,In Use,AnonUser_0035,90
2026-04-01 18:45:00,Lab_219_PC142,In Use,AnonUser_0066,15
2026-04-01 18:45:00,Lab_219_PC143,In Use,AnonUser_0029,0
2026-04-01 18:45:00,Lab_219_PC144,In Use,AnonUser_0119,90
2026-04-01 18:45:00,Lab_219_PC145,In Use,AnonUser_0031,75
2026-04-01 18:45:00,Lab_219_PC146,In Use,AnonUser_0093,45
2026-04-01 18:45:00,Lab_219_PC147,In Use,AnonUser_0153,120
2026-04-01 18:45:00,Lab_219_PC148,In Use,AnonUser_0024,45
2026-04-01 18:45:00,Lab_219_PC149,Idle,AnonUser_0041,135
2026-04-01 18:45:00,Lab_219_PC150,Idle,AnonUser_0125,45
2026-04-01 18:45:00,Lab_219_PC151,Offline,N/A,N/A
2026-04-01 18:45:00,Lab_219_PC152,In Use,AnonUser_0115,15
2026-04-01 18:45:00,Lab_219_PC153,In Use,AnonUser_0111,60
2026-04-01 18:45:00,Lab_219_PC154,Idle,AnonUser_0054,15
2026-04-01 18:45:00,Lab_219_PC155,Idle,AnonUser_0072,195
2026-04-01 18:45:00,Lab_219_PC156,In Use,AnonUser_0126,15
2026-04-01 18:45:00,Lab_219_PC157,In Use,AnonUser_0013,30
2026-04-01 18:45:00,Lab_219_PC158,In Use,AnonUser_0122,60
2026-04-01 18:45:00,Lab_219_PC159,In Use,AnonUser_0127,60
2026-04-01 18:45:00,Lab_219_PC160,Offline,N/A,N/A
2026-04-01 18:45:00,Lab_219_PC161,In Use,AnonUser_0075,30
2026-04-01 18:45:00,Lab_219_PC162,In Use,AnonUser_0174,15
2026-04-01 18:45:00,Lab_219_PC163,In Use,AnonUser_0021,105
2026-04-01 18:45:00,Lab_219_PC164,In Use,AnonUser_0049,120
2026-04-01 18:45:00,Lab_219_PC165,In Use,AnonUser_0169,165
2026-04-01 18:45:00,Lab_219_PC166,Offline,N/A,N/A
2026-04-01 18:45:00,Lab_219_PC167,Idle,AnonUser_0015,90
2026-04-01 18:45:00,Lab_219_PC168,In Use,AnonUser_0083,0
2026-04-01 18:45:00,Lab_219_PC169,In Use,AnonUser_0044,135
2026-04-01 18:45:00,Lab_219_PC170,In Use,AnonUser_0101,0
2026-04-01 18:45:00,Lab_219_PC171,In Use,AnonUser_0084,0
2026-04-01 18:45:00,Lab_219_PC172,Idle,AnonUser_0060,45
2026-04-01 18:45:00,Lab_219_PC173,In Use,AnonUser_0027,150
2026-04-01 18:45:00,Lab_219_PC174,In Use,AnonUser_0089,0
2026-04-01 18:45:00,Lab_219_PC175,Offline,N/A,N/A
2026-04-01 18:45:00,Lab_219_PC176,Idle,AnonUser_0091,210
2026-04-01 18:45:00,Lab_219_PC177,In Use,AnonUser_0116,45
2026-04-01 18:45:00,Lab_219_PC178,In Use,AnonUser_0117,180
2026-04-01 18:45:00,Lab_219_PC179,In Use,AnonUser_0139,120
2026-04-01 19:00:00,Lab_202_PC001,Offline,N/A,N/A
2026-04-01 19:00:00,Lab_202_PC002,In Use,AnonUser_0085,30
2026-04-01 19:00:00,Lab_202_PC003,In Use,AnonUser_0142,15
2026-04-01 19:00:00,Lab_202_PC004,In Use,AnonUser_0171,0
2026-04-01 19:00:00,Lab_202_PC005,In Use,AnonUser_0008,0
2026-04-01 19:00:00,Lab_202_PC006,In Use,AnonUser_0103,60
2026-04-01 19:00:00,Lab_202_PC007,Idle,AnonUser_0061,105
2026-04-01 19:00:00,Lab_202_PC008,In Use,AnonUser_0164,30
2026-04-01 19:00:00,Lab_202_PC009,Idle,AnonUser_0165,60
2026-04-01 19:00:00,Lab_202_PC010,In Use,AnonUser_0074,150
2026-04-01 19:00:00,Lab_202_PC011,Offline,N/A,N/A
2026-04-01 19:00:00,Lab_202_PC012,Idle,AnonUser_0099,150
2026-04-01 19:00:00,Lab_202_PC013,In Use,AnonUser_0098,105
2026-04-01 19:00:00,Lab_202_PC014,In Use,AnonUser_0168,75
2026-04-01 19:00:00,Lab_202_PC015,In Use,AnonUser_0058,15
2026-04-01 19:00:00,Lab_202_PC016,In Use,AnonUser_0034,120
2026-04-01 19:00:00,Lab_202_PC017,Offline,N/A,N/A
2026-04-01 19:00:00,Lab_202_PC018,In Use,AnonUser_0114,45
2026-04-01 19:00:00,Lab_202_PC019,In Use,AnonUser_0175,90
2026-04-01 19:00:00,Lab_202_PC020,In Use,AnonUser_0038,75
2026-04-01 19:00:00,Lab_202_PC021,In Use,AnonUser_0071,195
2026-04-01 19:00:00,Lab_202_PC022,In Use,AnonUser_0026,90
2026-04-01 19:00:00,Lab_202_PC023,Idle,AnonUser_0097,30
2026-04-01 19:00:00,Lab_202_PC024,Idle,AnonUser_0163,90
2026-04-01 19:00:00,Lab_202_PC025,Idle,AnonUser_0179,105
2026-04-01 19:00:00,Lab_202_PC026,In Use,AnonUser_0120,150
2026-04-01 19:00:00,Lab_202_PC027,In Use,AnonUser_0069,60
2026-04-01 19:00:00,Lab_202_PC028,Idle,AnonUser_0150,0
2026-04-01 19:00:00,Lab_202_PC029,Offline,N/A,N/A
2026-04-01 19:00:00,Lab_202_PC030,Idle,AnonUser_0079,90
2026-04-01 19:00:00,Lab_206_PC031,In Use,AnonUser_0014,45
2026-04-01 19:00:00,Lab_206_PC032,In Use,AnonUser_0105,0
2026-04-01 19:00:00,Lab_206_PC033,In Use,AnonUser_0145,15
2026-04-01 19:00:00,Lab_206_PC034,Idle,AnonUser_0109,15
2026-04-01 19:00:00,Lab_206_PC035,Offline,N/A,N/A
2026-04-01 19:00:00,Lab_206_PC036,Idle,AnonUser_0176,165
2026-04-01 19:00:00,Lab_206_PC037,Idle,AnonUser_0090,45
2026-04-01 19:00:00,Lab_206_PC038,In Use,AnonUser_0047,90
2026-04-01 19:00:00,Lab_206_PC039,In Use,AnonUser_0177,0
2026-04-01 19:00:00,Lab_206_PC040,In Use,AnonUser_0032,75
2026-04-01 19:00:00,Lab_206_PC041,Idle,AnonUser_0016,15
2026-04-01 19:00:00,Lab_206_PC042,Offline,N/A,N/A
2026-04-01 19:00:00,Lab_206_PC043,Offline,N/A,N/A
2026-04-01 19:00:00,Lab_206_PC044,Idle,AnonUser_0018,150
2026-04-01 19:00:00,Lab_206_PC045,In Use,AnonUser_0043,45
2026-04-01 19:00:00,Lab_206_PC046,Offline,N/A,N/A
2026-04-01 19:00:00,Lab_206_PC047,In Use,AnonUser_0051,15
2026-04-01 19:00:00,Lab_206_PC048,In Use,AnonUser_0144,75
2026-04-01 19:00:00,Lab_206_PC049,In Use,AnonUser_0110,90
2026-04-01 19:00:00,Lab_206_PC050,Idle,AnonUser_0158,180
2026-04-01 19:00:00,Lab_206_PC051,In Use,AnonUser_0001,15
2026-04-01 19:00:00,Lab_206_PC052,In Use,AnonUser_0100,90
2026-04-01 19:00:00,Lab_206_PC053,In Use,AnonUser_0004,150
2026-04-01 19:00:00,Lab_206_PC054,In Use,AnonUser_0086,15
2026-04-01 19:00:00,Lab_206_PC055,In Use,AnonUser_0009,105
2026-04-01 19:00:00,Lab_206_PC056,In Use,AnonUser_0006,60
2026-04-01 19:00:00,Lab_206_PC057,In Use,AnonUser_0166,30
2026-04-01 19:00:00,Lab_206_PC058,In Use,AnonUser_0012,75
2026-04-01 19:00:00,Lab_206_PC059,Offline,N/A,N/A
2026-04-01 19:00:00,Lab_206_PC060,In Use,AnonUser_0149,75
2026-04-01 19:00:00,Lab_210_PC061,In Use,AnonUser_0124,60
2026-04-01 19:00:00,Lab_210_PC062,Offline,N/A,N/A
2026-04-01 19:00:00,Lab_210_PC063,Idle,AnonUser_0112,75
2026-04-01 19:00:00,Lab_210_PC064,In Use,AnonUser_0152,210
2026-04-01 19:00:00,Lab_210_PC065,In Use,AnonUser_0045,0
2026-04-01 19:00:00,Lab_210_PC066,In Use,AnonUser_0129,120
2026-04-01 19:00:00,Lab_210_PC067,In Use,AnonUser_0019,30
2026-04-01 19:00:00,Lab_210_PC068,In Use,AnonUser_0087,30
2026-04-01 19:00:00,Lab_210_PC069,In Use,AnonUser_0070,0
2026-04-01 19:00:00,Lab_210_PC070,Offline,N/A,N/A
2026-04-01 19:00:00,Lab_210_PC071,In Use,AnonUser_0155,60
2026-04-01 19:00:00,Lab_210_PC072,In Use,AnonUser_0151,45
2026-04-01 19:00:00,Lab_210_PC073,In Use,AnonUser_0161,30
2026-04-01 19:00:00,Lab_210_PC074,Offline,N/A,N/A
2026-04-01 19:00:00,Lab_210_PC075,Idle,AnonUser_0017,30
2026-04-01 19:00:00,Lab_210_PC076,In Use,AnonUser_0073,195
2026-04-01 19:00:00,Lab_210_PC077,In Use,AnonUser_0135,120
2026-04-01 19:00:00,Lab_210_PC078,In Use,AnonUser_0064,105
2026-04-01 19:00:00,Lab_210_PC079,In Use,AnonUser_0080,165
2026-04-01 19:00:00,Lab_210_PC080,In Use,AnonUser_0088,60
2026-04-01 19:00:00,Lab_210_PC081,Offline,N/A,N/A
2026-04-01 19:00:00,Lab_219_PC082,In Use,AnonUser_0118,180
2026-04-01 19:00:00,Lab_219_PC083,In Use,AnonUser_0067,135
2026-04-01 19:00:00,Lab_219_PC084,In Use,AnonUser_0042,135
2026-04-01 19:00:00,Lab_219_PC085,In Use,AnonUser_0096,165
2026-04-01 19:00:00,Lab_219_PC086,Idle,AnonUser_0113,180
2026-04-01 19:00:00,Lab_219_PC087,In Use,AnonUser_0094,135
2026-04-01 19:00:00,Lab_219_PC088,In Use,AnonUser_0140,45
2026-04-01 19:00:00,Lab_219_PC089,Idle,AnonUser_0121,195
2026-04-01 19:00:00,Lab_219_PC090,Offline,N/A,N/A
2026-04-01 19:00:00,Lab_219_PC091,In Use,AnonUser_0128,210
2026-04-01 19:00:00,Lab_219_PC092,In Use,AnonUser_0172,15
2026-04-01 19:00:00,Lab_219_PC093,In Use,AnonUser_0082,165
2026-04-01 19:00:00,Lab_219_PC094,In Use,AnonUser_0028,15
2026-04-01 19:00:00,Lab_219_PC095,In Use,AnonUser_0003,135
2026-04-01 19:00:00,Lab_219_PC096,In Use,AnonUser_0159,60
2026-04-01 19:00:00,Lab_219_PC097,In Use,AnonUser_0136,45
2026-04-01 19:00:00,Lab_219_PC098,In Use,AnonUser_0053,120
2026-04-01 19:00:00,Lab_219_PC099,In Use,AnonUser_0048,135
2026-04-01 19:00:00,Lab_219_PC100,In Use,AnonUser_0056,150
2026-04-01 19:00:00,Lab_219_PC101,In Use,AnonUser_0022,195
2026-04-01 19:00:00,Lab_219_PC102,In Use,AnonUser_0046,30
2026-04-01 19:00:00,Lab_219_PC103,Idle,AnonUser_0092,60
2026-04-01 19:00:00,Lab_219_PC104,Idle,AnonUser_0131,105
2026-04-01 19:00:00,Lab_219_PC105,In Use,AnonUser_0146,45
2026-04-01 19:00:00,Lab_219_PC106,In Use,AnonUser_0134,90
2026-04-01 19:00:00,Lab_219_PC107,In Use,AnonUser_0078,75
2026-04-01 19:00:00,Lab_219_PC108,In Use,AnonUser_0107,150
2026-04-01 19:00:00,Lab_219_PC109,In Use,AnonUser_0023,15
2026-04-01 19:00:00,Lab_219_PC110,In Use,AnonUser_0005,60
2026-04-01 19:00:00,Lab_219_PC111,Offline,N/A,N/A
2026-04-01 19:00:00,Lab_219_PC112,In Use,AnonUser_0076,45
2026-04-01 19:00:00,Lab_219_PC113,In Use,AnonUser_0011,165
2026-04-01 19:00:00,Lab_219_PC114,In Use,AnonUser_0106,60
2026-04-01 19:00:00,Lab_219_PC115,In Use,AnonUser_0130,135
2026-04-01 19:00:00,Lab_219_PC116,In Use,AnonUser_0030,90
2026-04-01 19:00:00,Lab_219_PC117,Idle,AnonUser_0162,30
2026-04-01 19:00:00,Lab_219_PC118,In Use,AnonUser_0050,90
2026-04-01 19:00:00,Lab_219_PC119,In Use,AnonUser_0154,135
2026-04-01 19:00:00,Lab_219_PC120,In Use,AnonUser_0059,45
2026-04-01 19:00:00,Lab_219_PC121,Offline,N/A,N/A
2026-04-01 19:00:00,Lab_219_PC122,In Use,AnonUser_0068,120
2026-04-01 19:00:00,Lab_219_PC123,In Use,AnonUser_0143,0
2026-04-01 19:00:00,Lab_219_PC124,In Use,AnonUser_0157,45
2026-04-01 19:00:00,Lab_219_PC125,In Use,AnonUser_0095,60
2026-04-01 19:00:00,Lab_219_PC126,In Use,AnonUser_0108,60
2026-04-01 19:00:00,Lab_219_PC127,In Use,AnonUser_0141,0
2026-04-01 19:00:00,Lab_219_PC128,In Use,AnonUser_0037,120
2026-04-01 19:00:00,Lab_219_PC129,In Use,AnonUser_0148,105
2026-04-01 19:00:00,Lab_219_PC130,In Use,AnonUser_0167,75
2026-04-01 19:00:00,Lab_219_PC131,In Use,AnonUser_0123,180
2026-04-01 19:00:00,Lab_219_PC132,In Use,AnonUser_0077,15
2026-04-01 19:00:00,Lab_219_PC133,In Use,AnonUser_0062,135
2026-04-01 19:00:00,Lab_219_PC134,Idle,AnonUser_0102,210
2026-04-01 19:00:00,Lab_219_PC135,In Use,AnonUser_0039,150
2026-04-01 19:00:00,Lab_219_PC136,In Use,AnonUser_0104,105
2026-04-01 19:00:00,Lab_219_PC137,Offline,N/A,N/A
2026-04-01 19:00:00,Lab_219_PC138,In Use,AnonUser_0132,45
2026-04-01 19:00:00,Lab_219_PC139,In Use,AnonUser_0147,75
2026-04-01 19:00:00,Lab_219_PC140,Offline,N/A,N/A
2026-04-01 19:00:00,Lab_219_PC141,In Use,AnonUser_0035,75
2026-04-01 19:00:00,Lab_219_PC142,Idle,AnonUser_0066,0
2026-04-01 19:00:00,Lab_219_PC143,Offline,N/A,N/A
2026-04-01 19:00:00,Lab_219_PC144,In Use,AnonUser_0119,75
2026-04-01 19:00:00,Lab_219_PC145,In Use,AnonUser_0031,60
2026-04-01 19:00:00,Lab_219_PC146,In Use,AnonUser_0093,30
2026-04-01 19:00:00,Lab_219_PC147,Idle,AnonUser_0153,105
2026-04-01 19:00:00,Lab_219_PC148,Idle,AnonUser_0024,30
2026-04-01 19:00:00,Lab_219_PC149,In Use,AnonUser_0041,120
2026-04-01 19:00:00,Lab_219_PC150,Idle,AnonUser_0125,30
2026-04-01 19:00:00,Lab_219_PC151,In Use,AnonUser_0036,75
2026-04-01 19:00:00,Lab_219_PC152,In Use,AnonUser_0115,0
2026-04-01 19:00:00,Lab_219_PC153,In Use,AnonUser_0111,45
2026-04-01 19:00:00,Lab_219_PC154,Idle,AnonUser_0054,0
2026-04-01 19:00:00,Lab_219_PC155,In Use,AnonUser_0072,180
2026-04-01 19:00:00,Lab_219_PC156,In Use,AnonUser_0126,0
2026-04-01 19:00:00,Lab_219_PC157,In Use,AnonUser_0013,15
2026-04-01 19:00:00,Lab_219_PC158,In Use,AnonUser_0122,45
2026-04-01 19:00:00,Lab_219_PC159,In Use,AnonUser_0127,45
2026-04-01 19:00:00,Lab_219_PC160,In Use,AnonUser_0033,30
2026-04-01 19:00:00,Lab_219_PC161,In Use,AnonUser_0075,15
2026-04-01 19:00:00,Lab_219_PC162,In Use,AnonUser_0174,0
2026-04-01 19:00:00,Lab_219_PC163,In Use,AnonUser_0021,90
2026-04-01 19:00:00,Lab_219_PC164,In Use,AnonUser_0049,105
2026-04-01 19:00:00,Lab_219_PC165,In Use,AnonUser_0169,150
2026-04-01 19:00:00,Lab_219_PC166,Idle,AnonUser_0138,30
2026-04-01 19:00:00,Lab_219_PC167,In Use,AnonUser_0015,75
2026-04-01 19:00:00,Lab_219_PC168,In Use,AnonUser_0010,120
2026-04-01 19:00:00,Lab_219_PC169,In Use,AnonUser_0044,120
2026-04-01 19:00:00,Lab_219_PC170,Offline,N/A,N/A
2026-04-01 19:00:00,Lab_219_PC171,Idle,AnonUser_0057,60
2026-04-01 19:00:00,Lab_219_PC172,In Use,AnonUser_0060,30
2026-04-01 19:00:00,Lab_219_PC173,Idle,AnonUser_0027,135
2026-04-01 19:00:00,Lab_219_PC174,In Use,AnonUser_0007,105
2026-04-01 19:00:00,Lab_219_PC175,Offline,N/A,N/A
2026-04-01 19:00:00,Lab_219_PC176,In Use,AnonUser_0091,195
2026-04-01 19:00:00,Lab_219_PC177,In Use,AnonUser_0116,30
2026-04-01 19:00:00,Lab_219_PC178,In Use,AnonUser_0117,165
2026-04-01 19:00:00,Lab_219_PC179,In Use,AnonUser_0139,105
2026-04-01 19:15:00,Lab_202_PC001,Offline,N/A,N/A
2026-04-01 19:15:00,Lab_202_PC002,In Use,AnonUser_0085,15
2026-04-01 19:15:00,Lab_202_PC003,In Use,AnonUser_0142,0
2026-04-01 19:15:00,Lab_202_PC004,In Use,AnonUser_0029,135
2026-04-01 19:15:00,Lab_202_PC005,Idle,AnonUser_0133,30
2026-04-01 19:15:00,Lab_202_PC006,In Use,AnonUser_0103,45
2026-04-01 19:15:00,Lab_202_PC007,In Use,AnonUser_0061,90
2026-04-01 19:15:00,Lab_202_PC008,In Use,AnonUser_0164,15
2026-04-01 19:15:00,Lab_202_PC009,In Use,AnonUser_0165,45
2026-04-01 19:15:00,Lab_202_PC010,In Use,AnonUser_0074,135
2026-04-01 19:15:00,Lab_202_PC011,In Use,AnonUser_0171,120
2026-04-01 19:15:00,Lab_202_PC012,In Use,AnonUser_0099,135
2026-04-01 19:15:00,Lab_202_PC013,In Use,AnonUser_0098,90
2026-04-01 19:15:00,Lab_202_PC014,In Use,AnonUser_0168,60
2026-04-01 19:15:00,Lab_202_PC015,In Use,AnonUser_0058,0
2026-04-01 19:15:00,Lab_202_PC016,In Use,AnonUser_0034,105
2026-04-01 19:15:00,Lab_202_PC017,Offline,N/A,N/A
2026-04-01 19:15:00,Lab_202_PC018,In Use,AnonUser_0114,30
2026-04-01 19:15:00,Lab_202_PC019,In Use,AnonUser_0175,75
2026-04-01 19:15:00,Lab_202_PC020,In Use,AnonUser_0038,60
2026-04-01 19:15:00,Lab_202_PC021,In Use,AnonUser_0071,180
2026-04-01 19:15:00,Lab_202_PC022,In Use,AnonUser_0026,75
2026-04-01 19:15:00,Lab_202_PC023,In Use,AnonUser_0097,15
2026-04-01 19:15:00,Lab_202_PC024,In Use,AnonUser_0163,75
2026-04-01 19:15:00,Lab_202_PC025,In Use,AnonUser_0179,90
2026-04-01 19:15:00,Lab_202_PC026,Idle,AnonUser_0120,135
2026-04-01 19:15:00,Lab_202_PC027,Idle,AnonUser_0069,45
2026-04-01 19:15:00,Lab_202_PC028,Idle,AnonUser_0002,225
2026-04-01 19:15:00,Lab_202_PC029,In Use,AnonUser_0081,180
2026-04-01 19:15:00,Lab_202_PC030,In Use,AnonUser_0079,75
2026-04-01 19:15:00,Lab_206_PC031,In Use,AnonUser_0014,30
2026-04-01 19:15:00,Lab_206_PC032,Offline,N/A,N/A
2026-04-01 19:15:00,Lab_206_PC033,In Use,AnonUser_0145,0
2026-04-01 19:15:00,Lab_206_PC034,In Use,AnonUser_0109,0
2026-04-01 19:15:00,Lab_206_PC035,Idle,AnonUser_0156,60
2026-04-01 19:15:00,Lab_206_PC036,Idle,AnonUser_0176,150
2026-04-01 19:15:00,Lab_206_PC037,In Use,AnonUser_0090,30
2026-04-01 19:15:00,Lab_206_PC038,In Use,AnonUser_0047,75
2026-04-01 19:15:00,Lab_206_PC039,In Use,AnonUser_0052,30
2026-04-01 19:15:00,Lab_206_PC040,In Use,AnonUser_0032,60
2026-04-01 19:15:00,Lab_206_PC041,Idle,AnonUser_0016,0
2026-04-01 19:15:00,Lab_206_PC042,In Use,AnonUser_0170,0
2026-04-01 19:15:00,Lab_206_PC043,Offline,N/A,N/A
2026-04-01 19:15:00,Lab_206_PC044,In Use,AnonUser_0018,135
2026-04-01 19:15:00,Lab_206_PC045,Idle,AnonUser_0043,30
2026-04-01 19:15:00,Lab_206_PC046,Offline,N/A,N/A
2026-04-01 19:15:00,Lab_206_PC047,In Use,AnonUser_0051,0
2026-04-01 19:15:00,Lab_206_PC048,In Use,AnonUser_0144,60
2026-04-01 19:15:00,Lab_206_PC049,In Use,AnonUser_0110,75
2026-04-01 19:15:00,Lab_206_PC050,In Use,AnonUser_0158,165
2026-04-01 19:15:00,Lab_206_PC051,In Use,AnonUser_0001,0
2026-04-01 19:15:00,Lab_206_PC052,In Use,AnonUser_0100,75
2026-04-01 19:15:00,Lab_206_PC053,In Use,AnonUser_0004,135
2026-04-01 19:15:00,Lab_206_PC054,In Use,AnonUser_0086,0
2026-04-01 19:15:00,Lab_206_PC055,In Use,AnonUser_0009,90
2026-04-01 19:15:00,Lab_206_PC056,In Use,AnonUser_0006,45
2026-04-01 19:15:00,Lab_206_PC057,In Use,AnonUser_0166,15
2026-04-01 19:15:00,Lab_206_PC058,Idle,AnonUser_0012,60
2026-04-01 19:15:00,Lab_206_PC059,Offline,N/A,N/A
2026-04-01 19:15:00,Lab_206_PC060,In Use,AnonUser_0149,60
2026-04-01 19:15:00,Lab_210_PC061,In Use,AnonUser_0124,45
2026-04-01 19:15:00,Lab_210_PC062,Idle,AnonUser_0137,0
2026-04-01 19:15:00,Lab_210_PC063,In Use,AnonUser_0112,60
2026-04-01 19:15:00,Lab_210_PC064,In Use,AnonUser_0152,195
2026-04-01 19:15:00,Lab_210_PC065,In Use,AnonUser_0101,165
2026-04-01 19:15:00,Lab_210_PC066,In Use,AnonUser_0129,105
2026-04-01 19:15:00,Lab_210_PC067,In Use,AnonUser_0019,15
2026-04-01 19:15:00,Lab_210_PC068,In Use,AnonUser_0087,15
2026-04-01 19:15:00,Lab_210_PC069,Offline,N/A,N/A
2026-04-01 19:15:00,Lab_210_PC070,In Use,AnonUser_0160,165
2026-04-01 19:15:00,Lab_210_PC071,In Use,AnonUser_0155,45
2026-04-01 19:15:00,Lab_210_PC072,In Use,AnonUser_0151,30
2026-04-01 19:15:00,Lab_210_PC073,Idle,AnonUser_0161,15
2026-04-01 19:15:00,Lab_210_PC074,Idle,AnonUser_0025,90
2026-04-01 19:15:00,Lab_210_PC075,In Use,AnonUser_0017,15
2026-04-01 19:15:00,Lab_210_PC076,In Use,AnonUser_0073,180
2026-04-01 19:15:00,Lab_210_PC077,In Use,AnonUser_0135,105
2026-04-01 19:15:00,Lab_210_PC078,In Use,AnonUser_0064,90
2026-04-01 19:15:00,Lab_210_PC079,In Use,AnonUser_0080,150
2026-04-01 19:15:00,Lab_210_PC080,In Use,AnonUser_0088,45
2026-04-01 19:15:00,Lab_210_PC081,Offline,N/A,N/A
2026-04-01 19:15:00,Lab_219_PC082,In Use,AnonUser_0118,165
2026-04-01 19:15:00,Lab_219_PC083,In Use,AnonUser_0067,120
2026-04-01 19:15:00,Lab_219_PC084,In Use,AnonUser_0042,120
2026-04-01 19:15:00,Lab_219_PC085,In Use,AnonUser_0096,150
2026-04-01 19:15:00,Lab_219_PC086,In Use,AnonUser_0113,165
2026-04-01 19:15:00,Lab_219_PC087,In Use,AnonUser_0094,120
2026-04-01 19:15:00,Lab_219_PC088,In Use,AnonUser_0140,30
2026-04-01 19:15:00,Lab_219_PC089,In Use,AnonUser_0121,180
2026-04-01 19:15:00,Lab_219_PC090,Offline,N/A,N/A
2026-04-01 19:15:00,Lab_219_PC091,In Use,AnonUser_0128,195
2026-04-01 19:15:00,Lab_219_PC092,In Use,AnonUser_0172,0
2026-04-01 19:15:00,Lab_219_PC093,In Use,AnonUser_0082,150
2026-04-01 19:15:00,Lab_219_PC094,In Use,AnonUser_0028,0
2026-04-01 19:15:00,Lab_219_PC095,In Use,AnonUser_0003,120
2026-04-01 19:15:00,Lab_219_PC096,In Use,AnonUser_0159,45
2026-04-01 19:15:00,Lab_219_PC097,Idle,AnonUser_0136,30
2026-04-01 19:15:00,Lab_219_PC098,Idle,AnonUser_0053,105
2026-04-01 19:15:00,Lab_219_PC099,In Use,AnonUser_0048,120
2026-04-01 19:15:00,Lab_219_PC100,In Use,AnonUser_0056,135
2026-04-01 19:15:00,Lab_219_PC101,Idle,AnonUser_0022,180
2026-04-01 19:15:00,Lab_219_PC102,Idle,AnonUser_0046,15
2026-04-01 19:15:00,Lab_219_PC103,In Use,AnonUser_0092,45
2026-04-01 19:15:00,Lab_219_PC104,In Use,AnonUser_0131,90
2026-04-01 19:15:00,Lab_219_PC105,In Use,AnonUser_0146,30
2026-04-01 19:15:00,Lab_219_PC106,Idle,AnonUser_0134,75
2026-04-01 19:15:00,Lab_219_PC107,In Use,AnonUser_0078,60
2026-04-01 19:15:00,Lab_219_PC108,In Use,AnonUser_0107,135
2026-04-01 19:15:00,Lab_219_PC109,In Use,AnonUser_0023,0
2026-04-01 19:15:00,Lab_219_PC110,In Use,AnonUser_0005,45
2026-04-01 19:15:00,Lab_219_PC111,In Use,AnonUser_0065,225
2026-04-01 19:15:00,Lab_219_PC112,In Use,AnonUser_0076,30
2026-04-01 19:15:00,Lab_219_PC113,In Use,AnonUser_0011,150
2026-04-01 19:15:00,Lab_219_PC114,Idle,AnonUser_0106,45
2026-04-01 19:15:00,Lab_219_PC115,Idle,AnonUser_0130,120
2026-04-01 19:15:00,Lab_219_PC116,In Use,AnonUser_0030,75
2026-04-01 19:15:00,Lab_219_PC117,Idle,AnonUser_0162,15
2026-04-01 19:15:00,Lab_219_PC118,In Use,AnonUser_0050,75
2026-04-01 19:15:00,Lab_219_PC119,Idle,AnonUser_0154,120
2026-04-01 19:15:00,Lab_219_PC120,In Use,AnonUser_0059,30
2026-04-01 19:15:00,Lab_219_PC121,Offline,N/A,N/A
2026-04-01 19:15:00,Lab_219_PC122,In Use,AnonUser_0068,105
2026-04-01 19:15:00,Lab_219_PC123,In Use,AnonUser_0173,150
2026-04-01 19:15:00,Lab_219_PC124,In Use,AnonUser_0157,30
2026-04-01 19:15:00,Lab_219_PC125,In Use,AnonUser_0095,45
2026-04-01 19:15:00,Lab_219_PC126,Idle,AnonUser_0108,45
2026-04-01 19:15:00,Lab_219_PC127,Offline,N/A,N/A
2026-04-01 19:15:00,Lab_219_PC128,In Use,AnonUser_0037,105
2026-04-01 19:15:00,Lab_219_PC129,In Use,AnonUser_0148,90
2026-04-01 19:15:00,Lab_219_PC130,In Use,AnonUser_0167,60
2026-04-01 19:15:00,Lab_219_PC131,Idle,AnonUser_0123,165
2026-04-01 19:15:00,Lab_219_PC132,In Use,AnonUser_0077,0
2026-04-01 19:15:00,Lab_219_PC133,In Use,AnonUser_0062,120
2026-04-01 19:15:00,Lab_219_PC134,In Use,AnonUser_0102,195
2026-04-01 19:15:00,Lab_219_PC135,In Use,AnonUser_0039,135
2026-04-01 19:15:00,Lab_219_PC136,In Use,AnonUser_0104,90
2026-04-01 19:15:00,Lab_219_PC137,In Use,AnonUser_0084,45
2026-04-01 19:15:00,Lab_219_PC138,In Use,AnonUser_0132,30
2026-04-01 19:15:00,Lab_219_PC139,In Use,AnonUser_0147,60
2026-04-01 19:15:00,Lab_219_PC140,Offline,N/A,N/A
2026-04-01 19:15:00,Lab_219_PC141,In Use,AnonUser_0035,60
2026-04-01 19:15:00,Lab_219_PC142,Offline,N/A,N/A
2026-04-01 19:15:00,Lab_219_PC143,Offline,N/A,N/A
2026-04-01 19:15:00,Lab_219_PC144,In Use,AnonUser_0119,60
2026-04-01 19:15:00,Lab_219_PC145,In Use,AnonUser_0031,45
2026-04-01 19:15:00,Lab_219_PC146,In Use,AnonUser_0093,15
2026-04-01 19:15:00,Lab_219_PC147,In Use,AnonUser_0153,90
2026-04-01 19:15:00,Lab_219_PC148,In Use,AnonUser_0024,15
2026-04-01 19:15:00,Lab_219_PC149,In Use,AnonUser_0041,105
2026-04-01 19:15:00,Lab_219_PC150,In Use,AnonUser_0125,15
2026-04-01 19:15:00,Lab_219_PC151,In Use,AnonUser_0036,60
2026-04-01 19:15:00,Lab_219_PC152,Offline,N/A,N/A
2026-04-01 19:15:00,Lab_219_PC153,In Use,AnonUser_0111,30
2026-04-01 19:15:00,Lab_219_PC154,Idle,AnonUser_0150,195
2026-04-01 19:15:00,Lab_219_PC155,In Use,AnonUser_0072,165
2026-04-01 19:15:00,Lab_219_PC156,In Use,AnonUser_0143,105
2026-04-01 19:15:00,Lab_219_PC157,In Use,AnonUser_0013,0
2026-04-01 19:15:00,Lab_219_PC158,In Use,AnonUser_0122,30
2026-04-01 19:15:00,Lab_219_PC159,In Use,AnonUser_0127,30
2026-04-01 19:15:00,Lab_219_PC160,In Use,AnonUser_0033,15
2026-04-01 19:15:00,Lab_219_PC161,In Use,AnonUser_0075,0
2026-04-01 19:15:00,Lab_219_PC162,Offline,N/A,N/A
2026-04-01 19:15:00,Lab_219_PC163,In Use,AnonUser_0021,75
2026-04-01 19:15:00,Lab_219_PC164,In Use,AnonUser_0049,90
2026-04-01 19:15:00,Lab_219_PC165,In Use,AnonUser_0169,135
2026-04-01 19:15:00,Lab_219_PC166,In Use,AnonUser_0138,15
2026-04-01 19:15:00,Lab_219_PC167,In Use,AnonUser_0015,60
2026-04-01 19:15:00,Lab_219_PC168,In Use,AnonUser_0010,105
2026-04-01 19:15:00,Lab_219_PC169,In Use,AnonUser_0044,105
2026-04-01 19:15:00,Lab_219_PC170,Idle,AnonUser_0115,195
2026-04-01 19:15:00,Lab_219_PC171,In Use,AnonUser_0057,45
2026-04-01 19:15:00,Lab_219_PC172,Idle,AnonUser_0060,15
2026-04-01 19:15:00,Lab_219_PC173,In Use,AnonUser_0027,120
2026-04-01 19:15:00,Lab_219_PC174,In Use,AnonUser_0007,90
2026-04-01 19:15:00,Lab_219_PC175,Offline,N/A,N/A
2026-04-01 19:15:00,Lab_219_PC176,In Use,AnonUser_0091,180
2026-04-01 19:15:00,Lab_219_PC177,In Use,AnonUser_0116,15
2026-04-01 19:15:00,Lab_219_PC178,In Use,AnonUser_0117,150
2026-04-01 19:15:00,Lab_219_PC179,In Use,AnonUser_0139,90
2026-04-01 19:30:00,Lab_202_PC001,In Use,AnonUser_0089,135
2026-04-01 19:30:00,Lab_202_PC002,In Use,AnonUser_0085,0
2026-04-01 19:30:00,Lab_202_PC003,In Use,AnonUser_0126,165
2026-04-01 19:30:00,Lab_202_PC004,Idle,AnonUser_0029,120
2026-04-01 19:30:00,Lab_202_PC005,In Use,AnonUser_0133,15
2026-04-01 19:30:00,Lab_202_PC006,Idle,AnonUser_0103,30
2026-04-01 19:30:00,Lab_202_PC007,In Use,AnonUser_0061,75
2026-04-01 19:30:00,Lab_202_PC008,In Use,AnonUser_0164,0
2026-04-01 19:30:00,Lab_202_PC009,In Use,AnonUser_0165,30
2026-04-01 19:30:00,Lab_202_PC010,In Use,AnonUser_0074,120
2026-04-01 19:30:00,Lab_202_PC011,In Use,AnonUser_0171,105
2026-04-01 19:30:00,Lab_202_PC012,In Use,AnonUser_0099,120
2026-04-01 19:30:00,Lab_202_PC013,In Use,AnonUser_0098,75
2026-04-01 19:30:00,Lab_202_PC014,In Use,AnonUser_0168,45
2026-04-01 19:30:00,Lab_202_PC015,Idle,AnonUser_0083,165
2026-04-01 19:30:00,Lab_202_PC016,In Use,AnonUser_0034,90
2026-04-01 19:30:00,Lab_202_PC017,In Use,AnonUser_0178,45
2026-04-01 19:30:00,Lab_202_PC018,In Use,AnonUser_0114,15
2026-04-01 19:30:00,Lab_202_PC019,In Use,AnonUser_0175,60
2026-04-01 19:30:00,Lab_202_PC020,In Use,AnonUser_0038,45
2026-04-01 19:30:00,Lab_202_PC021,In Use,AnonUser_0071,165
2026-04-01 19:30:00,Lab_202_PC022,In Use,AnonUser_0026,60
2026-04-01 19:30:00,Lab_202_PC023,Idle,AnonUser_0097,0
2026-04-01 19:30:00,Lab_202_PC024,In Use,AnonUser_0163,60
2026-04-01 19:30:00,Lab_202_PC025,Idle,AnonUser_0179,75
2026-04-01 19:30:00,Lab_202_PC026,In Use,AnonUser_0120,120
2026-04-01 19:30:00,Lab_202_PC027,In Use,AnonUser_0069,30
2026-04-01 19:30:00,Lab_202_PC028,In Use,AnonUser_0002,210
2026-04-01 19:30:00,Lab_202_PC029,Idle,AnonUser_0081,165
2026-04-01 19:30:00,Lab_202_PC030,In Use,AnonUser_0079,60
2026-04-01 19:30:00,Lab_206_PC031,In Use,AnonUser_0014,15
2026-04-01 19:30:00,Lab_206_PC032,Offline,N/A,N/A
2026-04-01 19:30:00,Lab_206_PC033,In Use,AnonUser_0020,105
2026-04-01 19:30:00,Lab_206_PC034,Offline,N/A,N/A
2026-04-01 19:30:00,Lab_206_PC035,In Use,AnonUser_0156,45
2026-04-01 19:30:00,Lab_206_PC036,In Use,AnonUser_0176,135
2026-04-01 19:30:00,Lab_206_PC037,In Use,AnonUser_0090,15
2026-04-01 19:30:00,Lab_206_PC038,Idle,AnonUser_0047,60
2026-04-01 19:30:00,Lab_206_PC039,In Use,AnonUser_0052,15
2026-04-01 19:30:00,Lab_206_PC040,In Use,AnonUser_0032,45
2026-04-01 19:30:00,Lab_206_PC041,Offline,N/A,N/A
2026-04-01 19:30:00,Lab_206_PC042,In Use,AnonUser_0105,135
2026-04-01 19:30:00,Lab_206_PC043,Idle,AnonUser_0170,75
2026-04-01 19:30:00,Lab_206_PC044,In Use,AnonUser_0018,120
2026-04-01 19:30:00,Lab_206_PC045,In Use,AnonUser_0043,15
2026-04-01 19:30:00,Lab_206_PC046,Offline,N/A,N/A
2026-04-01 19:30:00,Lab_206_PC047,In Use,AnonUser_0177,105
2026-04-01 19:30:00,Lab_206_PC048,In Use,AnonUser_0144,45
2026-04-01 19:30:00,Lab_206_PC049,In Use,AnonUser_0110,60
2026-04-01 19:30:00,Lab_206_PC050,In Use,AnonUser_0158,150
2026-04-01 19:30:00,Lab_206_PC051,In Use,AnonUser_0174,60
2026-04-01 19:30:00,Lab_206_PC052,In Use,AnonUser_0100,60
2026-04-01 19:30:00,Lab_206_PC053,In Use,AnonUser_0004,120
2026-04-01 19:30:00,Lab_206_PC054,In Use,AnonUser_0063,105
2026-04-01 19:30:00,Lab_206_PC055,In Use,AnonUser_0009,75
2026-04-01 19:30:00,Lab_206_PC056,In Use,AnonUser_0006,30
2026-04-01 19:30:00,Lab_206_PC057,In Use,AnonUser_0166,0
2026-04-01 19:30:00,Lab_206_PC058,In Use,AnonUser_0012,45
2026-04-01 19:30:00,Lab_206_PC059,Idle,AnonUser_0008,30
2026-04-01 19:30:00,Lab_206_PC060,In Use,AnonUser_0149,45
2026-04-01 19:30:00,Lab_210_PC061,In Use,AnonUser_0124,30
2026-04-01 19:30:00,Lab_210_PC062,In Use,AnonUser_0086,75
2026-04-01 19:30:00,Lab_210_PC063,In Use,AnonUser_0112,45
2026-04-01 19:30:00,Lab_210_PC064,In Use,AnonUser_0152,180
2026-04-01 19:30:00,Lab_210_PC065,Idle,AnonUser_0101,150
2026-04-01 19:30:00,Lab_210_PC066,In Use,AnonUser_0129,90
2026-04-01 19:30:00,Lab_210_PC067,In Use,AnonUser_0019,0
2026-04-01 19:30:00,Lab_210_PC068,In Use,AnonUser_0087,0
2026-04-01 19:30:00,Lab_210_PC069,Offline,N/A,N/A
2026-04-01 19:30:00,Lab_210_PC070,In Use,AnonUser_0160,150
2026-04-01 19:30:00,Lab_210_PC071,In Use,AnonUser_0155,30
2026-04-01 19:30:00,Lab_210_PC072,In Use,AnonUser_0151,15
2026-04-01 19:30:00,Lab_210_PC073,In Use,AnonUser_0161,0
2026-04-01 19:30:00,Lab_210_PC074,In Use,AnonUser_0025,75
2026-04-01 19:30:00,Lab_210_PC075,Idle,AnonUser_0017,0
2026-04-01 19:30:00,Lab_210_PC076,In Use,AnonUser_0073,165
2026-04-01 19:30:00,Lab_210_PC077,In Use,AnonUser_0135,90
2026-04-01 19:30:00,Lab_210_PC078,In Use,AnonUser_0064,75
2026-04-01 19:30:00,Lab_210_PC079,In Use,AnonUser_0080,135
2026-04-01 19:30:00,Lab_210_PC080,In Use,AnonUser_0088,30
2026-04-01 19:30:00,Lab_210_PC081,In Use,AnonUser_0051,180
2026-04-01 19:30:00,Lab_219_PC082,In Use,AnonUser_0118,150
2026-04-01 19:30:00,Lab_219_PC083,Idle,AnonUser_0067,105
2026-04-01 19:30:00,Lab_219_PC084,In Use,AnonUser_0042,105
2026-04-01 19:30:00,Lab_219_PC085,In Use,AnonUser_0096,135
2026-04-01 19:30:00,Lab_219_PC086,In Use,AnonUser_0113,150
2026-04-01 19:30:00,Lab_219_PC087,In Use,AnonUser_0094,105
2026-04-01 19:30:00,Lab_219_PC088,In Use,AnonUser_0140,15
2026-04-01 19:30:00,Lab_219_PC089,In Use,AnonUser_0121,165
2026-04-01 19:30:00,Lab_219_PC090,In Use,AnonUser_0145,15
2026-04-01 19:30:00,Lab_219_PC091,In Use,AnonUser_0128,180
2026-04-01 19:30:00,Lab_219_PC092,Offline,N/A,N/A
2026-04-01 19:30:00,Lab_219_PC093,Idle,AnonUser_0082,135
2026-04-01 19:30:00,Lab_219_PC094,Idle,AnonUser_0058,195
2026-04-01 19:30:00,Lab_219_PC095,In Use,AnonUser_0003,105
2026-04-01 19:30:00,Lab_219_PC096,Idle,AnonUser_0159,30
2026-04-01 19:30:00,Lab_219_PC097,In Use,AnonUser_0136,15
2026-04-01 19:30:00,Lab_219_PC098,In Use,AnonUser_0053,90
2026-04-01 19:30:00,Lab_219_PC099,In Use,AnonUser_0048,105
2026-04-01 19:30:00,Lab_219_PC100,In Use,AnonUser_0056,120
2026-04-01 19:30:00,Lab_219_PC101,In Use,AnonUser_0022,165
2026-04-01 19:30:00,Lab_219_PC102,In Use,AnonUser_0046,0
2026-04-01 19:30:00,Lab_219_PC103,In Use,AnonUser_0092,30
2026-04-01 19:30:00,Lab_219_PC104,In Use,AnonUser_0131,75
2026-04-01 19:30:00,Lab_219_PC105,In Use,AnonUser_0146,15
2026-04-01 19:30:00,Lab_219_PC106,Idle,AnonUser_0134,60
2026-04-01 19:30:00,Lab_219_PC107,In Use,AnonUser_0078,45
2026-04-01 19:30:00,Lab_219_PC108,In Use,AnonUser_0107,120
2026-04-01 19:30:00,Lab_219_PC109,Offline,N/A,N/A
2026-04-01 19:30:00,Lab_219_PC110,In Use,AnonUser_0005,30
2026-04-01 19:30:00,Lab_219_PC111,Idle,AnonUser_0065,210
2026-04-01 19:30:00,Lab_219_PC112,In Use,AnonUser_0076,15
2026-04-01 19:30:00,Lab_219_PC113,Idle,AnonUser_0011,135
2026-04-01 19:30:00,Lab_219_PC114,In Use,AnonUser_0106,30
2026-04-01 19:30:00,Lab_219_PC115,In Use,AnonUser_0130,105
2026-04-01 19:30:00,Lab_219_PC116,In Use,AnonUser_0030,60
2026-04-01 19:30:00,Lab_219_PC117,In Use,AnonUser_0162,0
2026-04-01 19:30:00,Lab_219_PC118,In Use,AnonUser_0050,60
2026-04-01 19:30:00,Lab_219_PC119,In Use,AnonUser_0154,105
2026-04-01 19:30:00,Lab_219_PC120,In Use,AnonUser_0059,15
2026-04-01 19:30:00,Lab_219_PC121,Idle,AnonUser_0023,225
2026-04-01 19:30:00,Lab_219_PC122,Idle,AnonUser_0068,90
2026-04-01 19:30:00,Lab_219_PC123,In Use,AnonUser_0173,135
2026-04-01 19:30:00,Lab_219_PC124,In Use,AnonUser_0157,15
2026-04-01 19:30:00,Lab_219_PC125,In Use,AnonUser_0095,30
2026-04-01 19:30:00,Lab_219_PC126,Idle,AnonUser_0108,30
2026-04-01 19:30:00,Lab_219_PC127,Offline,N/A,N/A
2026-04-01 19:30:00,Lab_219_PC128,Idle,AnonUser_0037,90
2026-04-01 19:30:00,Lab_219_PC129,In Use,AnonUser_0148,75
2026-04-01 19:30:00,Lab_219_PC130,In Use,AnonUser_0167,45
2026-04-01 19:30:00,Lab_219_PC131,In Use,AnonUser_0123,150
2026-04-01 19:30:00,Lab_219_PC132,Offline,N/A,N/A
2026-04-01 19:30:00,Lab_219_PC133,In Use,AnonUser_0062,105
2026-04-01 19:30:00,Lab_219_PC134,In Use,AnonUser_0102,180
2026-04-01 19:30:00,Lab_219_PC135,In Use,AnonUser_0039,120
2026-04-01 19:30:00,Lab_219_PC136,In Use,AnonUser_0104,75
2026-04-01 19:30:00,Lab_219_PC137,In Use,AnonUser_0084,30
2026-04-01 19:30:00,Lab_219_PC138,In Use,AnonUser_0132,15
2026-04-01 19:30:00,Lab_219_PC139,In Use,AnonUser_0147,45
2026-04-01 19:30:00,Lab_219_PC140,Offline,N/A,N/A
2026-04-01 19:30:00,Lab_219_PC141,In Use,AnonUser_0035,45
2026-04-01 19:30:00,Lab_219_PC142,Offline,N/A,N/A
2026-04-01 19:30:00,Lab_219_PC143,In Use,AnonUser_0055,225
2026-04-01 19:30:00,Lab_219_PC144,In Use,AnonUser_0119,45
2026-04-01 19:30:00,Lab_219_PC145,In Use,AnonUser_0031,30
2026-04-01 19:30:00,Lab_219_PC146,Idle,AnonUser_0093,0
2026-04-01 19:30:00,Lab_219_PC147,In Use,AnonUser_0153,75
2026-04-01 19:30:00,Lab_219_PC148,Idle,AnonUser_0024,0
2026-04-01 19:30:00,Lab_219_PC149,In Use,AnonUser_0041,90
2026-04-01 19:30:00,Lab_219_PC150,In Use,AnonUser_0125,0
2026-04-01 19:30:00,Lab_219_PC151,In Use,AnonUser_0036,45
2026-04-01 19:30:00,Lab_219_PC152,In Use,AnonUser_0040,195
2026-04-01 19:30:00,Lab_219_PC153,In Use,AnonUser_0111,15
2026-04-01 19:30:00,Lab_219_PC154,In Use,AnonUser_0150,180
2026-04-01 19:30:00,Lab_219_PC155,In Use,AnonUser_0072,150
2026-04-01 19:30:00,Lab_219_PC156,In Use,AnonUser_0143,90
2026-04-01 19:30:00,Lab_219_PC157,In Use,AnonUser_0013,120
2026-04-01 19:30:00,Lab_219_PC158,In Use,AnonUser_0122,15
2026-04-01 19:30:00,Lab_219_PC159,In Use,AnonUser_0127,15
2026-04-01 19:30:00,Lab_219_PC160,In Use,AnonUser_0033,0
2026-04-01 19:30:00,Lab_219_PC161,Offline,N/A,N/A
2026-04-01 19:30:00,Lab_219_PC162,Offline,N/A,N/A
2026-04-01 19:30:00,Lab_219_PC163,In Use,AnonUser_0021,60
2026-04-01 19:30:00,Lab_219_PC164,In Use,AnonUser_0049,75
2026-04-01 19:30:00,Lab_219_PC165,In Use,AnonUser_0169,120
2026-04-01 19:30:00,Lab_219_PC166,In Use,AnonUser_0138,0
2026-04-01 19:30:00,Lab_219_PC167,In Use,AnonUser_0015,45
2026-04-01 19:30:00,Lab_219_PC168,In Use,AnonUser_0010,90
2026-04-01 19:30:00,Lab_219_PC169,Idle,AnonUser_0044,90
2026-04-01 19:30:00,Lab_219_PC170,In Use,AnonUser_0115,180
2026-04-01 19:30:00,Lab_219_PC171,Idle,AnonUser_0057,30
2026-04-01 19:30:00,Lab_219_PC172,Idle,AnonUser_0060,0
2026-04-01 19:30:00,Lab_219_PC173,In Use,AnonUser_0027,105
2026-04-01 19:30:00,Lab_219_PC174,In Use,AnonUser_0007,75
2026-04-01 19:30:00,Lab_219_PC175,In Use,AnonUser_0016,120
2026-04-01 19:30:00,Lab_219_PC176,In Use,AnonUser_0091,165
2026-04-01 19:30:00,Lab_219_PC177,In Use,AnonUser_0116,0
2026-04-01 19:30:00,Lab_219_PC178,In Use,AnonUser_0117,135
2026-04-01 19:30:00,Lab_219_PC179,In Use,AnonUser_0139,75
2026-04-01 19:45:00,Lab_202_PC001,In Use,AnonUser_0089,120
2026-04-01 19:45:00,Lab_202_PC002,Offline,N/A,N/A
2026-04-01 19:45:00,Lab_202_PC003,In Use,AnonUser_0126,150
2026-04-01 19:45:00,Lab_202_PC004,In Use,AnonUser_0029,105
2026-04-01 19:45:00,Lab_202_PC005,In Use,AnonUser_0133,0
2026-04-01 19:45:00,Lab_202_PC006,In Use,AnonUser_0103,15
2026-04-01 19:45:00,Lab_202_PC007,In Use,AnonUser_0061,60
2026-04-01 19:45:00,Lab_202_PC008,In Use,AnonUser_0085,120
2026-04-01 19:45:00,Lab_202_PC009,In Use,AnonUser_0165,15
2026-04-01 19:45:00,Lab_202_PC010,In Use,AnonUser_0074,105
2026-04-01 19:45:00,Lab_202_PC011,In Use,AnonUser_0171,90
2026-04-01 19:45:00,Lab_202_PC012,In Use,AnonUser_0099,105
2026-04-01 19:45:00,Lab_202_PC013,In Use,AnonUser_0098,60
2026-04-01 19:45:00,Lab_202_PC014,In Use,AnonUser_0168,30
2026-04-01 19:45:00,Lab_202_PC015,In Use,AnonUser_0083,150
2026-04-01 19:45:00,Lab_202_PC016,Idle,AnonUser_0034,75
2026-04-01 19:45:00,Lab_202_PC017,In Use,AnonUser_0178,30
2026-04-01 19:45:00,Lab_202_PC018,Idle,AnonUser_0114,0
2026-04-01 19:45:00,Lab_202_PC019,In Use,AnonUser_0175,45
2026-04-01 19:45:00,Lab_202_PC020,In Use,AnonUser_0038,30
2026-04-01 19:45:00,Lab_202_PC021,In Use,AnonUser_0071,150
2026-04-01 19:45:00,Lab_202_PC022,Idle,AnonUser_0026,45
2026-04-01 19:45:00,Lab_202_PC023,Idle,AnonUser_0141,105
2026-04-01 19:45:00,Lab_202_PC024,In Use,AnonUser_0163,45
2026-04-01 19:45:00,Lab_202_PC025,In Use,AnonUser_0179,60
2026-04-01 19:45:00,Lab_202_PC026,In Use,AnonUser_0120,105
2026-04-01 19:45:00,Lab_202_PC027,In Use,AnonUser_0069,15
2026-04-01 19:45:00,Lab_202_PC028,Idle,AnonUser_0002,195
2026-04-01 19:45:00,Lab_202_PC029,In Use,AnonUser_0081,150
2026-04-01 19:45:00,Lab_202_PC030,In Use,AnonUser_0079,45
2026-04-01 19:45:00,Lab_206_PC031,In Use,AnonUser_0014,0
2026-04-01 19:45:00,Lab_206_PC032,Offline,N/A,N/A
2026-04-01 19:45:00,Lab_206_PC033,In Use,AnonUser_0020,90
2026-04-01 19:45:00,Lab_206_PC034,Offline,N/A,N/A
2026-04-01 19:45:00,Lab_206_PC035,In Use,AnonUser_0156,30
2026-04-01 19:45:00,Lab_206_PC036,Idle,AnonUser_0176,120
2026-04-01 19:45:00,Lab_206_PC037,In Use,AnonUser_0090,0
2026-04-01 19:45:00,Lab_206_PC038,In Use,AnonUser_0047,45
2026-04-01 19:45:00,Lab_206_PC039,Idle,AnonUser_0052,0
2026-04-01 19:45:00,Lab_206_PC040,In Use,AnonUser_0032,30
2026-04-01 19:45:00,Lab_206_PC041,In Use,AnonUser_0075,105
2026-04-01 19:45:00,Lab_206_PC042,Idle,AnonUser_0105,120
2026-04-01 19:45:00,Lab_206_PC043,In Use,AnonUser_0170,60
2026-04-01 19:45:00,Lab_206_PC044,In Use,AnonUser_0018,105
2026-04-01 19:45:00,Lab_206_PC045,Idle,AnonUser_0043,0
2026-04-01 19:45:00,Lab_206_PC046,Offline,N/A,N/A
2026-04-01 19:45:00,Lab_206_PC047,In Use,AnonUser_0177,90
2026-04-01 19:45:00,Lab_206_PC048,In Use,AnonUser_0144,30
2026-04-01 19:45:00,Lab_206_PC049,Idle,AnonUser_0110,45
2026-04-01 19:45:00,Lab_206_PC050,Idle,AnonUser_0158,135
2026-04-01 19:45:00,Lab_206_PC051,In Use,AnonUser_0174,45
2026-04-01 19:45:00,Lab_206_PC052,In Use,AnonUser_0100,45
2026-04-01 19:45:00,Lab_206_PC053,In Use,AnonUser_0004,105
2026-04-01 19:45:00,Lab_206_PC054,In Use,AnonUser_0063,90
2026-04-01 19:45:00,Lab_206_PC055,In Use,AnonUser_0009,60
2026-04-01 19:45:00,Lab_206_PC056,In Use,AnonUser_0006,15
2026-04-01 19:45:00,Lab_206_PC057,Offline,N/A,N/A
2026-04-01 19:45:00,Lab_206_PC058,In Use,AnonUser_0012,30
2026-04-01 19:45:00,Lab_206_PC059,In Use,AnonUser_0008,15
2026-04-01 19:45:00,Lab_206_PC060,In Use,AnonUser_0149,30
2026-04-01 19:45:00,Lab_210_PC061,In Use,AnonUser_0124,15
2026-04-01 19:45:00,Lab_210_PC062,Idle,AnonUser_0086,60
2026-04-01 19:45:00,Lab_210_PC063,In Use,AnonUser_0112,30
2026-04-01 19:45:00,Lab_210_PC064,In Use,AnonUser_0152,165
2026-04-01 19:45:00,Lab_210_PC065,In Use,AnonUser_0101,135
2026-04-01 19:45:00,Lab_210_PC066,Idle,AnonUser_0129,75
2026-04-01 19:45:00,Lab_210_PC067,In Use,AnonUser_0001,15
2026-04-01 19:45:00,Lab_210_PC068,Offline,N/A,N/A
2026-04-01 19:45:00,Lab_210_PC069,Offline,N/A,N/A
2026-04-01 19:45:00,Lab_210_PC070,In Use,AnonUser_0160,135
2026-04-01 19:45:00,Lab_210_PC071,In Use,AnonUser_0155,15
2026-04-01 19:45:00,Lab_210_PC072,In Use,AnonUser_0151,0
2026-04-01 19:45:00,Lab_210_PC073,In Use,AnonUser_0097,60
2026-04-01 19:45:00,Lab_210_PC074,In Use,AnonUser_0025,60
2026-04-01 19:45:00,Lab_210_PC075,Idle,AnonUser_0066,60
2026-04-01 19:45:00,Lab_210_PC076,In Use,AnonUser_0073,150
2026-04-01 19:45:00,Lab_210_PC077,In Use,AnonUser_0135,75
2026-04-01 19:45:00,Lab_210_PC078,In Use,AnonUser_0064,60
2026-04-01 19:45:00,Lab_210_PC079,In Use,AnonUser_0080,120
2026-04-01 19:45:00,Lab_210_PC080,In Use,AnonUser_0088,15
2026-04-01 19:45:00,Lab_210_PC081,In Use,AnonUser_0051,165
2026-04-01 19:45:00,Lab_219_PC082,In Use,AnonUser_0118,135
2026-04-01 19:45:00,Lab_219_PC083,In Use,AnonUser_0067,90
2026-04-01 19:45:00,Lab_219_PC084,In Use,AnonUser_0042,90
2026-04-01 19:45:00,Lab_219_PC085,Idle,AnonUser_0096,120
2026-04-01 19:45:00,Lab_219_PC086,In Use,AnonUser_0113,135
2026-04-01 19:45:00,Lab_219_PC087,In Use,AnonUser_0094,90
2026-04-01 19:45:00,Lab_219_PC088,In Use,AnonUser_0140,0
2026-04-01 19:45:00,Lab_219_PC089,In Use,AnonUser_0121,150
2026-04-01 19:45:00,Lab_219_PC090,In Use,AnonUser_0145,0
2026-04-01 19:45:00,Lab_219_PC091,Idle,AnonUser_0128,165
2026-04-01 19:45:00,Lab_219_PC092,In Use,AnonUser_0054,60
2026-04-01 19:45:00,Lab_219_PC093,In Use,AnonUser_0082,120
2026-04-01 19:45:00,Lab_219_PC094,In Use,AnonUser_0058,180
2026-04-01 19:45:00,Lab_219_PC095,In Use,AnonUser_0003,90
2026-04-01 19:45:00,Lab_219_PC096,In Use,AnonUser_0159,15
2026-04-01 19:45:00,Lab_219_PC097,In Use,AnonUser_0136,0
2026-04-01 19:45:00,Lab_219_PC098,In Use,AnonUser_0053,75
2026-04-01 19:45:00,Lab_219_PC099,In Use,AnonUser_0048,90
2026-04-01 19:45:00,Lab_219_PC100,In Use,AnonUser_0056,105
2026-04-01 19:45:00,Lab_219_PC101,In Use,AnonUser_0022,150
2026-04-01 19:45:00,Lab_219_PC102,Offline,N/A,N/A
2026-04-01 19:45:00,Lab_219_PC103,In Use,AnonUser_0092,15
2026-04-01 19:45:00,Lab_219_PC104,In Use,AnonUser_0131,60
2026-04-01 19:45:00,Lab_219_PC105,In Use,AnonUser_0146,0
2026-04-01 19:45:00,Lab_219_PC106,In Use,AnonUser_0134,45
2026-04-01 19:45:00,Lab_219_PC107,In Use,AnonUser_0078,30
2026-04-01 19:45:00,Lab_219_PC108,In Use,AnonUser_0107,105
2026-04-01 19:45:00,Lab_219_PC109,Idle,AnonUser_0164,180
2026-04-01 19:45:00,Lab_219_PC110,In Use,AnonUser_0005,15
2026-04-01 19:45:00,Lab_219_PC111,In Use,AnonUser_0065,195
2026-04-01 19:45:00,Lab_219_PC112,In Use,AnonUser_0076,0
2026-04-01 19:45:00,Lab_219_PC113,In Use,AnonUser_0011,120
2026-04-01 19:45:00,Lab_219_PC114,In Use,AnonUser_0106,15
2026-04-01 19:45:00,Lab_219_PC115,In Use,AnonUser_0130,90
2026-04-01 19:45:00,Lab_219_PC116,In Use,AnonUser_0030,45
2026-04-01 19:45:00,Lab_219_PC117,In Use,AnonUser_0109,45
2026-04-01 19:45:00,Lab_219_PC118,In Use,AnonUser_0050,45
2026-04-01 19:45:00,Lab_219_PC119,In Use,AnonUser_0154,90
2026-04-01 19:45:00,Lab_219_PC120,In Use,AnonUser_0059,0
2026-04-01 19:45:00,Lab_219_PC121,In Use,AnonUser_0023,210
2026-04-01 19:45:00,Lab_219_PC122,Idle,AnonUser_0068,75
2026-04-01 19:45:00,Lab_219_PC123,In Use,AnonUser_0173,120
2026-04-01 19:45:00,Lab_219_PC124,In Use,AnonUser_0157,0
2026-04-01 19:45:00,Lab_219_PC125,In Use,AnonUser_0095,15
2026-04-01 19:45:00,Lab_219_PC126,In Use,AnonUser_0108,15
2026-04-01 19:45:00,Lab_219_PC127,Idle,AnonUser_0046,225
2026-04-01 19:45:00,Lab_219_PC128,In Use,AnonUser_0037,75
2026-04-01 19:45:00,Lab_219_PC129,In Use,AnonUser_0148,60
2026-04-01 19:45:00,Lab_219_PC130,In Use,AnonUser_0167,30
2026-04-01 19:45:00,Lab_219_PC131,In Use,AnonUser_0123,135
2026-04-01 19:45:00,Lab_219_PC132,Offline,N/A,N/A
2026-04-01 19:45:00,Lab_219_PC133,In Use,AnonUser_0062,90
2026-04-01 19:45:00,Lab_219_PC134,In Use,AnonUser_0102,165
2026-04-01 19:45:00,Lab_219_PC135,Idle,AnonUser_0039,105
2026-04-01 19:45:00,Lab_219_PC136,Idle,AnonUser_0104,60
2026-04-01 19:45:00,Lab_219_PC137,In Use,AnonUser_0084,15
2026-04-01 19:45:00,Lab_219_PC138,In Use,AnonUser_0132,0
2026-04-01 19:45:00,Lab_219_PC139,In Use,AnonUser_0147,30
2026-04-01 19:45:00,Lab_219_PC140,Idle,AnonUser_0161,180
2026-04-01 19:45:00,Lab_219_PC141,In Use,AnonUser_0035,30
2026-04-01 19:45:00,Lab_219_PC142,In Use,AnonUser_0087,210
2026-04-01 19:45:00,Lab_219_PC143,In Use,AnonUser_0055,210
2026-04-01 19:45:00,Lab_219_PC144,In Use,AnonUser_0119,30
2026-04-01 19:45:00,Lab_219_PC145,In Use,AnonUser_0031,15
2026-04-01 19:45:00,Lab_219_PC146,In Use,AnonUser_0093,15
2026-04-01 19:45:00,Lab_219_PC147,In Use,AnonUser_0153,60
2026-04-01 19:45:00,Lab_219_PC148,Idle,AnonUser_0024,105
2026-04-01 19:45:00,Lab_219_PC149,In Use,AnonUser_0041,75
2026-04-01 19:45:00,Lab_219_PC150,In Use,AnonUser_0045,225
2026-04-01 19:45:00,Lab_219_PC151,Idle,AnonUser_0036,30
2026-04-01 19:45:00,Lab_219_PC152,Idle,AnonUser_0040,180
2026-04-01 19:45:00,Lab_219_PC153,In Use,AnonUser_0111,0
2026-04-01 19:45:00,Lab_219_PC154,In Use,AnonUser_0150,165
2026-04-01 19:45:00,Lab_219_PC155,In Use,AnonUser_0072,135
2026-04-01 19:45:00,Lab_219_PC156,In Use,AnonUser_0143,75
2026-04-01 19:45:00,Lab_219_PC157,In Use,AnonUser_0013,105
2026-04-01 19:45:00,Lab_219_PC158,In Use,AnonUser_0122,0
2026-04-01 19:45:00,Lab_219_PC159,In Use,AnonUser_0127,0
2026-04-01 19:45:00,Lab_219_PC160,In Use,AnonUser_0028,120
2026-04-01 19:45:00,Lab_219_PC161,Offline,N/A,N/A
2026-04-01 19:45:00,Lab_219_PC162,In Use,AnonUser_0172,75
2026-04-01 19:45:00,Lab_219_PC163,In Use,AnonUser_0021,45
2026-04-01 19:45:00,Lab_219_PC164,In Use,AnonUser_0049,60
2026-04-01 19:45:00,Lab_219_PC165,In Use,AnonUser_0169,105
2026-04-01 19:45:00,Lab_219_PC166,In Use,AnonUser_0019,225
2026-04-01 19:45:00,Lab_219_PC167,In Use,AnonUser_0015,30
2026-04-01 19:45:00,Lab_219_PC168,In Use,AnonUser_0010,75
2026-04-01 19:45:00,Lab_219_PC169,In Use,AnonUser_0044,75
2026-04-01 19:45:00,Lab_219_PC170,In Use,AnonUser_0115,165
2026-04-01 19:45:00,Lab_219_PC171,In Use,AnonUser_0057,15
2026-04-01 19:45:00,Lab_219_PC172,Offline,N/A,N/A
2026-04-01 19:45:00,Lab_219_PC173,In Use,AnonUser_0027,90
2026-04-01 19:45:00,Lab_219_PC174,In Use,AnonUser_0007,60
2026-04-01 19:45:00,Lab_219_PC175,In Use,AnonUser_0016,105
2026-04-01 19:45:00,Lab_219_PC176,Idle,AnonUser_0091,150
2026-04-01 19:45:00,Lab_219_PC177,In Use,AnonUser_0137,120
2026-04-01 19:45:00,Lab_219_PC178,Idle,AnonUser_0117,120
2026-04-01 19:45:00,Lab_219_PC179,In Use,AnonUser_0139,60
2026-04-01 20:00:00,Lab_202_PC001,In Use,AnonUser_0089,105
2026-04-01 20:00:00,Lab_202_PC002,Offline,N/A,N/A
2026-04-01 20:00:00,Lab_202_PC003,In Use,AnonUser_0126,135
2026-04-01 20:00:00,Lab_202_PC004,In Use,AnonUser_0029,90
2026-04-01 20:00:00,Lab_202_PC005,Offline,N/A,N/A
2026-04-01 20:00:00,Lab_202_PC006,In Use,AnonUser_0103,0
2026-04-01 20:00:00,Lab_202_PC007,In Use,AnonUser_0061,45
2026-04-01 20:00:00,Lab_202_PC008,In Use,AnonUser_0085,105
2026-04-01 20:00:00,Lab_202_PC009,In Use,AnonUser_0165,0
2026-04-01 20:00:00,Lab_202_PC010,In Use,AnonUser_0074,90
2026-04-01 20:00:00,Lab_202_PC011,In Use,AnonUser_0171,75
2026-04-01 20:00:00,Lab_202_PC012,In Use,AnonUser_0099,90
2026-04-01 20:00:00,Lab_202_PC013,In Use,AnonUser_0098,45
2026-04-01 20:00:00,Lab_202_PC014,In Use,AnonUser_0168,15
2026-04-01 20:00:00,Lab_202_PC015,Idle,AnonUser_0083,135
2026-04-01 20:00:00,Lab_202_PC016,In Use,AnonUser_0034,60
2026-04-01 20:00:00,Lab_202_PC017,In Use,AnonUser_0178,15
2026-04-01 20:00:00,Lab_202_PC018,Offline,N/A,N/A
2026-04-01 20:00:00,Lab_202_PC019,In Use,AnonUser_0175,30
2026-04-01 20:00:00,Lab_202_PC020,In Use,AnonUser_0038,15
2026-04-01 20:00:00,Lab_202_PC021,In Use,AnonUser_0071,135
2026-04-01 20:00:00,Lab_202_PC022,In Use,AnonUser_0026,30
2026-04-01 20:00:00,Lab_202_PC023,In Use,AnonUser_0141,90
2026-04-01 20:00:00,Lab_202_PC024,In Use,AnonUser_0163,30
2026-04-01 20:00:00,Lab_202_PC025,Idle,AnonUser_0179,45
2026-04-01 20:00:00,Lab_202_PC026,In Use,AnonUser_0120,90
2026-04-01 20:00:00,Lab_202_PC027,In Use,AnonUser_0069,0
2026-04-01 20:00:00,Lab_202_PC028,Idle,AnonUser_0002,180
2026-04-01 20:00:00,Lab_202_PC029,In Use,AnonUser_0081,135
2026-04-01 20:00:00,Lab_202_PC030,In Use,AnonUser_0079,30
2026-04-01 20:00:00,Lab_206_PC031,Offline,N/A,N/A
2026-04-01 20:00:00,Lab_206_PC032,Offline,N/A,N/A
2026-04-01 20:00:00,Lab_206_PC033,In Use,AnonUser_0020,75
2026-04-01 20:00:00,Lab_206_PC034,Offline,N/A,N/A
2026-04-01 20:00:00,Lab_206_PC035,In Use,AnonUser_0156,15
2026-04-01 20:00:00,Lab_206_PC036,In Use,AnonUser_0176,105
2026-04-01 20:00:00,Lab_206_PC037,In Use,AnonUser_0133,90
2026-04-01 20:00:00,Lab_206_PC038,In Use,AnonUser_0047,30
2026-04-01 20:00:00,Lab_206_PC039,Offline,N/A,N/A
2026-04-01 20:00:00,Lab_206_PC040,Idle,AnonUser_0032,15
2026-04-01 20:00:00,Lab_206_PC041,In Use,AnonUser_0075,90
2026-04-01 20:00:00,Lab_206_PC042,In Use,AnonUser_0105,105
2026-04-01 20:00:00,Lab_206_PC043,In Use,AnonUser_0170,45
2026-04-01 20:00:00,Lab_206_PC044,In Use,AnonUser_0018,90
2026-04-01 20:00:00,Lab_206_PC045,Offline,N/A,N/A
2026-04-01 20:00:00,Lab_206_PC046,Offline,N/A,N/A
2026-04-01 20:00:00,Lab_206_PC047,In Use,AnonUser_0177,75
2026-04-01 20:00:00,Lab_206_PC048,In Use,AnonUser_0144,15
2026-04-01 20:00:00,Lab_206_PC049,In Use,AnonUser_0110,30
2026-04-01 20:00:00,Lab_206_PC050,In Use,AnonUser_0158,120
2026-04-01 20:00:00,Lab_206_PC051,In Use,AnonUser_0174,30
2026-04-01 20:00:00,Lab_206_PC052,In Use,AnonUser_0100,30
2026-04-01 20:00:00,Lab_206_PC053,In Use,AnonUser_0004,90
2026-04-01 20:00:00,Lab_206_PC054,Idle,AnonUser_0063,75
2026-04-01 20:00:00,Lab_206_PC055,In Use,AnonUser_0009,45
2026-04-01 20:00:00,Lab_206_PC056,In Use,AnonUser_0006,0
2026-04-01 20:00:00,Lab_206_PC057,Offline,N/A,N/A
2026-04-01 20:00:00,Lab_206_PC058,In Use,AnonUser_0012,15
2026-04-01 20:00:00,Lab_206_PC059,Idle,AnonUser_0008,0
2026-04-01 20:00:00,Lab_206_PC060,In Use,AnonUser_0149,15
2026-04-01 20:00:00,Lab_210_PC061,In Use,AnonUser_0124,0
2026-04-01 20:00:00,Lab_210_PC062,In Use,AnonUser_0086,45
2026-04-01 20:00:00,Lab_210_PC063,In Use,AnonUser_0112,15
2026-04-01 20:00:00,Lab_210_PC064,In Use,AnonUser_0152,150
2026-04-01 20:00:00,Lab_210_PC065,In Use,AnonUser_0101,120
2026-04-01 20:00:00,Lab_210_PC066,In Use,AnonUser_0129,60
2026-04-01 20:00:00,Lab_210_PC067,In Use,AnonUser_0001,0
2026-04-01 20:00:00,Lab_210_PC068,Offline,N/A,N/A
2026-04-01 20:00:00,Lab_210_PC069,Idle,AnonUser_0060,105
2026-04-01 20:00:00,Lab_210_PC070,In Use,AnonUser_0160,120
2026-04-01 20:00:00,Lab_210_PC071,In Use,AnonUser_0155,0
2026-04-01 20:00:00,Lab_210_PC072,Offline,N/A,N/A
2026-04-01 20:00:00,Lab_210_PC073,In Use,AnonUser_0097,45
2026-04-01 20:00:00,Lab_210_PC074,In Use,AnonUser_0025,45
2026-04-01 20:00:00,Lab_210_PC075,In Use,AnonUser_0066,45
2026-04-01 20:00:00,Lab_210_PC076,In Use,AnonUser_0073,135
2026-04-01 20:00:00,Lab_210_PC077,In Use,AnonUser_0135,60
2026-04-01 20:00:00,Lab_210_PC078,Idle,AnonUser_0064,45
2026-04-01 20:00:00,Lab_210_PC079,In Use,AnonUser_0080,105
2026-04-01 20:00:00,Lab_210_PC080,In Use,AnonUser_0088,0
2026-04-01 20:00:00,Lab_210_PC081,In Use,AnonUser_0051,150
2026-04-01 20:00:00,Lab_219_PC082,In Use,AnonUser_0118,120
2026-04-01 20:00:00,Lab_219_PC083,In Use,AnonUser_0067,75
2026-04-01 20:00:00,Lab_219_PC084,In Use,AnonUser_0042,75
2026-04-01 20:00:00,Lab_219_PC085,In Use,AnonUser_0096,105
2026-04-01 20:00:00,Lab_219_PC086,In Use,AnonUser_0113,120
2026-04-01 20:00:00,Lab_219_PC087,In Use,AnonUser_0094,75
2026-04-01 20:00:00,Lab_219_PC088,Offline,N/A,N/A
2026-04-01 20:00:00,Lab_219_PC089,In Use,AnonUser_0121,135
2026-04-01 20:00:00,Lab_219_PC090,Offline,N/A,N/A
2026-04-01 20:00:00,Lab_219_PC091,In Use,AnonUser_0128,150
2026-04-01 20:00:00,Lab_219_PC092,In Use,AnonUser_0054,45
2026-04-01 20:00:00,Lab_219_PC093,In Use,AnonUser_0082,105
2026-04-01 20:00:00,Lab_219_PC094,In Use,AnonUser_0058,165
2026-04-01 20:00:00,Lab_219_PC095,In Use,AnonUser_0003,75
2026-04-01 20:00:00,Lab_219_PC096,In Use,AnonUser_0159,0
2026-04-01 20:00:00,Lab_219_PC097,Offline,N/A,N/A
2026-04-01 20:00:00,Lab_219_PC098,In Use,AnonUser_0053,60
2026-04-01 20:00:00,Lab_219_PC099,In Use,AnonUser_0048,75
2026-04-01 20:00:00,Lab_219_PC100,Idle,AnonUser_0056,90
2026-04-01 20:00:00,Lab_219_PC101,In Use,AnonUser_0022,135
2026-04-01 20:00:00,Lab_219_PC102,Offline,N/A,N/A
2026-04-01 20:00:00,Lab_219_PC103,In Use,AnonUser_0092,0
2026-04-01 20:00:00,Lab_219_PC104,In Use,AnonUser_0131,45
2026-04-01 20:00:00,Lab_219_PC105,Offline,N/A,N/A
2026-04-01 20:00:00,Lab_219_PC106,In Use,AnonUser_0134,30
2026-04-01 20:00:00,Lab_219_PC107,In Use,AnonUser_0078,15
2026-04-01 20:00:00,Lab_219_PC108,In Use,AnonUser_0107,90
2026-04-01 20:00:00,Lab_219_PC109,In Use,AnonUser_0164,165
2026-04-01 20:00:00,Lab_219_PC110,In Use,AnonUser_0005,0
2026-04-01 20:00:00,Lab_219_PC111,In Use,AnonUser_0065,180
2026-04-01 20:00:00,Lab_219_PC112,Offline,N/A,N/A
2026-04-01 20:00:00,Lab_219_PC113,In Use,AnonUser_0011,105
2026-04-01 20:00:00,Lab_219_PC114,In Use,AnonUser_0106,0
2026-04-01 20:00:00,Lab_219_PC115,Idle,AnonUser_0130,75
2026-04-01 20:00:00,Lab_219_PC116,In Use,AnonUser_0030,30
2026-04-01 20:00:00,Lab_219_PC117,In Use,AnonUser_0109,30
2026-04-01 20:00:00,Lab_219_PC118,In Use,AnonUser_0050,30
2026-04-01 20:00:00,Lab_219_PC119,In Use,AnonUser_0154,75
2026-04-01 20:00:00,Lab_219_PC120,Offline,N/A,N/A
2026-04-01 20:00:00,Lab_219_PC121,In Use,AnonUser_0023,195
2026-04-01 20:00:00,Lab_219_PC122,In Use,AnonUser_0068,60
2026-04-01 20:00:00,Lab_219_PC123,Idle,AnonUser_0173,105
2026-04-01 20:00:00,Lab_219_PC124,Offline,N/A,N/A
2026-04-01 20:00:00,Lab_219_PC125,In Use,AnonUser_0095,0
2026-04-01 20:00:00,Lab_219_PC126,Idle,AnonUser_0108,0
2026-04-01 20:00:00,Lab_219_PC127,In Use,AnonUser_0046,210
2026-04-01 20:00:00,Lab_219_PC128,In Use,AnonUser_0037,60
2026-04-01 20:00:00,Lab_219_PC129,In Use,AnonUser_0148,45
2026-04-01 20:00:00,Lab_219_PC130,In Use,AnonUser_0167,15
2026-04-01 20:00:00,Lab_219_PC131,In Use,AnonUser_0123,120
2026-04-01 20:00:00,Lab_219_PC132,Idle,AnonUser_0125,195
2026-04-01 20:00:00,Lab_219_PC133,In Use,AnonUser_0062,75
2026-04-01 20:00:00,Lab_219_PC134,In Use,AnonUser_0102,150
2026-04-01 20:00:00,Lab_219_PC135,In Use,AnonUser_0039,90
2026-04-01 20:00:00,Lab_219_PC136,In Use,AnonUser_0104,45
2026-04-01 20:00:00,Lab_219_PC137,Idle,AnonUser_0084,0
2026-04-01 20:00:00,Lab_219_PC138,Offline,N/A,N/A
2026-04-01 20:00:00,Lab_219_PC139,Idle,AnonUser_0147,15
2026-04-01 20:00:00,Lab_219_PC140,In Use,AnonUser_0161,165
2026-04-01 20:00:00,Lab_219_PC141,Idle,AnonUser_0035,15
2026-04-01 20:00:00,Lab_219_PC142,Idle,AnonUser_0087,195
2026-04-01 20:00:00,Lab_219_PC143,In Use,AnonUser_0055,195
2026-04-01 20:00:00,Lab_219_PC144,In Use,AnonUser_0119,15
2026-04-01 20:00:00,Lab_219_PC145,In Use,AnonUser_0031,0
2026-04-01 20:00:00,Lab_219_PC146,In Use,AnonUser_0093,0
2026-04-01 20:00:00,Lab_219_PC147,In Use,AnonUser_0153,45
2026-04-01 20:00:00,Lab_219_PC148,Idle,AnonUser_0024,90
2026-04-01 20:00:00,Lab_219_PC149,In Use,AnonUser_0041,60
2026-04-01 20:00:00,Lab_219_PC150,In Use,AnonUser_0045,210
2026-04-01 20:00:00,Lab_219_PC151,In Use,AnonUser_0036,15
2026-04-01 20:00:00,Lab_219_PC152,In Use,AnonUser_0040,165
2026-04-01 20:00:00,Lab_219_PC153,Offline,N/A,N/A
2026-04-01 20:00:00,Lab_219_PC154,In Use,AnonUser_0150,150
2026-04-01 20:00:00,Lab_219_PC155,In Use,AnonUser_0072,120
2026-04-01 20:00:00,Lab_219_PC156,In Use,AnonUser_0143,60
2026-04-01 20:00:00,Lab_219_PC157,In Use,AnonUser_0013,90
2026-04-01 20:00:00,Lab_219_PC158,Offline,N/A,N/A
2026-04-01 20:00:00,Lab_219_PC159,Offline,N/A,N/A
2026-04-01 20:00:00,Lab_219_PC160,In Use,AnonUser_0028,105
2026-04-01 20:00:00,Lab_219_PC161,Offline,N/A,N/A
2026-04-01 20:00:00,Lab_219_PC162,In Use,AnonUser_0172,60
2026-04-01 20:00:00,Lab_219_PC163,In Use,AnonUser_0021,30
2026-04-01 20:00:00,Lab_219_PC164,In Use,AnonUser_0049,45
2026-04-01 20:00:00,Lab_219_PC165,In Use,AnonUser_0169,90
2026-04-01 20:00:00,Lab_219_PC166,Idle,AnonUser_0019,210
2026-04-01 20:00:00,Lab_219_PC167,In Use,AnonUser_0015,15
2026-04-01 20:00:00,Lab_219_PC168,In Use,AnonUser_0010,60
2026-04-01 20:00:00,Lab_219_PC169,In Use,AnonUser_0044,60
2026-04-01 20:00:00,Lab_219_PC170,In Use,AnonUser_0115,150
2026-04-01 20:00:00,Lab_219_PC171,Idle,AnonUser_0057,0
2026-04-01 20:00:00,Lab_219_PC172,Offline,N/A,N/A
2026-04-01 20:00:00,Lab_219_PC173,In Use,AnonUser_0027,75
2026-04-01 20:00:00,Lab_219_PC174,In Use,AnonUser_0007,45
2026-04-01 20:00:00,Lab_219_PC175,In Use,AnonUser_0016,90
2026-04-01 20:00:00,Lab_219_PC176,In Use,AnonUser_0091,135
2026-04-01 20:00:00,Lab_219_PC177,In Use,AnonUser_0137,105
2026-04-01 20:00:00,Lab_219_PC178,In Use,AnonUser_0117,105
2026-04-01 20:00:00,Lab_219_PC179,In Use,AnonUser_0139,45
2026-04-01 20:15:00,Lab_202_PC001,In Use,AnonUser_0089,90
2026-04-01 20:15:00,Lab_202_PC002,Offline,N/A,N/A
2026-04-01 20:15:00,Lab_202_PC003,In Use,AnonUser_0126,120
2026-04-01 20:15:00,Lab_202_PC004,In Use,AnonUser_0029,75
2026-04-01 20:15:00,Lab_202_PC005,Offline,N/A,N/A
2026-04-01 20:15:00,Lab_202_PC006,Offline,N/A,N/A
2026-04-01 20:15:00,Lab_202_PC007,In Use,AnonUser_0061,30
2026-04-01 20:15:00,Lab_202_PC008,In Use,AnonUser_0085,90
2026-04-01 20:15:00,Lab_202_PC009,Offline,N/A,N/A
2026-04-01 20:15:00,Lab_202_PC010,In Use,AnonUser_0074,75
2026-04-01 20:15:00,Lab_202_PC011,In Use,AnonUser_0171,60
2026-04-01 20:15:00,Lab_202_PC012,Idle,AnonUser_0099,75
2026-04-01 20:15:00,Lab_202_PC013,In Use,AnonUser_0098,30
2026-04-01 20:15:00,Lab_202_PC014,In Use,AnonUser_0168,0
2026-04-01 20:15:00,Lab_202_PC015,In Use,AnonUser_0083,120
2026-04-01 20:15:00,Lab_202_PC016,In Use,AnonUser_0034,45
2026-04-01 20:15:00,Lab_202_PC017,In Use,AnonUser_0178,0
2026-04-01 20:15:00,Lab_202_PC018,Offline,N/A,N/A
2026-04-01 20:15:00,Lab_202_PC019,Idle,AnonUser_0175,15
2026-04-01 20:15:00,Lab_202_PC020,In Use,AnonUser_0038,0
2026-04-01 20:15:00,Lab_202_PC021,In Use,AnonUser_0071,120
2026-04-01 20:15:00,Lab_202_PC022,In Use,AnonUser_0026,15
2026-04-01 20:15:00,Lab_202_PC023,Idle,AnonUser_0141,75
2026-04-01 20:15:00,Lab_202_PC024,In Use,AnonUser_0163,15
2026-04-01 20:15:00,Lab_202_PC025,In Use,AnonUser_0179,30
2026-04-01 20:15:00,Lab_202_PC026,In Use,AnonUser_0120,75
2026-04-01 20:15:00,Lab_202_PC027,Offline,N/A,N/A
2026-04-01 20:15:00,Lab_202_PC028,In Use,AnonUser_0002,165
2026-04-01 20:15:00,Lab_202_PC029,In Use,AnonUser_0081,120
2026-04-01 20:15:00,Lab_202_PC030,In Use,AnonUser_0079,15
2026-04-01 20:15:00,Lab_206_PC031,Offline,N/A,N/A
2026-04-01 20:15:00,Lab_206_PC032,Idle,AnonUser_0069,120
2026-04-01 20:15:00,Lab_206_PC033,In Use,AnonUser_0020,60
2026-04-01 20:15:00,Lab_206_PC034,Offline,N/A,N/A
2026-04-01 20:15:00,Lab_206_PC035,In Use,AnonUser_0156,0
2026-04-01 20:15:00,Lab_206_PC036,Idle,AnonUser_0176,90
2026-04-01 20:15:00,Lab_206_PC037,In Use,AnonUser_0133,75
2026-04-01 20:15:00,Lab_206_PC038,In Use,AnonUser_0047,15
2026-04-01 20:15:00,Lab_206_PC039,Offline,N/A,N/A
2026-04-01 20:15:00,Lab_206_PC040,Idle,AnonUser_0032,0
2026-04-01 20:15:00,Lab_206_PC041,Idle,AnonUser_0075,75
2026-04-01 20:15:00,Lab_206_PC042,In Use,AnonUser_0105,90
2026-04-01 20:15:00,Lab_206_PC043,In Use,AnonUser_0170,30
2026-04-01 20:15:00,Lab_206_PC044,In Use,AnonUser_0018,75
2026-04-01 20:15:00,Lab_206_PC045,Offline,N/A,N/A
2026-04-01 20:15:00,Lab_206_PC046,Offline,N/A,N/A
2026-04-01 20:15:00,Lab_206_PC047,In Use,AnonUser_0177,60
2026-04-01 20:15:00,Lab_206_PC048,In Use,AnonUser_0144,0
2026-04-01 20:15:00,Lab_206_PC049,In Use,AnonUser_0110,15
2026-04-01 20:15:00,Lab_206_PC050,In Use,AnonUser_0158,105
2026-04-01 20:15:00,Lab_206_PC051,In Use,AnonUser_0174,15
2026-04-01 20:15:00,Lab_206_PC052,Idle,AnonUser_0100,15
2026-04-01 20:15:00,Lab_206_PC053,In Use,AnonUser_0004,75
2026-04-01 20:15:00,Lab_206_PC054,In Use,AnonUser_0063,60
2026-04-01 20:15:00,Lab_206_PC055,In Use,AnonUser_0009,30
2026-04-01 20:15:00,Lab_206_PC056,Offline,N/A,N/A
2026-04-01 20:15:00,Lab_206_PC057,Offline,N/A,N/A
2026-04-01 20:15:00,Lab_206_PC058,In Use,AnonUser_0012,0
2026-04-01 20:15:00,Lab_206_PC059,Offline,N/A,N/A
2026-04-01 20:15:00,Lab_206_PC060,In Use,AnonUser_0149,0
2026-04-01 20:15:00,Lab_210_PC061,Offline,N/A,N/A
2026-04-01 20:15:00,Lab_210_PC062,In Use,AnonUser_0086,30
2026-04-01 20:15:00,Lab_210_PC063,In Use,AnonUser_0112,0
2026-04-01 20:15:00,Lab_210_PC064,In Use,AnonUser_0152,135
2026-04-01 20:15:00,Lab_210_PC065,In Use,AnonUser_0101,105
2026-04-01 20:15:00,Lab_210_PC066,In Use,AnonUser_0129,45
2026-04-01 20:15:00,Lab_210_PC067,Offline,N/A,N/A
2026-04-01 20:15:00,Lab_210_PC068,Offline,N/A,N/A
2026-04-01 20:15:00,Lab_210_PC069,In Use,AnonUser_0060,90
2026-04-01 20:15:00,Lab_210_PC070,In Use,AnonUser_0160,105
2026-04-01 20:15:00,Lab_210_PC071,Offline,N/A,N/A
2026-04-01 20:15:00,Lab_210_PC072,In Use,AnonUser_0166,195
2026-04-01 20:15:00,Lab_210_PC073,In Use,AnonUser_0097,30
2026-04-01 20:15:00,Lab_210_PC074,In Use,AnonUser_0025,30
2026-04-01 20:15:00,Lab_210_PC075,In Use,AnonUser_0066,30
2026-04-01 20:15:00,Lab_210_PC076,In Use,AnonUser_0073,120
2026-04-01 20:15:00,Lab_210_PC077,In Use,AnonUser_0135,45
2026-04-01 20:15:00,Lab_210_PC078,In Use,AnonUser_0064,30
2026-04-01 20:15:00,Lab_210_PC079,In Use,AnonUser_0080,90
2026-04-01 20:15:00,Lab_210_PC080,Offline,N/A,N/A
2026-04-01 20:15:00,Lab_210_PC081,Idle,AnonUser_0051,135
2026-04-01 20:15:00,Lab_219_PC082,In Use,AnonUser_0118,105
2026-04-01 20:15:00,Lab_219_PC083,In Use,AnonUser_0067,60
2026-04-01 20:15:00,Lab_219_PC084,Idle,AnonUser_0042,60
2026-04-01 20:15:00,Lab_219_PC085,In Use,AnonUser_0096,90
2026-04-01 20:15:00,Lab_219_PC086,In Use,AnonUser_0113,105
2026-04-01 20:15:00,Lab_219_PC087,In Use,AnonUser_0094,60
2026-04-01 20:15:00,Lab_219_PC088,Offline,N/A,N/A
2026-04-01 20:15:00,Lab_219_PC089,In Use,AnonUser_0121,120
2026-04-01 20:15:00,Lab_219_PC090,Offline,N/A,N/A
2026-04-01 20:15:00,Lab_219_PC091,In Use,AnonUser_0128,135
2026-04-01 20:15:00,Lab_219_PC092,In Use,AnonUser_0054,30
2026-04-01 20:15:00,Lab_219_PC093,In Use,AnonUser_0082,90
2026-04-01 20:15:00,Lab_219_PC094,In Use,AnonUser_0058,150
2026-04-01 20:15:00,Lab_219_PC095,Idle,AnonUser_0003,60
2026-04-01 20:15:00,Lab_219_PC096,In Use,AnonUser_0103,180
2026-04-01 20:15:00,Lab_219_PC097,Offline,N/A,N/A
2026-04-01 20:15:00,Lab_219_PC098,In Use,AnonUser_0053,45
2026-04-01 20:15:00,Lab_219_PC099,In Use,AnonUser_0048,60
2026-04-01 20:15:00,Lab_219_PC100,In Use,AnonUser_0056,75
2026-04-01 20:15:00,Lab_219_PC101,In Use,AnonUser_0022,120
2026-04-01 20:15:00,Lab_219_PC102,Offline,N/A,N/A
2026-04-01 20:15:00,Lab_219_PC103,Offline,N/A,N/A
2026-04-01 20:15:00,Lab_219_PC104,In Use,AnonUser_0131,30
2026-04-01 20:15:00,Lab_219_PC105,In Use,AnonUser_0122,30
2026-04-01 20:15:00,Lab_219_PC106,In Use,AnonUser_0134,15
2026-04-01 20:15:00,Lab_219_PC107,Idle,AnonUser_0078,0
2026-04-01 20:15:00,Lab_219_PC108,In Use,AnonUser_0107,75
2026-04-01 20:15:00,Lab_219_PC109,In Use,AnonUser_0164,150
2026-04-01 20:15:00,Lab_219_PC110,Offline,N/A,N/A
2026-04-01 20:15:00,Lab_219_PC111,In Use,AnonUser_0065,165
2026-04-01 20:15:00,Lab_219_PC112,Offline,N/A,N/A
2026-04-01 20:15:00,Lab_219_PC113,In Use,AnonUser_0011,90
2026-04-01 20:15:00,Lab_219_PC114,Offline,N/A,N/A
2026-04-01 20:15:00,Lab_219_PC115,In Use,AnonUser_0130,60
2026-04-01 20:15:00,Lab_219_PC116,In Use,AnonUser_0030,15
2026-04-01 20:15:00,Lab_219_PC117,In Use,AnonUser_0109,15
2026-04-01 20:15:00,Lab_219_PC118,In Use,AnonUser_0050,15
2026-04-01 20:15:00,Lab_219_PC119,In Use,AnonUser_0154,60
2026-04-01 20:15:00,Lab_219_PC120,Offline,N/A,N/A
2026-04-01 20:15:00,Lab_219_PC121,In Use,AnonUser_0023,180
2026-04-01 20:15:00,Lab_219_PC122,In Use,AnonUser_0068,45
2026-04-01 20:15:00,Lab_219_PC123,In Use,AnonUser_0173,90
2026-04-01 20:15:00,Lab_219_PC124,Offline,N/A,N/A
2026-04-01 20:15:00,Lab_219_PC125,Offline,N/A,N/A
2026-04-01 20:15:00,Lab_219_PC126,Offline,N/A,N/A
2026-04-01 20:15:00,Lab_219_PC127,In Use,AnonUser_0046,195
2026-04-01 20:15:00,Lab_219_PC128,In Use,AnonUser_0037,45
2026-04-01 20:15:00,Lab_219_PC129,In Use,AnonUser_0148,30
2026-04-01 20:15:00,Lab_219_PC130,In Use,AnonUser_0167,0
2026-04-01 20:15:00,Lab_219_PC131,In Use,AnonUser_0123,105
2026-04-01 20:15:00,Lab_219_PC132,In Use,AnonUser_0125,180
2026-04-01 20:15:00,Lab_219_PC133,In Use,AnonUser_0062,60
2026-04-01 20:15:00,Lab_219_PC134,In Use,AnonUser_0102,135
2026-04-01 20:15:00,Lab_219_PC135,In Use,AnonUser_0039,75
2026-04-01 20:15:00,Lab_219_PC136,In Use,AnonUser_0104,30
2026-04-01 20:15:00,Lab_219_PC137,In Use,AnonUser_0159,120
2026-04-01 20:15:00,Lab_219_PC138,Idle,AnonUser_0146,75
2026-04-01 20:15:00,Lab_219_PC139,In Use,AnonUser_0147,0
2026-04-01 20:15:00,Lab_219_PC140,In Use,AnonUser_0161,150
2026-04-01 20:15:00,Lab_219_PC141,In Use,AnonUser_0035,0
2026-04-01 20:15:00,Lab_219_PC142,In Use,AnonUser_0087,180
2026-04-01 20:15:00,Lab_219_PC143,In Use,AnonUser_0055,180
2026-04-01 20:15:00,Lab_219_PC144,In Use,AnonUser_0119,0
2026-04-01 20:15:00,Lab_219_PC145,Offline,N/A,N/A
2026-04-01 20:15:00,Lab_219_PC146,Offline,N/A,N/A
2026-04-01 20:15:00,Lab_219_PC147,In Use,AnonUser_0153,30
2026-04-01 20:15:00,Lab_219_PC148,In Use,AnonUser_0024,75
2026-04-01 20:15:00,Lab_219_PC149,Idle,AnonUser_0041,45
2026-04-01 20:15:00,Lab_219_PC150,In Use,AnonUser_0045,195
2026-04-01 20:15:00,Lab_219_PC151,In Use,AnonUser_0036,0
2026-04-01 20:15:00,Lab_219_PC152,In Use,AnonUser_0040,150
2026-04-01 20:15:00,Lab_219_PC153,Offline,N/A,N/A
2026-04-01 20:15:00,Lab_219_PC154,In Use,AnonUser_0150,135
2026-04-01 20:15:00,Lab_219_PC155,In Use,AnonUser_0072,105
2026-04-01 20:15:00,Lab_219_PC156,In Use,AnonUser_0143,45
2026-04-01 20:15:00,Lab_219_PC157,In Use,AnonUser_0013,75
2026-04-01 20:15:00,Lab_219_PC158,Offline,N/A,N/A
2026-04-01 20:15:00,Lab_219_PC159,Idle,AnonUser_0127,180
2026-04-01 20:15:00,Lab_219_PC160,In Use,AnonUser_0028,90
2026-04-01 20:15:00,Lab_219_PC161,Offline,N/A,N/A
2026-04-01 20:15:00,Lab_219_PC162,In Use,AnonUser_0172,45
2026-04-01 20:15:00,Lab_219_PC163,In Use,AnonUser_0021,15
2026-04-01 20:15:00,Lab_219_PC164,In Use,AnonUser_0049,30
2026-04-01 20:15:00,Lab_219_PC165,In Use,AnonUser_0169,75
2026-04-01 20:15:00,Lab_219_PC166,In Use,AnonUser_0019,195
2026-04-01 20:15:00,Lab_219_PC167,In Use,AnonUser_0015,0
2026-04-01 20:15:00,Lab_219_PC168,In Use,AnonUser_0010,45
2026-04-01 20:15:00,Lab_219_PC169,In Use,AnonUser_0044,45
2026-04-01 20:15:00,Lab_219_PC170,In Use,AnonUser_0115,135
2026-04-01 20:15:00,Lab_219_PC171,Offline,N/A,N/A
2026-04-01 20:15:00,Lab_219_PC172,Idle,AnonUser_0001,30
2026-04-01 20:15:00,Lab_219_PC173,Idle,AnonUser_0027,60
2026-04-01 20:15:00,Lab_219_PC174,In Use,AnonUser_0007,30
2026-04-01 20:15:00,Lab_219_PC175,In Use,AnonUser_0016,75
2026-04-01 20:15:00,Lab_219_PC176,In Use,AnonUser_0091,120
2026-04-01 20:15:00,Lab_219_PC177,In Use,AnonUser_0137,90
2026-04-01 20:15:00,Lab_219_PC178,In Use,AnonUser_0117,90
2026-04-01 20:15:00,Lab_219_PC179,In Use,AnonUser_0139,30
2026-04-01 20:30:00,Lab_202_PC001,Idle,AnonUser_0089,75
2026-04-01 20:30:00,Lab_202_PC002,Idle,AnonUser_0052,60
2026-04-01 20:30:00,Lab_202_PC003,In Use,AnonUser_0126,105
2026-04-01 20:30:00,Lab_202_PC004,In Use,AnonUser_0029,60
2026-04-01 20:30:00,Lab_202_PC005,Offline,N/A,N/A
2026-04-01 20:30:00,Lab_202_PC006,Offline,N/A,N/A
2026-04-01 20:30:00,Lab_202_PC007,Idle,AnonUser_0061,15
2026-04-01 20:30:00,Lab_202_PC008,In Use,AnonUser_0085,75
2026-04-01 20:30:00,Lab_202_PC009,Offline,N/A,N/A
2026-04-01 20:30:00,Lab_202_PC010,In Use,AnonUser_0074,60
2026-04-01 20:30:00,Lab_202_PC011,Idle,AnonUser_0171,45
2026-04-01 20:30:00,Lab_202_PC012,In Use,AnonUser_0099,60
2026-04-01 20:30:00,Lab_202_PC013,Idle,AnonUser_0098,15
2026-04-01 20:30:00,Lab_202_PC014,Offline,N/A,N/A
2026-04-01 20:30:00,Lab_202_PC015,In Use,AnonUser_0083,105
2026-04-01 20:30:00,Lab_202_PC016,In Use,AnonUser_0034,30
2026-04-01 20:30:00,Lab_202_PC017,Idle,AnonUser_0095,120
2026-04-01 20:30:00,Lab_202_PC018,In Use,AnonUser_0031,90
2026-04-01 20:30:00,Lab_202_PC019,In Use,AnonUser_0175,0
2026-04-01 20:30:00,Lab_202_PC020,Offline,N/A,N/A
2026-04-01 20:30:00,Lab_202_PC021,In Use,AnonUser_0071,105
2026-04-01 20:30:00,Lab_202_PC022,In Use,AnonUser_0026,0
2026-04-01 20:30:00,Lab_202_PC023,In Use,AnonUser_0141,60
2026-04-01 20:30:00,Lab_202_PC024,In Use,AnonUser_0163,0
2026-04-01 20:30:00,Lab_202_PC025,Idle,AnonUser_0179,15
2026-04-01 20:30:00,Lab_202_PC026,Idle,AnonUser_0120,60
2026-04-01 20:30:00,Lab_202_PC027,Offline,N/A,N/A
2026-04-01 20:30:00,Lab_202_PC028,In Use,AnonUser_0002,150
2026-04-01 20:30:00,Lab_202_PC029,In Use,AnonUser_0081,105
2026-04-01 20:30:00,Lab_202_PC030,In Use,AnonUser_0079,0
2026-04-01 20:30:00,Lab_206_PC031,Offline,N/A,N/A
2026-04-01 20:30:00,Lab_206_PC032,In Use,AnonUser_0069,105
2026-04-01 20:30:00,Lab_206_PC033,In Use,AnonUser_0020,45
2026-04-01 20:30:00,Lab_206_PC034,Idle,AnonUser_0014,75
2026-04-01 20:30:00,Lab_206_PC035,Offline,N/A,N/A
2026-04-01 20:30:00,Lab_206_PC036,In Use,AnonUser_0176,75
2026-04-01 20:30:00,Lab_206_PC037,In Use,AnonUser_0133,60
2026-04-01 20:30:00,Lab_206_PC038,In Use,AnonUser_0047,0
2026-04-01 20:30:00,Lab_206_PC039,Offline,N/A,N/A
2026-04-01 20:30:00,Lab_206_PC040,Offline,N/A,N/A
2026-04-01 20:30:00,Lab_206_PC041,Idle,AnonUser_0075,60
2026-04-01 20:30:00,Lab_206_PC042,In Use,AnonUser_0105,75
2026-04-01 20:30:00,Lab_206_PC043,In Use,AnonUser_0170,15
2026-04-01 20:30:00,Lab_206_PC044,In Use,AnonUser_0018,60
2026-04-01 20:30:00,Lab_206_PC045,Idle,AnonUser_0106,90
2026-04-01 20:30:00,Lab_206_PC046,Offline,N/A,N/A
2026-04-01 20:30:00,Lab_206_PC047,In Use,AnonUser_0177,45
2026-04-01 20:30:00,Lab_206_PC048,Offline,N/A,N/A
2026-04-01 20:30:00,Lab_206_PC049,In Use,AnonUser_0110,0
2026-04-01 20:30:00,Lab_206_PC050,In Use,AnonUser_0158,90
2026-04-01 20:30:00,Lab_206_PC051,In Use,AnonUser_0174,0
2026-04-01 20:30:00,Lab_206_PC052,In Use,AnonUser_0100,0
2026-04-01 20:30:00,Lab_206_PC053,In Use,AnonUser_0004,60
2026-04-01 20:30:00,Lab_206_PC054,In Use,AnonUser_0063,45
2026-04-01 20:30:00,Lab_206_PC055,In Use,AnonUser_0009,15
2026-04-01 20:30:00,Lab_206_PC056,Offline,N/A,N/A
2026-04-01 20:30:00,Lab_206_PC057,Offline,N/A,N/A
2026-04-01 20:30:00,Lab_206_PC058,Offline,N/A,N/A
2026-04-01 20:30:00,Lab_206_PC059,Offline,N/A,N/A
2026-04-01 20:30:00,Lab_206_PC060,Offline,N/A,N/A
2026-04-01 20:30:00,Lab_210_PC061,Offline,N/A,N/A
2026-04-01 20:30:00,Lab_210_PC062,In Use,AnonUser_0086,15
2026-04-01 20:30:00,Lab_210_PC063,Offline,N/A,N/A
2026-04-01 20:30:00,Lab_210_PC064,In Use,AnonUser_0152,120
2026-04-01 20:30:00,Lab_210_PC065,In Use,AnonUser_0101,90
2026-04-01 20:30:00,Lab_210_PC066,In Use,AnonUser_0129,30
2026-04-01 20:30:00,Lab_210_PC067,Offline,N/A,N/A
2026-04-01 20:30:00,Lab_210_PC068,Offline,N/A,N/A
2026-04-01 20:30:00,Lab_210_PC069,In Use,AnonUser_0060,75
2026-04-01 20:30:00,Lab_210_PC070,In Use,AnonUser_0160,90
2026-04-01 20:30:00,Lab_210_PC071,Offline,N/A,N/A
2026-04-01 20:30:00,Lab_210_PC072,In Use,AnonUser_0166,180
2026-04-01 20:30:00,Lab_210_PC073,In Use,AnonUser_0097,15
2026-04-01 20:30:00,Lab_210_PC074,In Use,AnonUser_0025,15
2026-04-01 20:30:00,Lab_210_PC075,In Use,AnonUser_0066,15
2026-04-01 20:30:00,Lab_210_PC076,In Use,AnonUser_0073,105
2026-04-01 20:30:00,Lab_210_PC077,In Use,AnonUser_0135,30
2026-04-01 20:30:00,Lab_210_PC078,In Use,AnonUser_0064,15
2026-04-01 20:30:00,Lab_210_PC079,In Use,AnonUser_0080,75
2026-04-01 20:30:00,Lab_210_PC080,Offline,N/A,N/A
2026-04-01 20:30:00,Lab_210_PC081,In Use,AnonUser_0051,120
2026-04-01 20:30:00,Lab_219_PC082,Idle,AnonUser_0118,90
2026-04-01 20:30:00,Lab_219_PC083,In Use,AnonUser_0067,45
2026-04-01 20:30:00,Lab_219_PC084,In Use,AnonUser_0042,45
2026-04-01 20:30:00,Lab_219_PC085,In Use,AnonUser_0096,75
2026-04-01 20:30:00,Lab_219_PC086,In Use,AnonUser_0113,90
2026-04-01 20:30:00,Lab_219_PC087,In Use,AnonUser_0094,45
2026-04-01 20:30:00,Lab_219_PC088,Offline,N/A,N/A
2026-04-01 20:30:00,Lab_219_PC089,In Use,AnonUser_0121,105
2026-04-01 20:30:00,Lab_219_PC090,Offline,N/A,N/A
2026-04-01 20:30:00,Lab_219_PC091,Idle,AnonUser_0128,120
2026-04-01 20:30:00,Lab_219_PC092,Idle,AnonUser_0054,15
2026-04-01 20:30:00,Lab_219_PC093,In Use,AnonUser_0082,75
2026-04-01 20:30:00,Lab_219_PC094,In Use,AnonUser_0058,135
2026-04-01 20:30:00,Lab_219_PC095,In Use,AnonUser_0003,45
2026-04-01 20:30:00,Lab_219_PC096,In Use,AnonUser_0103,165
2026-04-01 20:30:00,Lab_219_PC097,Offline,N/A,N/A
2026-04-01 20:30:00,Lab_219_PC098,In Use,AnonUser_0053,30
2026-04-01 20:30:00,Lab_219_PC099,In Use,AnonUser_0048,45
2026-04-01 20:30:00,Lab_219_PC100,In Use,AnonUser_0056,60
2026-04-01 20:30:00,Lab_219_PC101,In Use,AnonUser_0022,105
2026-04-01 20:30:00,Lab_219_PC102,Offline,N/A,N/A
2026-04-01 20:30:00,Lab_219_PC103,Offline,N/A,N/A
2026-04-01 20:30:00,Lab_219_PC104,In Use,AnonUser_0131,15
2026-04-01 20:30:00,Lab_219_PC105,In Use,AnonUser_0122,15
2026-04-01 20:30:00,Lab_219_PC106,Idle,AnonUser_0134,0
2026-04-01 20:30:00,Lab_219_PC107,Offline,N/A,N/A
2026-04-01 20:30:00,Lab_219_PC108,Idle,AnonUser_0107,60
2026-04-01 20:30:00,Lab_219_PC109,In Use,AnonUser_0164,135
2026-04-01 20:30:00,Lab_219_PC110,Idle,AnonUser_0138,0
2026-04-01 20:30:00,Lab_219_PC111,Idle,AnonUser_0065,150
2026-04-01 20:30:00,Lab_219_PC112,Offline,N/A,N/A
2026-04-01 20:30:00,Lab_219_PC113,In Use,AnonUser_0011,75
2026-04-01 20:30:00,Lab_219_PC114,Offline,N/A,N/A
2026-04-01 20:30:00,Lab_219_PC115,In Use,AnonUser_0130,45
2026-04-01 20:30:00,Lab_219_PC116,In Use,AnonUser_0030,0
2026-04-01 20:30:00,Lab_219_PC117,In Use,AnonUser_0109,0
2026-04-01 20:30:00,Lab_219_PC118,In Use,AnonUser_0050,0
2026-04-01 20:30:00,Lab_219_PC119,In Use,AnonUser_0154,45
2026-04-01 20:30:00,Lab_219_PC120,Offline,N/A,N/A
2026-04-01 20:30:00,Lab_219_PC121,Idle,AnonUser_0023,165
2026-04-01 20:30:00,Lab_219_PC122,In Use,AnonUser_0068,30
2026-04-01 20:30:00,Lab_219_PC123,In Use,AnonUser_0173,75
2026-04-01 20:30:00,Lab_219_PC124,Offline,N/A,N/A
2026-04-01 20:30:00,Lab_219_PC125,Offline,N/A,N/A
2026-04-01 20:30:00,Lab_219_PC126,Offline,N/A,N/A
2026-04-01 20:30:00,Lab_219_PC127,Idle,AnonUser_0046,180
2026-04-01 20:30:00,Lab_219_PC128,In Use,AnonUser_0037,30
2026-04-01 20:30:00,Lab_219_PC129,In Use,AnonUser_0148,15
2026-04-01 20:30:00,Lab_219_PC130,Idle,AnonUser_0116,165
2026-04-01 20:30:00,Lab_219_PC131,In Use,AnonUser_0123,90
2026-04-01 20:30:00,Lab_219_PC132,In Use,AnonUser_0125,165
2026-04-01 20:30:00,Lab_219_PC133,Idle,AnonUser_0062,45
2026-04-01 20:30:00,Lab_219_PC134,In Use,AnonUser_0102,120
2026-04-01 20:30:00,Lab_219_PC135,In Use,AnonUser_0039,60
2026-04-01 20:30:00,Lab_219_PC136,In Use,AnonUser_0104,15
2026-04-01 20:30:00,Lab_219_PC137,In Use,AnonUser_0159,105
2026-04-01 20:30:00,Lab_219_PC138,Idle,AnonUser_0146,60
2026-04-01 20:30:00,Lab_219_PC139,Offline,N/A,N/A
2026-04-01 20:30:00,Lab_219_PC140,Idle,AnonUser_0161,135
2026-04-01 20:30:00,Lab_219_PC141,Idle,AnonUser_0057,150
2026-04-01 20:30:00,Lab_219_PC142,In Use,AnonUser_0087,165
2026-04-01 20:30:00,Lab_219_PC143,In Use,AnonUser_0055,165
2026-04-01 20:30:00,Lab_219_PC144,Offline,N/A,N/A
2026-04-01 20:30:00,Lab_219_PC145,Offline,N/A,N/A
2026-04-01 20:30:00,Lab_219_PC146,Offline,N/A,N/A
2026-04-01 20:30:00,Lab_219_PC147,In Use,AnonUser_0153,15
2026-04-01 20:30:00,Lab_219_PC148,In Use,AnonUser_0024,60
2026-04-01 20:30:00,Lab_219_PC149,In Use,AnonUser_0041,30
2026-04-01 20:30:00,Lab_219_PC150,Idle,AnonUser_0045,180
2026-04-01 20:30:00,Lab_219_PC151,Offline,N/A,N/A
2026-04-01 20:30:00,Lab_219_PC152,In Use,AnonUser_0040,135
2026-04-01 20:30:00,Lab_219_PC153,Offline,N/A,N/A
2026-04-01 20:30:00,Lab_219_PC154,In Use,AnonUser_0150,120
2026-04-01 20:30:00,Lab_219_PC155,In Use,AnonUser_0072,90
2026-04-01 20:30:00,Lab_219_PC156,In Use,AnonUser_0143,30
2026-04-01 20:30:00,Lab_219_PC157,Idle,AnonUser_0013,60
2026-04-01 20:30:00,Lab_219_PC158,Offline,N/A,N/A
2026-04-01 20:30:00,Lab_219_PC159,In Use,AnonUser_0127,165
2026-04-01 20:30:00,Lab_219_PC160,In Use,AnonUser_0028,75
2026-04-01 20:30:00,Lab_219_PC161,Offline,N/A,N/A
2026-04-01 20:30:00,Lab_219_PC162,In Use,AnonUser_0172,30
2026-04-01 20:30:00,Lab_219_PC163,In Use,AnonUser_0021,0
2026-04-01 20:30:00,Lab_219_PC164,In Use,AnonUser_0049,15
2026-04-01 20:30:00,Lab_219_PC165,In Use,AnonUser_0169,60
2026-04-01 20:30:00,Lab_219_PC166,Idle,AnonUser_0019,180
2026-04-01 20:30:00,Lab_219_PC167,Offline,N/A,N/A
2026-04-01 20:30:00,Lab_219_PC168,In Use,AnonUser_0010,30
2026-04-01 20:30:00,Lab_219_PC169,In Use,AnonUser_0044,30
2026-04-01 20:30:00,Lab_219_PC170,In Use,AnonUser_0115,120
2026-04-01 20:30:00,Lab_219_PC171,Idle,AnonUser_0017,150
2026-04-01 20:30:00,Lab_219_PC172,In Use,AnonUser_0001,15
2026-04-01 20:30:00,Lab_219_PC173,In Use,AnonUser_0027,45
2026-04-01 20:30:00,Lab_219_PC174,In Use,AnonUser_0007,15
2026-04-01 20:30:00,Lab_219_PC175,Idle,AnonUser_0016,60
2026-04-01 20:30:00,Lab_219_PC176,Idle,AnonUser_0091,105
2026-04-01 20:30:00,Lab_219_PC177,In Use,AnonUser_0137,75
2026-04-01 20:30:00,Lab_219_PC178,In Use,AnonUser_0117,75
2026-04-01 20:30:00,Lab_219_PC179,In Use,AnonUser_0139,15
2026-04-01 20:45:00,Lab_202_PC001,In Use,AnonUser_0089,60
2026-04-01 20:45:00,Lab_202_PC002,In Use,AnonUser_0052,45
2026-04-01 20:45:00,Lab_202_PC003,In Use,AnonUser_0126,90
2026-04-01 20:45:00,Lab_202_PC004,Idle,AnonUser_0029,45
2026-04-01 20:45:00,Lab_202_PC005,Offline,N/A,N/A
2026-04-01 20:45:00,Lab_202_PC006,Offline,N/A,N/A
2026-04-01 20:45:00,Lab_202_PC007,In Use,AnonUser_0061,0
2026-04-01 20:45:00,Lab_202_PC008,In Use,AnonUser_0085,60
2026-04-01 20:45:00,Lab_202_PC009,In Use,AnonUser_0167,75
2026-04-01 20:45:00,Lab_202_PC010,In Use,AnonUser_0074,45
2026-04-01 20:45:00,Lab_202_PC011,In Use,AnonUser_0171,30
2026-04-01 20:45:00,Lab_202_PC012,In Use,AnonUser_0099,45
2026-04-01 20:45:00,Lab_202_PC013,In Use,AnonUser_0098,0
2026-04-01 20:45:00,Lab_202_PC014,Offline,N/A,N/A
2026-04-01 20:45:00,Lab_202_PC015,In Use,AnonUser_0083,90
2026-04-01 20:45:00,Lab_202_PC016,In Use,AnonUser_0034,15
2026-04-01 20:45:00,Lab_202_PC017,In Use,AnonUser_0095,105
2026-04-01 20:45:00,Lab_202_PC018,In Use,AnonUser_0031,75
2026-04-01 20:45:00,Lab_202_PC019,Offline,N/A,N/A
2026-04-01 20:45:00,Lab_202_PC020,Idle,AnonUser_0088,225
2026-04-01 20:45:00,Lab_202_PC021,In Use,AnonUser_0071,90
2026-04-01 20:45:00,Lab_202_PC022,Offline,N/A,N/A
2026-04-01 20:45:00,Lab_202_PC023,In Use,AnonUser_0141,45
2026-04-01 20:45:00,Lab_202_PC024,Offline,N/A,N/A
2026-04-01 20:45:00,Lab_202_PC025,In Use,AnonUser_0179,0
2026-04-01 20:45:00,Lab_202_PC026,In Use,AnonUser_0120,45
2026-04-01 20:45:00,Lab_202_PC027,Offline,N/A,N/A
2026-04-01 20:45:00,Lab_202_PC028,In Use,AnonUser_0002,135
2026-04-01 20:45:00,Lab_202_PC029,In Use,AnonUser_0081,90
2026-04-01 20:45:00,Lab_202_PC030,Idle,AnonUser_0038,15
2026-04-01 20:45:00,Lab_206_PC031,Offline,N/A,N/A
2026-04-01 20:45:00,Lab_206_PC032,In Use,AnonUser_0069,90
2026-04-01 20:45:00,Lab_206_PC033,In Use,AnonUser_0020,30
2026-04-01 20:45:00,Lab_206_PC034,In Use,AnonUser_0014,60
2026-04-01 20:45:00,Lab_206_PC035,In Use,AnonUser_0079,225
2026-04-01 20:45:00,Lab_206_PC036,In Use,AnonUser_0176,60
2026-04-01 20:45:00,Lab_206_PC037,In Use,AnonUser_0133,45
2026-04-01 20:45:00,Lab_206_PC038,Offline,N/A,N/A
2026-04-01 20:45:00,Lab_206_PC039,Offline,N/A,N/A
2026-04-01 20:45:00,Lab_206_PC040,Offline,N/A,N/A
2026-04-01 20:45:00,Lab_206_PC041,In Use,AnonUser_0075,45
2026-04-01 20:45:00,Lab_206_PC042,In Use,AnonUser_0105,60
2026-04-01 20:45:00,Lab_206_PC043,In Use,AnonUser_0170,0
2026-04-01 20:45:00,Lab_206_PC044,Idle,AnonUser_0018,45
2026-04-01 20:45:00,Lab_206_PC045,In Use,AnonUser_0106,75
2026-04-01 20:45:00,Lab_206_PC046,Offline,N/A,N/A
2026-04-01 20:45:00,Lab_206_PC047,In Use,AnonUser_0177,30
2026-04-01 20:45:00,Lab_206_PC048,Offline,N/A,N/A
2026-04-01 20:45:00,Lab_206_PC049,Offline,N/A,N/A
2026-04-01 20:45:00,Lab_206_PC050,Idle,AnonUser_0158,75
2026-04-01 20:45:00,Lab_206_PC051,In Use,AnonUser_0033,105
2026-04-01 20:45:00,Lab_206_PC052,Idle,AnonUser_0108,150
2026-04-01 20:45:00,Lab_206_PC053,In Use,AnonUser_0004,45
2026-04-01 20:45:00,Lab_206_PC054,In Use,AnonUser_0063,30
2026-04-01 20:45:00,Lab_206_PC055,In Use,AnonUser_0009,0
2026-04-01 20:45:00,Lab_206_PC056,In Use,AnonUser_0156,195
2026-04-01 20:45:00,Lab_206_PC057,Offline,N/A,N/A
2026-04-01 20:45:00,Lab_206_PC058,Offline,N/A,N/A
2026-04-01 20:45:00,Lab_206_PC059,Offline,N/A,N/A
2026-04-01 20:45:00,Lab_206_PC060,Offline,N/A,N/A
2026-04-01 20:45:00,Lab_210_PC061,Offline,N/A,N/A
2026-04-01 20:45:00,Lab_210_PC062,In Use,AnonUser_0086,0
2026-04-01 20:45:00,Lab_210_PC063,Offline,N/A,N/A
2026-04-01 20:45:00,Lab_210_PC064,In Use,AnonUser_0152,105
2026-04-01 20:45:00,Lab_210_PC065,In Use,AnonUser_0101,75
2026-04-01 20:45:00,Lab_210_PC066,In Use,AnonUser_0129,15
2026-04-01 20:45:00,Lab_210_PC067,Offline,N/A,N/A
2026-04-01 20:45:00,Lab_210_PC068,In Use,AnonUser_0144,150
2026-04-01 20:45:00,Lab_210_PC069,In Use,AnonUser_0060,60
2026-04-01 20:45:00,Lab_210_PC070,In Use,AnonUser_0160,75
2026-04-01 20:45:00,Lab_210_PC071,Offline,N/A,N/A
2026-04-01 20:45:00,Lab_210_PC072,In Use,AnonUser_0166,165
2026-04-01 20:45:00,Lab_210_PC073,Idle,AnonUser_0097,0
2026-04-01 20:45:00,Lab_210_PC074,In Use,AnonUser_0025,0
2026-04-01 20:45:00,Lab_210_PC075,In Use,AnonUser_0066,0
2026-04-01 20:45:00,Lab_210_PC076,In Use,AnonUser_0073,90
2026-04-01 20:45:00,Lab_210_PC077,In Use,AnonUser_0135,15
2026-04-01 20:45:00,Lab_210_PC078,In Use,AnonUser_0064,0
2026-04-01 20:45:00,Lab_210_PC079,In Use,AnonUser_0080,60
2026-04-01 20:45:00,Lab_210_PC080,Offline,N/A,N/A
2026-04-01 20:45:00,Lab_210_PC081,Idle,AnonUser_0051,105
2026-04-01 20:45:00,Lab_219_PC082,In Use,AnonUser_0118,75
2026-04-01 20:45:00,Lab_219_PC083,In Use,AnonUser_0067,30
2026-04-01 20:45:00,Lab_219_PC084,Idle,AnonUser_0042,30
2026-04-01 20:45:00,Lab_219_PC085,In Use,AnonUser_0096,60
2026-04-01 20:45:00,Lab_219_PC086,Idle,AnonUser_0113,75
2026-04-01 20:45:00,Lab_219_PC087,In Use,AnonUser_0094,30
2026-04-01 20:45:00,Lab_219_PC088,Offline,N/A,N/A
2026-04-01 20:45:00,Lab_219_PC089,Idle,AnonUser_0121,90
2026-04-01 20:45:00,Lab_219_PC090,Offline,N/A,N/A
2026-04-01 20:45:00,Lab_219_PC091,In Use,AnonUser_0128,105
2026-04-01 20:45:00,Lab_219_PC092,In Use,AnonUser_0054,0
2026-04-01 20:45:00,Lab_219_PC093,In Use,AnonUser_0082,60
2026-04-01 20:45:00,Lab_219_PC094,In Use,AnonUser_0058,120
2026-04-01 20:45:00,Lab_219_PC095,Idle,AnonUser_0003,30
2026-04-01 20:45:00,Lab_219_PC096,In Use,AnonUser_0103,150
2026-04-01 20:45:00,Lab_219_PC097,Offline,N/A,N/A
2026-04-01 20:45:00,Lab_219_PC098,In Use,AnonUser_0053,15
2026-04-01 20:45:00,Lab_219_PC099,In Use,AnonUser_0048,30
2026-04-01 20:45:00,Lab_219_PC100,In Use,AnonUser_0056,45
2026-04-01 20:45:00,Lab_219_PC101,In Use,AnonUser_0022,90
2026-04-01 20:45:00,Lab_219_PC102,Offline,N/A,N/A
2026-04-01 20:45:00,Lab_219_PC103,Offline,N/A,N/A
2026-04-01 20:45:00,Lab_219_PC104,In Use,AnonUser_0131,0
2026-04-01 20:45:00,Lab_219_PC105,In Use,AnonUser_0122,0
2026-04-01 20:45:00,Lab_219_PC106,Offline,N/A,N/A
2026-04-01 20:45:00,Lab_219_PC107,Offline,N/A,N/A
2026-04-01 20:45:00,Lab_219_PC108,Idle,AnonUser_0107,45
2026-04-01 20:45:00,Lab_219_PC109,In Use,AnonUser_0164,120
2026-04-01 20:45:00,Lab_219_PC110,In Use,AnonUser_0043,105
2026-04-01 20:45:00,Lab_219_PC111,In Use,AnonUser_0065,135
2026-04-01 20:45:00,Lab_219_PC112,Offline,N/A,N/A
2026-04-01 20:45:00,Lab_219_PC113,In Use,AnonUser_0011,60
2026-04-01 20:45:00,Lab_219_PC114,Offline,N/A,N/A
2026-04-01 20:45:00,Lab_219_PC115,Idle,AnonUser_0130,30
2026-04-01 20:45:00,Lab_219_PC116,Idle,AnonUser_0157,0
2026-04-01 20:45:00,Lab_219_PC117,Offline,N/A,N/A
2026-04-01 20:45:00,Lab_219_PC118,Idle,AnonUser_0035,150
2026-04-01 20:45:00,Lab_219_PC119,In Use,AnonUser_0154,30
2026-04-01 20:45:00,Lab_219_PC120,Offline,N/A,N/A
2026-04-01 20:45:00,Lab_219_PC121,In Use,AnonUser_0023,150
2026-04-01 20:45:00,Lab_219_PC122,In Use,AnonUser_0068,15
2026-04-01 20:45:00,Lab_219_PC123,In Use,AnonUser_0173,60
2026-04-01 20:45:00,Lab_219_PC124,Idle,AnonUser_0092,210
2026-04-01 20:45:00,Lab_219_PC125,Offline,N/A,N/A
2026-04-01 20:45:00,Lab_219_PC126,Offline,N/A,N/A
2026-04-01 20:45:00,Lab_219_PC127,In Use,AnonUser_0046,165
2026-04-01 20:45:00,Lab_219_PC128,In Use,AnonUser_0037,15
2026-04-01 20:45:00,Lab_219_PC129,In Use,AnonUser_0148,0
2026-04-01 20:45:00,Lab_219_PC130,In Use,AnonUser_0116,150
2026-04-01 20:45:00,Lab_219_PC131,In Use,AnonUser_0123,75
2026-04-01 20:45:00,Lab_219_PC132,In Use,AnonUser_0125,150
2026-04-01 20:45:00,Lab_219_PC133,Idle,AnonUser_0062,30
2026-04-01 20:45:00,Lab_219_PC134,In Use,AnonUser_0102,105
2026-04-01 20:45:00,Lab_219_PC135,In Use,AnonUser_0039,45
2026-04-01 20:45:00,Lab_219_PC136,In Use,AnonUser_0104,0
2026-04-01 20:45:00,Lab_219_PC137,In Use,AnonUser_0159,90
2026-04-01 20:45:00,Lab_219_PC138,In Use,AnonUser_0146,45
2026-04-01 20:45:00,Lab_219_PC139,Offline,N/A,N/A
2026-04-01 20:45:00,Lab_219_PC140,In Use,AnonUser_0161,120
2026-04-01 20:45:00,Lab_219_PC141,In Use,AnonUser_0057,135
2026-04-01 20:45:00,Lab_219_PC142,In Use,AnonUser_0087,150
2026-04-01 20:45:00,Lab_219_PC143,In Use,AnonUser_0055,150
2026-04-01 20:45:00,Lab_219_PC144,Offline,N/A,N/A
2026-04-01 20:45:00,Lab_219_PC145,Offline,N/A,N/A
2026-04-01 20:45:00,Lab_219_PC146,In Use,AnonUser_0174,45
2026-04-01 20:45:00,Lab_219_PC147,In Use,AnonUser_0153,0
2026-04-01 20:45:00,Lab_219_PC148,In Use,AnonUser_0024,45
2026-04-01 20:45:00,Lab_219_PC149,Idle,AnonUser_0041,15
2026-04-01 20:45:00,Lab_219_PC150,In Use,AnonUser_0045,165
2026-04-01 20:45:00,Lab_219_PC151,Offline,N/A,N/A
2026-04-01 20:45:00,Lab_219_PC152,In Use,AnonUser_0040,120
2026-04-01 20:45:00,Lab_219_PC153,Offline,N/A,N/A
2026-04-01 20:45:00,Lab_219_PC154,In Use,AnonUser_0150,105
2026-04-01 20:45:00,Lab_219_PC155,In Use,AnonUser_0072,75
2026-04-01 20:45:00,Lab_219_PC156,Idle,AnonUser_0143,15
2026-04-01 20:45:00,Lab_219_PC157,In Use,AnonUser_0013,45
2026-04-01 20:45:00,Lab_219_PC158,Offline,N/A,N/A
2026-04-01 20:45:00,Lab_219_PC159,In Use,AnonUser_0127,150
2026-04-01 20:45:00,Lab_219_PC160,In Use,AnonUser_0028,60
2026-04-01 20:45:00,Lab_219_PC161,Offline,N/A,N/A
2026-04-01 20:45:00,Lab_219_PC162,In Use,AnonUser_0172,15
2026-04-01 20:45:00,Lab_219_PC163,Offline,N/A,N/A
2026-04-01 20:45:00,Lab_219_PC164,In Use,AnonUser_0049,0
2026-04-01 20:45:00,Lab_219_PC165,In Use,AnonUser_0169,45
2026-04-01 20:45:00,Lab_219_PC166,In Use,AnonUser_0019,165
2026-04-01 20:45:00,Lab_219_PC167,Idle,AnonUser_0109,225
2026-04-01 20:45:00,Lab_219_PC168,In Use,AnonUser_0010,15
2026-04-01 20:45:00,Lab_219_PC169,In Use,AnonUser_0044,15
2026-04-01 20:45:00,Lab_219_PC170,In Use,AnonUser_0115,105
2026-04-01 20:45:00,Lab_219_PC171,Idle,AnonUser_0017,135
2026-04-01 20:45:00,Lab_219_PC172,In Use,AnonUser_0001,0
2026-04-01 20:45:00,Lab_219_PC173,In Use,AnonUser_0027,30
2026-04-01 20:45:00,Lab_219_PC174,In Use,AnonUser_0007,0
2026-04-01 20:45:00,Lab_219_PC175,In Use,AnonUser_0016,45
2026-04-01 20:45:00,Lab_219_PC176,In Use,AnonUser_0091,90
2026-04-01 20:45:00,Lab_219_PC177,In Use,AnonUser_0137,60
2026-04-01 20:45:00,Lab_219_PC178,In Use,AnonUser_0117,60
2026-04-01 20:45:00,Lab_219_PC179,In Use,AnonUser_0139,0
2026-04-01 21:00:00,Lab_202_PC001,In Use,AnonUser_0089,45
2026-04-01 21:00:00,Lab_202_PC002,In Use,AnonUser_0052,30
2026-04-01 21:00:00,Lab_202_PC003,In Use,AnonUser_0126,75
2026-04-01 21:00:00,Lab_202_PC004,In Use,AnonUser_0029,30
2026-04-01 21:00:00,Lab_202_PC005,Offline,N/A,N/A
2026-04-01 21:00:00,Lab_202_PC006,Idle,AnonUser_0162,0
2026-04-01 21:00:00,Lab_202_PC007,Offline,N/A,N/A
2026-04-01 21:00:00,Lab_202_PC008,In Use,AnonUser_0085,45
2026-04-01 21:00:00,Lab_202_PC009,In Use,AnonUser_0167,60
2026-04-01 21:00:00,Lab_202_PC010,In Use,AnonUser_0074,30
2026-04-01 21:00:00,Lab_202_PC011,Idle,AnonUser_0171,15
2026-04-01 21:00:00,Lab_202_PC012,In Use,AnonUser_0099,30
2026-04-01 21:00:00,Lab_202_PC013,Offline,N/A,N/A
2026-04-01 21:00:00,Lab_202_PC014,Offline,N/A,N/A
2026-04-01 21:00:00,Lab_202_PC015,Idle,AnonUser_0083,75
2026-04-01 21:00:00,Lab_202_PC016,In Use,AnonUser_0034,0
2026-04-01 21:00:00,Lab_202_PC017,In Use,AnonUser_0095,90
2026-04-01 21:00:00,Lab_202_PC018,In Use,AnonUser_0031,60
2026-04-01 21:00:00,Lab_202_PC019,Idle,AnonUser_0026,135
2026-04-01 21:00:00,Lab_202_PC020,In Use,AnonUser_0088,210
2026-04-01 21:00:00,Lab_202_PC021,In Use,AnonUser_0071,75
2026-04-01 21:00:00,Lab_202_PC022,Offline,N/A,N/A
2026-04-01 21:00:00,Lab_202_PC023,In Use,AnonUser_0141,30
2026-04-01 21:00:00,Lab_202_PC024,Offline,N/A,N/A
2026-04-01 21:00:00,Lab_202_PC025,Offline,N/A,N/A
2026-04-01 21:00:00,Lab_202_PC026,In Use,AnonUser_0120,30
2026-04-01 21:00:00,Lab_202_PC027,Offline,N/A,N/A
2026-04-01 21:00:00,Lab_202_PC028,In Use,AnonUser_0002,120
2026-04-01 21:00:00,Lab_202_PC029,In Use,AnonUser_0081,75
2026-04-01 21:00:00,Lab_202_PC030,Idle,AnonUser_0038,0
2026-04-01 21:00:00,Lab_206_PC031,Offline,N/A,N/A
2026-04-01 21:00:00,Lab_206_PC032,Idle,AnonUser_0069,75
2026-04-01 21:00:00,Lab_206_PC033,In Use,AnonUser_0020,15
2026-04-01 21:00:00,Lab_206_PC034,Idle,AnonUser_0014,45
2026-04-01 21:00:00,Lab_206_PC035,In Use,AnonUser_0079,210
2026-04-01 21:00:00,Lab_206_PC036,In Use,AnonUser_0176,45
2026-04-01 21:00:00,Lab_206_PC037,In Use,AnonUser_0133,30
2026-04-01 21:00:00,Lab_206_PC038,Offline,N/A,N/A
2026-04-01 21:00:00,Lab_206_PC039,Offline,N/A,N/A
2026-04-01 21:00:00,Lab_206_PC040,Offline,N/A,N/A
2026-04-01 21:00:00,Lab_206_PC041,In Use,AnonUser_0075,30
2026-04-01 21:00:00,Lab_206_PC042,In Use,AnonUser_0105,45
2026-04-01 21:00:00,Lab_206_PC043,Offline,N/A,N/A
2026-04-01 21:00:00,Lab_206_PC044,In Use,AnonUser_0018,30
2026-04-01 21:00:00,Lab_206_PC045,In Use,AnonUser_0106,60
2026-04-01 21:00:00,Lab_206_PC046,In Use,AnonUser_0112,225
2026-04-01 21:00:00,Lab_206_PC047,In Use,AnonUser_0177,15
2026-04-01 21:00:00,Lab_206_PC048,Offline,N/A,N/A
2026-04-01 21:00:00,Lab_206_PC049,Offline,N/A,N/A
2026-04-01 21:00:00,Lab_206_PC050,In Use,AnonUser_0158,60
2026-04-01 21:00:00,Lab_206_PC051,In Use,AnonUser_0033,90
2026-04-01 21:00:00,Lab_206_PC052,Idle,AnonUser_0108,135
2026-04-01 21:00:00,Lab_206_PC053,Idle,AnonUser_0004,30
2026-04-01 21:00:00,Lab_206_PC054,In Use,AnonUser_0063,15
2026-04-01 21:00:00,Lab_206_PC055,In Use,AnonUser_0178,30
2026-04-01 21:00:00,Lab_206_PC056,Idle,AnonUser_0156,180
2026-04-01 21:00:00,Lab_206_PC057,In Use,AnonUser_0070,0
2026-04-01 21:00:00,Lab_206_PC058,Offline,N/A,N/A
2026-04-01 21:00:00,Lab_206_PC059,In Use,AnonUser_0151,90
2026-04-01 21:00:00,Lab_206_PC060,Offline,N/A,N/A
2026-04-01 21:00:00,Lab_210_PC061,Offline,N/A,N/A
2026-04-01 21:00:00,Lab_210_PC062,Offline,N/A,N/A
2026-04-01 21:00:00,Lab_210_PC063,Offline,N/A,N/A
2026-04-01 21:00:00,Lab_210_PC064,Idle,AnonUser_0152,90
2026-04-01 21:00:00,Lab_210_PC065,In Use,AnonUser_0101,60
2026-04-01 21:00:00,Lab_210_PC066,Idle,AnonUser_0129,0
2026-04-01 21:00:00,Lab_210_PC067,Offline,N/A,N/A
2026-04-01 21:00:00,Lab_210_PC068,Idle,AnonUser_0144,135
2026-04-01 21:00:00,Lab_210_PC069,In Use,AnonUser_0060,45
2026-04-01 21:00:00,Lab_210_PC070,In Use,AnonUser_0160,60
2026-04-01 21:00:00,Lab_210_PC071,Offline,N/A,N/A
2026-04-01 21:00:00,Lab_210_PC072,In Use,AnonUser_0166,150
2026-04-01 21:00:00,Lab_210_PC073,Idle,AnonUser_0030,135
2026-04-01 21:00:00,Lab_210_PC074,Offline,N/A,N/A
2026-04-01 21:00:00,Lab_210_PC075,Idle,AnonUser_0142,30
2026-04-01 21:00:00,Lab_210_PC076,In Use,AnonUser_0073,75
2026-04-01 21:00:00,Lab_210_PC077,Idle,AnonUser_0135,0
2026-04-01 21:00:00,Lab_210_PC078,Offline,N/A,N/A
2026-04-01 21:00:00,Lab_210_PC079,In Use,AnonUser_0080,45
2026-04-01 21:00:00,Lab_210_PC080,Offline,N/A,N/A
2026-04-01 21:00:00,Lab_210_PC081,In Use,AnonUser_0051,90
2026-04-01 21:00:00,Lab_219_PC082,Idle,AnonUser_0118,60
2026-04-01 21:00:00,Lab_219_PC083,In Use,AnonUser_0067,15
2026-04-01 21:00:00,Lab_219_PC084,In Use,AnonUser_0042,15
2026-04-01 21:00:00,Lab_219_PC085,In Use,AnonUser_0096,45
2026-04-01 21:00:00,Lab_219_PC086,In Use,AnonUser_0113,60
2026-04-01 21:00:00,Lab_219_PC087,In Use,AnonUser_0094,15
2026-04-01 21:00:00,Lab_219_PC088,Offline,N/A,N/A
2026-04-01 21:00:00,Lab_219_PC089,In Use,AnonUser_0121,75
2026-04-01 21:00:00,Lab_219_PC090,Idle,AnonUser_0036,195
2026-04-01 21:00:00,Lab_219_PC091,In Use,AnonUser_0128,90
2026-04-01 21:00:00,Lab_219_PC092,Offline,N/A,N/A
2026-04-01 21:00:00,Lab_219_PC093,Idle,AnonUser_0082,45
2026-04-01 21:00:00,Lab_219_PC094,In Use,AnonUser_0058,105
2026-04-01 21:00:00,Lab_219_PC095,In Use,AnonUser_0003,15
2026-04-01 21:00:00,Lab_219_PC096,Idle,AnonUser_0103,135
2026-04-01 21:00:00,Lab_219_PC097,Offline,N/A,N/A
2026-04-01 21:00:00,Lab_219_PC098,Idle,AnonUser_0053,0
2026-04-01 21:00:00,Lab_219_PC099,In Use,AnonUser_0048,15
2026-04-01 21:00:00,Lab_219_PC100,In Use,AnonUser_0056,30
2026-04-01 21:00:00,Lab_219_PC101,Idle,AnonUser_0022,75
2026-04-01 21:00:00,Lab_219_PC102,Offline,N/A,N/A
2026-04-01 21:00:00,Lab_219_PC103,Offline,N/A,N/A
2026-04-01 21:00:00,Lab_219_PC104,Offline,N/A,N/A
2026-04-01 21:00:00,Lab_219_PC105,Offline,N/A,N/A
2026-04-01 21:00:00,Lab_219_PC106,Offline,N/A,N/A
2026-04-01 21:00:00,Lab_219_PC107,Offline,N/A,N/A
2026-04-01 21:00:00,Lab_219_PC108,In Use,AnonUser_0107,30
2026-04-01 21:00:00,Lab_219_PC109,In Use,AnonUser_0164,105
2026-04-01 21:00:00,Lab_219_PC110,In Use,AnonUser_0043,90
2026-04-01 21:00:00,Lab_219_PC111,In Use,AnonUser_0065,120
2026-04-01 21:00:00,Lab_219_PC112,Offline,N/A,N/A
2026-04-01 21:00:00,Lab_219_PC113,In Use,AnonUser_0011,45
2026-04-01 21:00:00,Lab_219_PC114,Idle,AnonUser_0009,195
2026-04-01 21:00:00,Lab_219_PC115,In Use,AnonUser_0130,15
2026-04-01 21:00:00,Lab_219_PC116,Offline,N/A,N/A
2026-04-01 21:00:00,Lab_219_PC117,Offline,N/A,N/A
2026-04-01 21:00:00,Lab_219_PC118,In Use,AnonUser_0035,135
2026-04-01 21:00:00,Lab_219_PC119,Idle,AnonUser_0154,15
2026-04-01 21:00:00,Lab_219_PC120,Offline,N/A,N/A
2026-04-01 21:00:00,Lab_219_PC121,Idle,AnonUser_0023,135
2026-04-01 21:00:00,Lab_219_PC122,In Use,AnonUser_0068,0
2026-04-01 21:00:00,Lab_219_PC123,In Use,AnonUser_0173,45
2026-04-01 21:00:00,Lab_219_PC124,In Use,AnonUser_0092,195
2026-04-01 21:00:00,Lab_219_PC125,In Use,AnonUser_0084,225
2026-04-01 21:00:00,Lab_219_PC126,Offline,N/A,N/A
2026-04-01 21:00:00,Lab_219_PC127,In Use,AnonUser_0046,150
2026-04-01 21:00:00,Lab_219_PC128,In Use,AnonUser_0037,0
2026-04-01 21:00:00,Lab_219_PC129,Idle,AnonUser_0015,15
2026-04-01 21:00:00,Lab_219_PC130,In Use,AnonUser_0116,135
2026-04-01 21:00:00,Lab_219_PC131,In Use,AnonUser_0123,60
2026-04-01 21:00:00,Lab_219_PC132,In Use,AnonUser_0125,135
2026-04-01 21:00:00,Lab_219_PC133,In Use,AnonUser_0062,15
2026-04-01 21:00:00,Lab_219_PC134,Idle,AnonUser_0102,90
2026-04-01 21:00:00,Lab_219_PC135,In Use,AnonUser_0039,30
2026-04-01 21:00:00,Lab_219_PC136,Offline,N/A,N/A
2026-04-01 21:00:00,Lab_219_PC137,In Use,AnonUser_0159,75
2026-04-01 21:00:00,Lab_219_PC138,Idle,AnonUser_0146,30
2026-04-01 21:00:00,Lab_219_PC139,Offline,N/A,N/A
2026-04-01 21:00:00,Lab_219_PC140,In Use,AnonUser_0161,105
2026-04-01 21:00:00,Lab_219_PC141,In Use,AnonUser_0057,120
2026-04-01 21:00:00,Lab_219_PC142,In Use,AnonUser_0087,135
2026-04-01 21:00:00,Lab_219_PC143,In Use,AnonUser_0055,135
2026-04-01 21:00:00,Lab_219_PC144,In Use,AnonUser_0168,210
2026-04-01 21:00:00,Lab_219_PC145,Offline,N/A,N/A
2026-04-01 21:00:00,Lab_219_PC146,In Use,AnonUser_0174,30
2026-04-01 21:00:00,Lab_219_PC147,Offline,N/A,N/A
2026-04-01 21:00:00,Lab_219_PC148,In Use,AnonUser_0024,30
2026-04-01 21:00:00,Lab_219_PC149,In Use,AnonUser_0041,0
2026-04-01 21:00:00,Lab_219_PC150,In Use,AnonUser_0045,150
2026-04-01 21:00:00,Lab_219_PC151,Offline,N/A,N/A
2026-04-01 21:00:00,Lab_219_PC152,In Use,AnonUser_0040,105
2026-04-01 21:00:00,Lab_219_PC153,Offline,N/A,N/A
2026-04-01 21:00:00,Lab_219_PC154,In Use,AnonUser_0150,90
2026-04-01 21:00:00,Lab_219_PC155,In Use,AnonUser_0072,60
2026-04-01 21:00:00,Lab_219_PC156,In Use,AnonUser_0143,0
2026-04-01 21:00:00,Lab_219_PC157,In Use,AnonUser_0013,30
2026-04-01 21:00:00,Lab_219_PC158,Offline,N/A,N/A
2026-04-01 21:00:00,Lab_219_PC159,In Use,AnonUser_0127,135
2026-04-01 21:00:00,Lab_219_PC160,In Use,AnonUser_0028,45
2026-04-01 21:00:00,Lab_219_PC161,Offline,N/A,N/A
2026-04-01 21:00:00,Lab_219_PC162,In Use,AnonUser_0172,0
2026-04-01 21:00:00,Lab_219_PC163,Offline,N/A,N/A
2026-04-01 21:00:00,Lab_219_PC164,Offline,N/A,N/A
2026-04-01 21:00:00,Lab_219_PC165,In Use,AnonUser_0169,30
2026-04-01 21:00:00,Lab_219_PC166,In Use,AnonUser_0019,150
2026-04-01 21:00:00,Lab_219_PC167,In Use,AnonUser_0109,210
2026-04-01 21:00:00,Lab_219_PC168,In Use,AnonUser_0010,0
2026-04-01 21:00:00,Lab_219_PC169,In Use,AnonUser_0044,0
2026-04-01 21:00:00,Lab_219_PC170,Idle,AnonUser_0115,90
2026-04-01 21:00:00,Lab_219_PC171,In Use,AnonUser_0017,120
2026-04-01 21:00:00,Lab_219_PC172,In Use,AnonUser_0021,180
2026-04-01 21:00:00,Lab_219_PC173,In Use,AnonUser_0027,15
2026-04-01 21:00:00,Lab_219_PC174,In Use,AnonUser_0179,75
2026-04-01 21:00:00,Lab_219_PC175,Idle,AnonUser_0016,30
2026-04-01 21:00:00,Lab_219_PC176,In Use,AnonUser_0091,75
2026-04-01 21:00:00,Lab_219_PC177,In Use,AnonUser_0137,45
2026-04-01 21:00:00,Lab_219_PC178,In Use,AnonUser_0117,45
2026-04-01 21:00:00,Lab_219_PC179,Offline,N/A,N/A
2026-04-01 21:15:00,Lab_202_PC001,In Use,AnonUser_0089,30
2026-04-01 21:15:00,Lab_202_PC002,In Use,AnonUser_0052,15
2026-04-01 21:15:00,Lab_202_PC003,Idle,AnonUser_0126,60
2026-04-01 21:15:00,Lab_202_PC004,In Use,AnonUser_0029,15
2026-04-01 21:15:00,Lab_202_PC005,Offline,N/A,N/A
2026-04-01 21:15:00,Lab_202_PC006,In Use,AnonUser_0098,30
2026-04-01 21:15:00,Lab_202_PC007,Offline,N/A,N/A
2026-04-01 21:15:00,Lab_202_PC008,In Use,AnonUser_0085,30
2026-04-01 21:15:00,Lab_202_PC009,In Use,AnonUser_0167,45
2026-04-01 21:15:00,Lab_202_PC010,Idle,AnonUser_0074,15
2026-04-01 21:15:00,Lab_202_PC011,In Use,AnonUser_0171,0
2026-04-01 21:15:00,Lab_202_PC012,In Use,AnonUser_0099,15
2026-04-01 21:15:00,Lab_202_PC013,Offline,N/A,N/A
2026-04-01 21:15:00,Lab_202_PC014,Offline,N/A,N/A
2026-04-01 21:15:00,Lab_202_PC015,In Use,AnonUser_0083,60
2026-04-01 21:15:00,Lab_202_PC016,Offline,N/A,N/A
2026-04-01 21:15:00,Lab_202_PC017,In Use,AnonUser_0095,75
2026-04-01 21:15:00,Lab_202_PC018,In Use,AnonUser_0031,45
2026-04-01 21:15:00,Lab_202_PC019,In Use,AnonUser_0026,120
2026-04-01 21:15:00,Lab_202_PC020,In Use,AnonUser_0088,195
2026-04-01 21:15:00,Lab_202_PC021,In Use,AnonUser_0071,60
2026-04-01 21:15:00,Lab_202_PC022,Offline,N/A,N/A
2026-04-01 21:15:00,Lab_202_PC023,In Use,AnonUser_0141,15
2026-04-01 21:15:00,Lab_202_PC024,Offline,N/A,N/A
2026-04-01 21:15:00,Lab_202_PC025,Offline,N/A,N/A
2026-04-01 21:15:00,Lab_202_PC026,In Use,AnonUser_0120,15
2026-04-01 21:15:00,Lab_202_PC027,Offline,N/A,N/A
2026-04-01 21:15:00,Lab_202_PC028,In Use,AnonUser_0002,105
2026-04-01 21:15:00,Lab_202_PC029,In Use,AnonUser_0081,60
2026-04-01 21:15:00,Lab_202_PC030,Offline,N/A,N/A
2026-04-01 21:15:00,Lab_206_PC031,Offline,N/A,N/A
2026-04-01 21:15:00,Lab_206_PC032,In Use,AnonUser_0069,60
2026-04-01 21:15:00,Lab_206_PC033,Idle,AnonUser_0020,0
2026-04-01 21:15:00,Lab_206_PC034,In Use,AnonUser_0014,30
2026-04-01 21:15:00,Lab_206_PC035,In Use,AnonUser_0079,195
2026-04-01 21:15:00,Lab_206_PC036,Idle,AnonUser_0176,30
2026-04-01 21:15:00,Lab_206_PC037,Idle,AnonUser_0133,15
2026-04-01 21:15:00,Lab_206_PC038,Offline,N/A,N/A
2026-04-01 21:15:00,Lab_206_PC039,Offline,N/A,N/A
2026-04-01 21:15:00,Lab_206_PC040,Offline,N/A,N/A
2026-04-01 21:15:00,Lab_206_PC041,In Use,AnonUser_0075,15
2026-04-01 21:15:00,Lab_206_PC042,In Use,AnonUser_0105,30
2026-04-01 21:15:00,Lab_206_PC043,Offline,N/A,N/A
2026-04-01 21:15:00,Lab_206_PC044,In Use,AnonUser_0018,15
2026-04-01 21:15:00,Lab_206_PC045,In Use,AnonUser_0106,45
2026-04-01 21:15:00,Lab_206_PC046,In Use,AnonUser_0112,210
2026-04-01 21:15:00,Lab_206_PC047,In Use,AnonUser_0177,0
2026-04-01 21:15:00,Lab_206_PC048,Idle,AnonUser_0090,90
2026-04-01 21:15:00,Lab_206_PC049,Offline,N/A,N/A
2026-04-01 21:15:00,Lab_206_PC050,Idle,AnonUser_0158,45
2026-04-01 21:15:00,Lab_206_PC051,In Use,AnonUser_0033,75
2026-04-01 21:15:00,Lab_206_PC052,Idle,AnonUser_0108,120
2026-04-01 21:15:00,Lab_206_PC053,Idle,AnonUser_0004,15
2026-04-01 21:15:00,Lab_206_PC054,In Use,AnonUser_0063,0
2026-04-01 21:15:00,Lab_206_PC055,In Use,AnonUser_0178,15
2026-04-01 21:15:00,Lab_206_PC056,In Use,AnonUser_0156,165
2026-04-01 21:15:00,Lab_206_PC057,Offline,N/A,N/A
2026-04-01 21:15:00,Lab_206_PC058,Offline,N/A,N/A
2026-04-01 21:15:00,Lab_206_PC059,In Use,AnonUser_0151,75
2026-04-01 21:15:00,Lab_206_PC060,Idle,AnonUser_0093,225
2026-04-01 21:15:00,Lab_210_PC061,Offline,N/A,N/A
2026-04-01 21:15:00,Lab_210_PC062,Offline,N/A,N/A
2026-04-01 21:15:00,Lab_210_PC063,Offline,N/A,N/A
2026-04-01 21:15:00,Lab_210_PC064,In Use,AnonUser_0152,75
2026-04-01 21:15:00,Lab_210_PC065,In Use,AnonUser_0101,45
2026-04-01 21:15:00,Lab_210_PC066,In Use,AnonUser_0134,195
2026-04-01 21:15:00,Lab_210_PC067,Offline,N/A,N/A
2026-04-01 21:15:00,Lab_210_PC068,Idle,AnonUser_0144,120
2026-04-01 21:15:00,Lab_210_PC069,In Use,AnonUser_0060,30
2026-04-01 21:15:00,Lab_210_PC070,In Use,AnonUser_0160,45
2026-04-01 21:15:00,Lab_210_PC071,In Use,AnonUser_0006,75
2026-04-01 21:15:00,Lab_210_PC072,In Use,AnonUser_0166,135
2026-04-01 21:15:00,Lab_210_PC073,In Use,AnonUser_0030,120
2026-04-01 21:15:00,Lab_210_PC074,Offline,N/A,N/A
2026-04-01 21:15:00,Lab_210_PC075,In Use,AnonUser_0142,15
2026-04-01 21:15:00,Lab_210_PC076,In Use,AnonUser_0073,60
2026-04-01 21:15:00,Lab_210_PC077,Offline,N/A,N/A
2026-04-01 21:15:00,Lab_210_PC078,Offline,N/A,N/A
2026-04-01 21:15:00,Lab_210_PC079,In Use,AnonUser_0080,30
2026-04-01 21:15:00,Lab_210_PC080,Offline,N/A,N/A
2026-04-01 21:15:00,Lab_210_PC081,In Use,AnonUser_0051,75
2026-04-01 21:15:00,Lab_219_PC082,In Use,AnonUser_0118,45
2026-04-01 21:15:00,Lab_219_PC083,In Use,AnonUser_0067,0
2026-04-01 21:15:00,Lab_219_PC084,In Use,AnonUser_0042,0
2026-04-01 21:15:00,Lab_219_PC085,In Use,AnonUser_0096,30
2026-04-01 21:15:00,Lab_219_PC086,In Use,AnonUser_0113,45
2026-04-01 21:15:00,Lab_219_PC087,In Use,AnonUser_0094,0
2026-04-01 21:15:00,Lab_219_PC088,Offline,N/A,N/A
2026-04-01 21:15:00,Lab_219_PC089,In Use,AnonUser_0121,60
2026-04-01 21:15:00,Lab_219_PC090,In Use,AnonUser_0036,180
2026-04-01 21:15:00,Lab_219_PC091,In Use,AnonUser_0128,75
2026-04-01 21:15:00,Lab_219_PC092,In Use,AnonUser_0097,210
2026-04-01 21:15:00,Lab_219_PC093,In Use,AnonUser_0082,30
2026-04-01 21:15:00,Lab_219_PC094,In Use,AnonUser_0058,90
2026-04-01 21:15:00,Lab_219_PC095,In Use,AnonUser_0003,0
2026-04-01 21:15:00,Lab_219_PC096,Idle,AnonUser_0103,120
2026-04-01 21:15:00,Lab_219_PC097,Offline,N/A,N/A
2026-04-01 21:15:00,Lab_219_PC098,Offline,N/A,N/A
2026-04-01 21:15:00,Lab_219_PC099,In Use,AnonUser_0048,0
2026-04-01 21:15:00,Lab_219_PC100,In Use,AnonUser_0056,15
2026-04-01 21:15:00,Lab_219_PC101,In Use,AnonUser_0022,60
2026-04-01 21:15:00,Lab_219_PC102,Offline,N/A,N/A
2026-04-01 21:15:00,Lab_219_PC103,Offline,N/A,N/A
2026-04-01 21:15:00,Lab_219_PC104,In Use,AnonUser_0054,180
2026-04-01 21:15:00,Lab_219_PC105,Offline,N/A,N/A
2026-04-01 21:15:00,Lab_219_PC106,Offline,N/A,N/A
2026-04-01 21:15:00,Lab_219_PC107,Offline,N/A,N/A
2026-04-01 21:15:00,Lab_219_PC108,In Use,AnonUser_0107,15
2026-04-01 21:15:00,Lab_219_PC109,In Use,AnonUser_0164,90
2026-04-01 21:15:00,Lab_219_PC110,Idle,AnonUser_0043,75
2026-04-01 21:15:00,Lab_219_PC111,In Use,AnonUser_0065,105
2026-04-01 21:15:00,Lab_219_PC112,Offline,N/A,N/A
2026-04-01 21:15:00,Lab_219_PC113,In Use,AnonUser_0011,30
2026-04-01 21:15:00,Lab_219_PC114,In Use,AnonUser_0009,180
2026-04-01 21:15:00,Lab_219_PC115,Idle,AnonUser_0130,0
2026-04-01 21:15:00,Lab_219_PC116,Offline,N/A,N/A
2026-04-01 21:15:00,Lab_219_PC117,Offline,N/A,N/A
2026-04-01 21:15:00,Lab_219_PC118,In Use,AnonUser_0035,120
2026-04-01 21:15:00,Lab_219_PC119,Idle,AnonUser_0154,0
2026-04-01 21:15:00,Lab_219_PC120,Offline,N/A,N/A
2026-04-01 21:15:00,Lab_219_PC121,In Use,AnonUser_0023,120
2026-04-01 21:15:00,Lab_219_PC122,In Use,AnonUser_0153,135
2026-04-01 21:15:00,Lab_219_PC123,In Use,AnonUser_0173,30
2026-04-01 21:15:00,Lab_219_PC124,In Use,AnonUser_0092,180
2026-04-01 21:15:00,Lab_219_PC125,In Use,AnonUser_0084,210
2026-04-01 21:15:00,Lab_219_PC126,Offline,N/A,N/A
2026-04-01 21:15:00,Lab_219_PC127,In Use,AnonUser_0046,135
2026-04-01 21:15:00,Lab_219_PC128,Offline,N/A,N/A
2026-04-01 21:15:00,Lab_219_PC129,In Use,AnonUser_0015,0
2026-04-01 21:15:00,Lab_219_PC130,In Use,AnonUser_0116,120
2026-04-01 21:15:00,Lab_219_PC131,In Use,AnonUser_0123,45
2026-04-01 21:15:00,Lab_219_PC132,Idle,AnonUser_0125,120
2026-04-01 21:15:00,Lab_219_PC133,In Use,AnonUser_0062,0
2026-04-01 21:15:00,Lab_219_PC134,In Use,AnonUser_0102,75
2026-04-01 21:15:00,Lab_219_PC135,In Use,AnonUser_0039,15
2026-04-01 21:15:00,Lab_219_PC136,Offline,N/A,N/A
2026-04-01 21:15:00,Lab_219_PC137,In Use,AnonUser_0159,60
2026-04-01 21:15:00,Lab_219_PC138,In Use,AnonUser_0146,15
2026-04-01 21:15:00,Lab_219_PC139,Offline,N/A,N/A
2026-04-01 21:15:00,Lab_219_PC140,Idle,AnonUser_0161,90
2026-04-01 21:15:00,Lab_219_PC141,In Use,AnonUser_0057,105
2026-04-01 21:15:00,Lab_219_PC142,In Use,AnonUser_0087,120
2026-04-01 21:15:00,Lab_219_PC143,In Use,AnonUser_0055,120
2026-04-01 21:15:00,Lab_219_PC144,In Use,AnonUser_0168,195
2026-04-01 21:15:00,Lab_219_PC145,Offline,N/A,N/A
2026-04-01 21:15:00,Lab_219_PC146,Idle,AnonUser_0174,15
2026-04-01 21:15:00,Lab_219_PC147,Offline,N/A,N/A
2026-04-01 21:15:00,Lab_219_PC148,Idle,AnonUser_0024,15
2026-04-01 21:15:00,Lab_219_PC149,Offline,N/A,N/A
2026-04-01 21:15:00,Lab_219_PC150,In Use,AnonUser_0045,135
2026-04-01 21:15:00,Lab_219_PC151,Offline,N/A,N/A
2026-04-01 21:15:00,Lab_219_PC152,In Use,AnonUser_0040,90
2026-04-01 21:15:00,Lab_219_PC153,Offline,N/A,N/A
2026-04-01 21:15:00,Lab_219_PC154,In Use,AnonUser_0150,75
2026-04-01 21:15:00,Lab_219_PC155,Idle,AnonUser_0072,45
2026-04-01 21:15:00,Lab_219_PC156,Idle,AnonUser_0061,165
2026-04-01 21:15:00,Lab_219_PC157,In Use,AnonUser_0013,15
2026-04-01 21:15:00,Lab_219_PC158,In Use,AnonUser_0070,120
2026-04-01 21:15:00,Lab_219_PC159,In Use,AnonUser_0127,120
2026-04-01 21:15:00,Lab_219_PC160,In Use,AnonUser_0028,30
2026-04-01 21:15:00,Lab_219_PC161,Offline,N/A,N/A
2026-04-01 21:15:00,Lab_219_PC162,Offline,N/A,N/A
2026-04-01 21:15:00,Lab_219_PC163,Offline,N/A,N/A
2026-04-01 21:15:00,Lab_219_PC164,In Use,AnonUser_0001,15
2026-04-01 21:15:00,Lab_219_PC165,In Use,AnonUser_0169,15
2026-04-01 21:15:00,Lab_219_PC166,In Use,AnonUser_0019,135
2026-04-01 21:15:00,Lab_219_PC167,In Use,AnonUser_0109,195
2026-04-01 21:15:00,Lab_219_PC168,In Use,AnonUser_0140,75
2026-04-01 21:15:00,Lab_219_PC169,Offline,N/A,N/A
2026-04-01 21:15:00,Lab_219_PC170,In Use,AnonUser_0115,75
2026-04-01 21:15:00,Lab_219_PC171,In Use,AnonUser_0017,105
2026-04-01 21:15:00,Lab_219_PC172,In Use,AnonUser_0021,165
2026-04-01 21:15:00,Lab_219_PC173,In Use,AnonUser_0027,0
2026-04-01 21:15:00,Lab_219_PC174,In Use,AnonUser_0179,60
2026-04-01 21:15:00,Lab_219_PC175,In Use,AnonUser_0016,15
2026-04-01 21:15:00,Lab_219_PC176,In Use,AnonUser_0091,60
2026-04-01 21:15:00,Lab_219_PC177,In Use,AnonUser_0137,30
2026-04-01 21:15:00,Lab_219_PC178,In Use,AnonUser_0117,30
2026-04-01 21:15:00,Lab_219_PC179,Offline,N/A,N/A
2026-04-01 21:30:00,Lab_202_PC001,In Use,AnonUser_0089,15
2026-04-01 21:30:00,Lab_202_PC002,In Use,AnonUser_0052,0
2026-04-01 21:30:00,Lab_202_PC003,In Use,AnonUser_0126,45
2026-04-01 21:30:00,Lab_202_PC004,In Use,AnonUser_0029,0
2026-04-01 21:30:00,Lab_202_PC005,In Use,AnonUser_0077,150
2026-04-01 21:30:00,Lab_202_PC006,In Use,AnonUser_0098,15
2026-04-01 21:30:00,Lab_202_PC007,Idle,AnonUser_0047,75
2026-04-01 21:30:00,Lab_202_PC008,Idle,AnonUser_0085,15
2026-04-01 21:30:00,Lab_202_PC009,In Use,AnonUser_0167,30
2026-04-01 21:30:00,Lab_202_PC010,In Use,AnonUser_0074,0
2026-04-01 21:30:00,Lab_202_PC011,Offline,N/A,N/A
2026-04-01 21:30:00,Lab_202_PC012,In Use,AnonUser_0099,0
2026-04-01 21:30:00,Lab_202_PC013,Offline,N/A,N/A
2026-04-01 21:30:00,Lab_202_PC014,Offline,N/A,N/A
2026-04-01 21:30:00,Lab_202_PC015,In Use,AnonUser_0083,45
2026-04-01 21:30:00,Lab_202_PC016,Offline,N/A,N/A
2026-04-01 21:30:00,Lab_202_PC017,Idle,AnonUser_0095,60
2026-04-01 21:30:00,Lab_202_PC018,In Use,AnonUser_0031,30
2026-04-01 21:30:00,Lab_202_PC019,In Use,AnonUser_0026,105
2026-04-01 21:30:00,Lab_202_PC020,Idle,AnonUser_0088,180
2026-04-01 21:30:00,Lab_202_PC021,In Use,AnonUser_0071,45
2026-04-01 21:30:00,Lab_202_PC022,Offline,N/A,N/A
2026-04-01 21:30:00,Lab_202_PC023,In Use,AnonUser_0141,0
2026-04-01 21:30:00,Lab_202_PC024,Offline,N/A,N/A
2026-04-01 21:30:00,Lab_202_PC025,Offline,N/A,N/A
2026-04-01 21:30:00,Lab_202_PC026,In Use,AnonUser_0120,0
2026-04-01 21:30:00,Lab_202_PC027,Offline,N/A,N/A
2026-04-01 21:30:00,Lab_202_PC028,In Use,AnonUser_0002,90
2026-04-01 21:30:00,Lab_202_PC029,In Use,AnonUser_0081,45
2026-04-01 21:30:00,Lab_202_PC030,Offline,N/A,N/A
2026-04-01 21:30:00,Lab_206_PC031,Offline,N/A,N/A
2026-04-01 21:30:00,Lab_206_PC032,In Use,AnonUser_0069,45
2026-04-01 21:30:00,Lab_206_PC033,Offline,N/A,N/A
2026-04-01 21:30:00,Lab_206_PC034,In Use,AnonUser_0014,15
2026-04-01 21:30:00,Lab_206_PC035,In Use,AnonUser_0079,180
2026-04-01 21:30:00,Lab_206_PC036,In Use,AnonUser_0176,15
2026-04-01 21:30:00,Lab_206_PC037,In Use,AnonUser_0133,0
2026-04-01 21:30:00,Lab_206_PC038,Idle,AnonUser_0050,45
2026-04-01 21:30:00,Lab_206_PC039,Offline,N/A,N/A
2026-04-01 21:30:00,Lab_206_PC040,Offline,N/A,N/A
2026-04-01 21:30:00,Lab_206_PC041,In Use,AnonUser_0075,0
2026-04-01 21:30:00,Lab_206_PC042,In Use,AnonUser_0105,15
2026-04-01 21:30:00,Lab_206_PC043,Offline,N/A,N/A
2026-04-01 21:30:00,Lab_206_PC044,In Use,AnonUser_0018,0
2026-04-01 21:30:00,Lab_206_PC045,In Use,AnonUser_0106,30
2026-04-01 21:30:00,Lab_206_PC046,In Use,AnonUser_0112,195
2026-04-01 21:30:00,Lab_206_PC047,Offline,N/A,N/A
2026-04-01 21:30:00,Lab_206_PC048,In Use,AnonUser_0090,75
2026-04-01 21:30:00,Lab_206_PC049,Idle,AnonUser_0132,135
2026-04-01 21:30:00,Lab_206_PC050,In Use,AnonUser_0158,30
2026-04-01 21:30:00,Lab_206_PC051,In Use,AnonUser_0033,60
2026-04-01 21:30:00,Lab_206_PC052,In Use,AnonUser_0108,105
2026-04-01 21:30:00,Lab_206_PC053,In Use,AnonUser_0004,0
2026-04-01 21:30:00,Lab_206_PC054,Offline,N/A,N/A
2026-04-01 21:30:00,Lab_206_PC055,In Use,AnonUser_0178,0
2026-04-01 21:30:00,Lab_206_PC056,In Use,AnonUser_0156,150
2026-04-01 21:30:00,Lab_206_PC057,Offline,N/A,N/A
2026-04-01 21:30:00,Lab_206_PC058,Offline,N/A,N/A
2026-04-01 21:30:00,Lab_206_PC059,In Use,AnonUser_0151,60
2026-04-01 21:30:00,Lab_206_PC060,In Use,AnonUser_0093,210
2026-04-01 21:30:00,Lab_210_PC061,Offline,N/A,N/A
2026-04-01 21:30:00,Lab_210_PC062,Offline,N/A,N/A
2026-04-01 21:30:00,Lab_210_PC063,Offline,N/A,N/A
2026-04-01 21:30:00,Lab_210_PC064,In Use,AnonUser_0152,60
2026-04-01 21:30:00,Lab_210_PC065,In Use,AnonUser_0101,30
2026-04-01 21:30:00,Lab_210_PC066,In Use,AnonUser_0134,180
2026-04-01 21:30:00,Lab_210_PC067,Offline,N/A,N/A
2026-04-01 21:30:00,Lab_210_PC068,In Use,AnonUser_0144,105
2026-04-01 21:30:00,Lab_210_PC069,In Use,AnonUser_0060,15
2026-04-01 21:30:00,Lab_210_PC070,In Use,AnonUser_0160,30
2026-04-01 21:30:00,Lab_210_PC071,In Use,AnonUser_0006,60
2026-04-01 21:30:00,Lab_210_PC072,In Use,AnonUser_0166,120
2026-04-01 21:30:00,Lab_210_PC073,In Use,AnonUser_0030,105
2026-04-01 21:30:00,Lab_210_PC074,Offline,N/A,N/A
2026-04-01 21:30:00,Lab_210_PC075,In Use,AnonUser_0142,0
2026-04-01 21:30:00,Lab_210_PC076,Idle,AnonUser_0073,45
2026-04-01 21:30:00,Lab_210_PC077,Offline,N/A,N/A
2026-04-01 21:30:00,Lab_210_PC078,Offline,N/A,N/A
2026-04-01 21:30:00,Lab_210_PC079,Idle,AnonUser_0080,15
2026-04-01 21:30:00,Lab_210_PC080,Offline,N/A,N/A
2026-04-01 21:30:00,Lab_210_PC081,In Use,AnonUser_0051,60
2026-04-01 21:30:00,Lab_219_PC082,Idle,AnonUser_0118,30
2026-04-01 21:30:00,Lab_219_PC083,Offline,N/A,N/A
2026-04-01 21:30:00,Lab_219_PC084,Idle,AnonUser_0177,150
2026-04-01 21:30:00,Lab_219_PC085,Idle,AnonUser_0096,15
2026-04-01 21:30:00,Lab_219_PC086,Idle,AnonUser_0113,30
2026-04-01 21:30:00,Lab_219_PC087,Offline,N/A,N/A
2026-04-01 21:30:00,Lab_219_PC088,Offline,N/A,N/A
2026-04-01 21:30:00,Lab_219_PC089,In Use,AnonUser_0121,45
2026-04-01 21:30:00,Lab_219_PC090,In Use,AnonUser_0036,165
2026-04-01 21:30:00,Lab_219_PC091,In Use,AnonUser_0128,60
2026-04-01 21:30:00,Lab_219_PC092,In Use,AnonUser_0097,195
2026-04-01 21:30:00,Lab_219_PC093,In Use,AnonUser_0082,15
2026-04-01 21:30:00,Lab_219_PC094,Idle,AnonUser_0058,75
2026-04-01 21:30:00,Lab_219_PC095,Offline,N/A,N/A
2026-04-01 21:30:00,Lab_219_PC096,Idle,AnonUser_0103,105
2026-04-01 21:30:00,Lab_219_PC097,Offline,N/A,N/A
2026-04-01 21:30:00,Lab_219_PC098,Offline,N/A,N/A
2026-04-01 21:30:00,Lab_219_PC099,Offline,N/A,N/A
2026-04-01 21:30:00,Lab_219_PC100,In Use,AnonUser_0056,0
2026-04-01 21:30:00,Lab_219_PC101,In Use,AnonUser_0022,45
2026-04-01 21:30:00,Lab_219_PC102,Offline,N/A,N/A
2026-04-01 21:30:00,Lab_219_PC103,Offline,N/A,N/A
2026-04-01 21:30:00,Lab_219_PC104,In Use,AnonUser_0054,165
2026-04-01 21:30:00,Lab_219_PC105,In Use,AnonUser_0012,150
2026-04-01 21:30:00,Lab_219_PC106,Idle,AnonUser_0037,195
2026-04-01 21:30:00,Lab_219_PC107,Offline,N/A,N/A
2026-04-01 21:30:00,Lab_219_PC108,Idle,AnonUser_0107,0
2026-04-01 21:30:00,Lab_219_PC109,In Use,AnonUser_0164,75
2026-04-01 21:30:00,Lab_219_PC110,Idle,AnonUser_0043,60
2026-04-01 21:30:00,Lab_219_PC111,In Use,AnonUser_0065,90
2026-04-01 21:30:00,Lab_219_PC112,Idle,AnonUser_0122,150
2026-04-01 21:30:00,Lab_219_PC113,Idle,AnonUser_0011,15
2026-04-01 21:30:00,Lab_219_PC114,Idle,AnonUser_0009,165
2026-04-01 21:30:00,Lab_219_PC115,Idle,AnonUser_0034,90
2026-04-01 21:30:00,Lab_219_PC116,Offline,N/A,N/A
2026-04-01 21:30:00,Lab_219_PC117,In Use,AnonUser_0053,15
2026-04-01 21:30:00,Lab_219_PC118,Idle,AnonUser_0035,105
2026-04-01 21:30:00,Lab_219_PC119,Offline,N/A,N/A
2026-04-01 21:30:00,Lab_219_PC120,Offline,N/A,N/A
2026-04-01 21:30:00,Lab_219_PC121,In Use,AnonUser_0023,105
2026-04-01 21:30:00,Lab_219_PC122,In Use,AnonUser_0153,120
2026-04-01 21:30:00,Lab_219_PC123,In Use,AnonUser_0173,15
2026-04-01 21:30:00,Lab_219_PC124,In Use,AnonUser_0092,165
2026-04-01 21:30:00,Lab_219_PC125,In Use,AnonUser_0084,195
2026-04-01 21:30:00,Lab_219_PC126,Idle,AnonUser_0086,225
2026-04-01 21:30:00,Lab_219_PC127,In Use,AnonUser_0046,120
2026-04-01 21:30:00,Lab_219_PC128,Offline,N/A,N/A
2026-04-01 21:30:00,Lab_219_PC129,Offline,N/A,N/A
2026-04-01 21:30:00,Lab_219_PC130,In Use,AnonUser_0116,105
2026-04-01 21:30:00,Lab_219_PC131,In Use,AnonUser_0123,30
2026-04-01 21:30:00,Lab_219_PC132,In Use,AnonUser_0125,105
2026-04-01 21:30:00,Lab_219_PC133,Offline,N/A,N/A
2026-04-01 21:30:00,Lab_219_PC134,In Use,AnonUser_0102,60
2026-04-01 21:30:00,Lab_219_PC135,In Use,AnonUser_0039,0
2026-04-01 21:30:00,Lab_219_PC136,Offline,N/A,N/A
2026-04-01 21:30:00,Lab_219_PC137,In Use,AnonUser_0159,45
2026-04-01 21:30:00,Lab_219_PC138,Idle,AnonUser_0146,0
2026-04-01 21:30:00,Lab_219_PC139,Offline,N/A,N/A
2026-04-01 21:30:00,Lab_219_PC140,In Use,AnonUser_0161,75
2026-04-01 21:30:00,Lab_219_PC141,In Use,AnonUser_0057,90
2026-04-01 21:30:00,Lab_219_PC142,In Use,AnonUser_0087,105
2026-04-01 21:30:00,Lab_219_PC143,In Use,AnonUser_0055,105
2026-04-01 21:30:00,Lab_219_PC144,In Use,AnonUser_0168,180
2026-04-01 21:30:00,Lab_219_PC145,Offline,N/A,N/A
2026-04-01 21:30:00,Lab_219_PC146,In Use,AnonUser_0174,0
2026-04-01 21:30:00,Lab_219_PC147,Offline,N/A,N/A
2026-04-01 21:30:00,Lab_219_PC148,In Use,AnonUser_0024,0
2026-04-01 21:30:00,Lab_219_PC149,Offline,N/A,N/A
2026-04-01 21:30:00,Lab_219_PC150,In Use,AnonUser_0045,120
2026-04-01 21:30:00,Lab_219_PC151,Idle,AnonUser_0032,225
2026-04-01 21:30:00,Lab_219_PC152,In Use,AnonUser_0040,75
2026-04-01 21:30:00,Lab_219_PC153,Offline,N/A,N/A
2026-04-01 21:30:00,Lab_219_PC154,Idle,AnonUser_0150,60
2026-04-01 21:30:00,Lab_219_PC155,In Use,AnonUser_0072,30
2026-04-01 21:30:00,Lab_219_PC156,In Use,AnonUser_0061,150
2026-04-01 21:30:00,Lab_219_PC157,In Use,AnonUser_0013,0
2026-04-01 21:30:00,Lab_219_PC158,In Use,AnonUser_0070,105
2026-04-01 21:30:00,Lab_219_PC159,In Use,AnonUser_0127,105
2026-04-01 21:30:00,Lab_219_PC160,In Use,AnonUser_0028,15
2026-04-01 21:30:00,Lab_219_PC161,Offline,N/A,N/A
2026-04-01 21:30:00,Lab_219_PC162,Offline,N/A,N/A
2026-04-01 21:30:00,Lab_219_PC163,Offline,N/A,N/A
2026-04-01 21:30:00,Lab_219_PC164,In Use,AnonUser_0001,0
2026-04-01 21:30:00,Lab_219_PC165,In Use,AnonUser_0169,0
2026-04-01 21:30:00,Lab_219_PC166,In Use,AnonUser_0019,120
2026-04-01 21:30:00,Lab_219_PC167,In Use,AnonUser_0109,180
2026-04-01 21:30:00,Lab_219_PC168,In Use,AnonUser_0140,60
2026-04-01 21:30:00,Lab_219_PC169,Offline,N/A,N/A
2026-04-01 21:30:00,Lab_219_PC170,In Use,AnonUser_0115,60
2026-04-01 21:30:00,Lab_219_PC171,Idle,AnonUser_0017,90
2026-04-01 21:30:00,Lab_219_PC172,In Use,AnonUser_0021,150
2026-04-01 21:30:00,Lab_219_PC173,Offline,N/A,N/A
2026-04-01 21:30:00,Lab_219_PC174,In Use,AnonUser_0179,45
2026-04-01 21:30:00,Lab_219_PC175,Idle,AnonUser_0016,0
2026-04-01 21:30:00,Lab_219_PC176,In Use,AnonUser_0091,45
2026-04-01 21:30:00,Lab_219_PC177,In Use,AnonUser_0137,15
2026-04-01 21:30:00,Lab_219_PC178,In Use,AnonUser_0117,15
2026-04-01 21:30:00,Lab_219_PC179,Offline,N/A,N/A
2026-04-01 21:45:00,Lab_202_PC001,In Use,AnonUser_0089,0
2026-04-01 21:45:00,Lab_202_PC002,Offline,N/A,N/A
2026-04-01 21:45:00,Lab_202_PC003,In Use,AnonUser_0126,30
2026-04-01 21:45:00,Lab_202_PC004,Offline,N/A,N/A
2026-04-01 21:45:00,Lab_202_PC005,In Use,AnonUser_0077,135
2026-04-01 21:45:00,Lab_202_PC006,In Use,AnonUser_0098,0
2026-04-01 21:45:00,Lab_202_PC007,Idle,AnonUser_0047,60
2026-04-01 21:45:00,Lab_202_PC008,In Use,AnonUser_0085,0
2026-04-01 21:45:00,Lab_202_PC009,In Use,AnonUser_0167,15
2026-04-01 21:45:00,Lab_202_PC010,Offline,N/A,N/A
2026-04-01 21:45:00,Lab_202_PC011,Offline,N/A,N/A
2026-04-01 21:45:00,Lab_202_PC012,Idle,AnonUser_0171,75
2026-04-01 21:45:00,Lab_202_PC013,Offline,N/A,N/A
2026-04-01 21:45:00,Lab_202_PC014,Idle,AnonUser_0139,30
2026-04-01 21:45:00,Lab_202_PC015,In Use,AnonUser_0083,30
2026-04-01 21:45:00,Lab_202_PC016,Offline,N/A,N/A
2026-04-01 21:45:00,Lab_202_PC017,In Use,AnonUser_0095,45
2026-04-01 21:45:00,Lab_202_PC018,In Use,AnonUser_0031,15
2026-04-01 21:45:00,Lab_202_PC019,In Use,AnonUser_0026,90
2026-04-01 21:45:00,Lab_202_PC020,In Use,AnonUser_0088,165
2026-04-01 21:45:00,Lab_202_PC021,In Use,AnonUser_0071,30
2026-04-01 21:45:00,Lab_202_PC022,In Use,AnonUser_0130,135
2026-04-01 21:45:00,Lab_202_PC023,In Use,AnonUser_0148,165
2026-04-01 21:45:00,Lab_202_PC024,In Use,AnonUser_0129,135
2026-04-01 21:45:00,Lab_202_PC025,Offline,N/A,N/A
2026-04-01 21:45:00,Lab_202_PC026,Offline,N/A,N/A
2026-04-01 21:45:00,Lab_202_PC027,In Use,AnonUser_0008,15
2026-04-01 21:45:00,Lab_202_PC028,In Use,AnonUser_0002,75
2026-04-01 21:45:00,Lab_202_PC029,In Use,AnonUser_0081,30
2026-04-01 21:45:00,Lab_202_PC030,Offline,N/A,N/A
2026-04-01 21:45:00,Lab_206_PC031,Offline,N/A,N/A
2026-04-01 21:45:00,Lab_206_PC032,In Use,AnonUser_0069,30
2026-04-01 21:45:00,Lab_206_PC033,Offline,N/A,N/A
2026-04-01 21:45:00,Lab_206_PC034,In Use,AnonUser_0014,0
2026-04-01 21:45:00,Lab_206_PC035,In Use,AnonUser_0079,165
2026-04-01 21:45:00,Lab_206_PC036,In Use,AnonUser_0176,0
2026-04-01 21:45:00,Lab_206_PC037,Offline,N/A,N/A
2026-04-01 21:45:00,Lab_206_PC038,In Use,AnonUser_0050,30
2026-04-01 21:45:00,Lab_206_PC039,Offline,N/A,N/A
2026-04-01 21:45:00,Lab_206_PC040,Offline,N/A,N/A
2026-04-01 21:45:00,Lab_206_PC041,Offline,N/A,N/A
2026-04-01 21:45:00,Lab_206_PC042,In Use,AnonUser_0105,0
2026-04-01 21:45:00,Lab_206_PC043,Offline,N/A,N/A
2026-04-01 21:45:00,Lab_206_PC044,Offline,N/A,N/A
2026-04-01 21:45:00,Lab_206_PC045,In Use,AnonUser_0106,15
2026-04-01 21:45:00,Lab_206_PC046,In Use,AnonUser_0112,180
2026-04-01 21:45:00,Lab_206_PC047,Offline,N/A,N/A
2026-04-01 21:45:00,Lab_206_PC048,In Use,AnonUser_0090,60
2026-04-01 21:45:00,Lab_206_PC049,Idle,AnonUser_0132,120
2026-04-01 21:45:00,Lab_206_PC050,In Use,AnonUser_0158,15
2026-04-01 21:45:00,Lab_206_PC051,In Use,AnonUser_0033,45
2026-04-01 21:45:00,Lab_206_PC052,Idle,AnonUser_0108,90
2026-04-01 21:45:00,Lab_206_PC053,Offline,N/A,N/A
2026-04-01 21:45:00,Lab_206_PC054,Offline,N/A,N/A
2026-04-01 21:45:00,Lab_206_PC055,Offline,N/A,N/A
2026-04-01 21:45:00,Lab_206_PC056,Idle,AnonUser_0156,135
2026-04-01 21:45:00,Lab_206_PC057,Offline,N/A,N/A
2026-04-01 21:45:00,Lab_206_PC058,In Use,AnonUser_0038,0
2026-04-01 21:45:00,Lab_206_PC059,In Use,AnonUser_0151,45
2026-04-01 21:45:00,Lab_206_PC060,In Use,AnonUser_0093,195
2026-04-01 21:45:00,Lab_210_PC061,Offline,N/A,N/A
2026-04-01 21:45:00,Lab_210_PC062,In Use,AnonUser_0015,210
2026-04-01 21:45:00,Lab_210_PC063,Idle,AnonUser_0075,45
2026-04-01 21:45:00,Lab_210_PC064,Idle,AnonUser_0152,45
2026-04-01 21:45:00,Lab_210_PC065,In Use,AnonUser_0101,15
2026-04-01 21:45:00,Lab_210_PC066,In Use,AnonUser_0134,165
2026-04-01 21:45:00,Lab_210_PC067,Offline,N/A,N/A
2026-04-01 21:45:00,Lab_210_PC068,In Use,AnonUser_0144,90
2026-04-01 21:45:00,Lab_210_PC069,In Use,AnonUser_0060,0
2026-04-01 21:45:00,Lab_210_PC070,In Use,AnonUser_0160,15
2026-04-01 21:45:00,Lab_210_PC071,In Use,AnonUser_0006,45
2026-04-01 21:45:00,Lab_210_PC072,Idle,AnonUser_0166,105
2026-04-01 21:45:00,Lab_210_PC073,In Use,AnonUser_0030,90
2026-04-01 21:45:00,Lab_210_PC074,Offline,N/A,N/A
2026-04-01 21:45:00,Lab_210_PC075,Offline,N/A,N/A
2026-04-01 21:45:00,Lab_210_PC076,Idle,AnonUser_0073,30
2026-04-01 21:45:00,Lab_210_PC077,Idle,AnonUser_0100,60
2026-04-01 21:45:00,Lab_210_PC078,Offline,N/A,N/A
2026-04-01 21:45:00,Lab_210_PC079,In Use,AnonUser_0080,0
2026-04-01 21:45:00,Lab_210_PC080,Offline,N/A,N/A
2026-04-01 21:45:00,Lab_210_PC081,In Use,AnonUser_0051,45
2026-04-01 21:45:00,Lab_219_PC082,In Use,AnonUser_0118,15
2026-04-01 21:45:00,Lab_219_PC083,Offline,N/A,N/A
2026-04-01 21:45:00,Lab_219_PC084,In Use,AnonUser_0177,135
2026-04-01 21:45:00,Lab_219_PC085,In Use,AnonUser_0096,0
2026-04-01 21:45:00,Lab_219_PC086,In Use,AnonUser_0113,15
2026-04-01 21:45:00,Lab_219_PC087,Offline,N/A,N/A
2026-04-01 21:45:00,Lab_219_PC088,Offline,N/A,N/A
2026-04-01 21:45:00,Lab_219_PC089,In Use,AnonUser_0121,30
2026-04-01 21:45:00,Lab_219_PC090,In Use,AnonUser_0036,150
2026-04-01 21:45:00,Lab_219_PC091,In Use,AnonUser_0128,45
2026-04-01 21:45:00,Lab_219_PC092,In Use,AnonUser_0097,180
2026-04-01 21:45:00,Lab_219_PC093,In Use,AnonUser_0082,0
2026-04-01 21:45:00,Lab_219_PC094,In Use,AnonUser_0058,60
2026-04-01 21:45:00,Lab_219_PC095,Offline,N/A,N/A
2026-04-01 21:45:00,Lab_219_PC096,In Use,AnonUser_0103,90
2026-04-01 21:45:00,Lab_219_PC097,Offline,N/A,N/A
2026-04-01 21:45:00,Lab_219_PC098,Offline,N/A,N/A
2026-04-01 21:45:00,Lab_219_PC099,Offline,N/A,N/A
2026-04-01 21:45:00,Lab_219_PC100,Idle,AnonUser_0155,120
2026-04-01 21:45:00,Lab_219_PC101,In Use,AnonUser_0022,30
2026-04-01 21:45:00,Lab_219_PC102,Offline,N/A,N/A
2026-04-01 21:45:00,Lab_219_PC103,Offline,N/A,N/A
2026-04-01 21:45:00,Lab_219_PC104,In Use,AnonUser_0054,150
2026-04-01 21:45:00,Lab_219_PC105,In Use,AnonUser_0012,135
2026-04-01 21:45:00,Lab_219_PC106,In Use,AnonUser_0037,180
2026-04-01 21:45:00,Lab_219_PC107,Offline,N/A,N/A
2026-04-01 21:45:00,Lab_219_PC108,Offline,N/A,N/A
2026-04-01 21:45:00,Lab_219_PC109,In Use,AnonUser_0164,60
2026-04-01 21:45:00,Lab_219_PC110,In Use,AnonUser_0043,45
2026-04-01 21:45:00,Lab_219_PC111,Idle,AnonUser_0065,75
2026-04-01 21:45:00,Lab_219_PC112,In Use,AnonUser_0122,135
2026-04-01 21:45:00,Lab_219_PC113,In Use,AnonUser_0011,0
2026-04-01 21:45:00,Lab_219_PC114,In Use,AnonUser_0009,150
2026-04-01 21:45:00,Lab_219_PC115,In Use,AnonUser_0034,75
2026-04-01 21:45:00,Lab_219_PC116,Offline,N/A,N/A
2026-04-01 21:45:00,Lab_219_PC117,In Use,AnonUser_0053,0
2026-04-01 21:45:00,Lab_219_PC118,In Use,AnonUser_0035,90
2026-04-01 21:45:00,Lab_219_PC119,Offline,N/A,N/A
2026-04-01 21:45:00,Lab_219_PC120,Offline,N/A,N/A
2026-04-01 21:45:00,Lab_219_PC121,In Use,AnonUser_0023,90
2026-04-01 21:45:00,Lab_219_PC122,In Use,AnonUser_0153,105
2026-04-01 21:45:00,Lab_219_PC123,In Use,AnonUser_0173,0
2026-04-01 21:45:00,Lab_219_PC124,In Use,AnonUser_0092,150
2026-04-01 21:45:00,Lab_219_PC125,In Use,AnonUser_0084,180
2026-04-01 21:45:00,Lab_219_PC126,Idle,AnonUser_0086,210
2026-04-01 21:45:00,Lab_219_PC127,In Use,AnonUser_0046,105
2026-04-01 21:45:00,Lab_219_PC128,Offline,N/A,N/A
2026-04-01 21:45:00,Lab_219_PC129,Idle,AnonUser_0111,195
2026-04-01 21:45:00,Lab_219_PC130,In Use,AnonUser_0116,90
2026-04-01 21:45:00,Lab_219_PC131,In Use,AnonUser_0123,15
2026-04-01 21:45:00,Lab_219_PC132,In Use,AnonUser_0125,90
2026-04-01 21:45:00,Lab_219_PC133,Offline,N/A,N/A
2026-04-01 21:45:00,Lab_219_PC134,In Use,AnonUser_0102,45
2026-04-01 21:45:00,Lab_219_PC135,Offline,N/A,N/A
2026-04-01 21:45:00,Lab_219_PC136,Offline,N/A,N/A
2026-04-01 21:45:00,Lab_219_PC137,In Use,AnonUser_0159,30
2026-04-01 21:45:00,Lab_219_PC138,Offline,N/A,N/A
2026-04-01 21:45:00,Lab_219_PC139,Offline,N/A,N/A
2026-04-01 21:45:00,Lab_219_PC140,In Use,AnonUser_0161,60
2026-04-01 21:45:00,Lab_219_PC141,Idle,AnonUser_0057,75
2026-04-01 21:45:00,Lab_219_PC142,In Use,AnonUser_0087,90
2026-04-01 21:45:00,Lab_219_PC143,In Use,AnonUser_0055,90
2026-04-01 21:45:00,Lab_219_PC144,In Use,AnonUser_0168,165
2026-04-01 21:45:00,Lab_219_PC145,Offline,N/A,N/A
2026-04-01 21:45:00,Lab_219_PC146,Offline,N/A,N/A
2026-04-01 21:45:00,Lab_219_PC147,Offline,N/A,N/A
2026-04-01 21:45:00,Lab_219_PC148,Offline,N/A,N/A
2026-04-01 21:45:00,Lab_219_PC149,Offline,N/A,N/A
2026-04-01 21:45:00,Lab_219_PC150,In Use,AnonUser_0045,105
2026-04-01 21:45:00,Lab_219_PC151,In Use,AnonUser_0032,210
2026-04-01 21:45:00,Lab_219_PC152,In Use,AnonUser_0040,60
2026-04-01 21:45:00,Lab_219_PC153,In Use,AnonUser_0154,225
2026-04-01 21:45:00,Lab_219_PC154,In Use,AnonUser_0150,45
2026-04-01 21:45:00,Lab_219_PC155,In Use,AnonUser_0072,15
2026-04-01 21:45:00,Lab_219_PC156,In Use,AnonUser_0061,135
2026-04-01 21:45:00,Lab_219_PC157,Offline,N/A,N/A
2026-04-01 21:45:00,Lab_219_PC158,Idle,AnonUser_0070,90
2026-04-01 21:45:00,Lab_219_PC159,In Use,AnonUser_0127,90
2026-04-01 21:45:00,Lab_219_PC160,In Use,AnonUser_0028,0
2026-04-01 21:45:00,Lab_219_PC161,Offline,N/A,N/A
2026-04-01 21:45:00,Lab_219_PC162,Offline,N/A,N/A
2026-04-01 21:45:00,Lab_219_PC163,In Use,AnonUser_0041,45
2026-04-01 21:45:00,Lab_219_PC164,Offline,N/A,N/A
2026-04-01 21:45:00,Lab_219_PC165,Offline,N/A,N/A
2026-04-01 21:45:00,Lab_219_PC166,In Use,AnonUser_0019,105
2026-04-01 21:45:00,Lab_219_PC167,In Use,AnonUser_0109,165
2026-04-01 21:45:00,Lab_219_PC168,In Use,AnonUser_0140,45
2026-04-01 21:45:00,Lab_219_PC169,Offline,N/A,N/A
2026-04-01 21:45:00,Lab_219_PC170,In Use,AnonUser_0115,45
2026-04-01 21:45:00,Lab_219_PC171,Idle,AnonUser_0017,75
2026-04-01 21:45:00,Lab_219_PC172,In Use,AnonUser_0021,135
2026-04-01 21:45:00,Lab_219_PC173,Offline,N/A,N/A
2026-04-01 21:45:00,Lab_219_PC174,In Use,AnonUser_0179,30
2026-04-01 21:45:00,Lab_219_PC175,Offline,N/A,N/A
2026-04-01 21:45:00,Lab_219_PC176,Idle,AnonUser_0091,30
2026-04-01 21:45:00,Lab_219_PC177,In Use,AnonUser_0137,0
2026-04-01 21:45:00,Lab_219_PC178,In Use,AnonUser_0117,0
2026-04-01 21:45:00,Lab_219_PC179,Offline,N/A,N/A
2026-04-01 22:00:00,Lab_202_PC001,Offline,N/A,N/A
2026-04-01 22:00:00,Lab_202_PC002,Offline,N/A,N/A
2026-04-01 22:00:00,Lab_202_PC003,In Use,AnonUser_0126,15
2026-04-01 22:00:00,Lab_202_PC004,Idle,AnonUser_0078,105
2026-04-01 22:00:00,Lab_202_PC005,In Use,AnonUser_0077,120
2026-04-01 22:00:00,Lab_202_PC006,Offline,N/A,N/A
2026-04-01 22:00:00,Lab_202_PC007,In Use,AnonUser_0047,45
2026-04-01 22:00:00,Lab_202_PC008,Offline,N/A,N/A
2026-04-01 22:00:00,Lab_202_PC009,In Use,AnonUser_0167,0
2026-04-01 22:00:00,Lab_202_PC010,Offline,N/A,N/A
2026-04-01 22:00:00,Lab_202_PC011,Offline,N/A,N/A
2026-04-01 22:00:00,Lab_202_PC012,In Use,AnonUser_0171,60
2026-04-01 22:00:00,Lab_202_PC013,Offline,N/A,N/A
2026-04-01 22:00:00,Lab_202_PC014,In Use,AnonUser_0139,15
2026-04-01 22:00:00,Lab_202_PC015,In Use,AnonUser_0083,15
2026-04-01 22:00:00,Lab_202_PC016,Offline,N/A,N/A
2026-04-01 22:00:00,Lab_202_PC017,In Use,AnonUser_0095,30
2026-04-01 22:00:00,Lab_202_PC018,In Use,AnonUser_0031,0
2026-04-01 22:00:00,Lab_202_PC019,In Use,AnonUser_0026,75
2026-04-01 22:00:00,Lab_202_PC020,In Use,AnonUser_0088,150
2026-04-01 22:00:00,Lab_202_PC021,In Use,AnonUser_0071,15
2026-04-01 22:00:00,Lab_202_PC022,In Use,AnonUser_0130,120
2026-04-01 22:00:00,Lab_202_PC023,In Use,AnonUser_0148,150
2026-04-01 22:00:00,Lab_202_PC024,In Use,AnonUser_0129,120
2026-04-01 22:00:00,Lab_202_PC025,Offline,N/A,N/A
2026-04-01 22:00:00,Lab_202_PC026,Offline,N/A,N/A
2026-04-01 22:00:00,Lab_202_PC027,In Use,AnonUser_0008,0
2026-04-01 22:00:00,Lab_202_PC028,In Use,AnonUser_0002,60
2026-04-01 22:00:00,Lab_202_PC029,In Use,AnonUser_0081,15
2026-04-01 22:00:00,Lab_202_PC030,Offline,N/A,N/A
2026-04-01 22:00:00,Lab_206_PC031,Offline,N/A,N/A
2026-04-01 22:00:00,Lab_206_PC032,In Use,AnonUser_0069,15
2026-04-01 22:00:00,Lab_206_PC033,Offline,N/A,N/A
2026-04-01 22:00:00,Lab_206_PC034,Offline,N/A,N/A
2026-04-01 22:00:00,Lab_206_PC035,Idle,AnonUser_0079,150
2026-04-01 22:00:00,Lab_206_PC036,Offline,N/A,N/A
2026-04-01 22:00:00,Lab_206_PC037,Offline,N/A,N/A
2026-04-01 22:00:00,Lab_206_PC038,In Use,AnonUser_0050,15
2026-04-01 22:00:00,Lab_206_PC039,Offline,N/A,N/A
2026-04-01 22:00:00,Lab_206_PC040,Offline,N/A,N/A
2026-04-01 22:00:00,Lab_206_PC041,Offline,N/A,N/A
2026-04-01 22:00:00,Lab_206_PC042,Offline,N/A,N/A
2026-04-01 22:00:00,Lab_206_PC043,Offline,N/A,N/A
2026-04-01 22:00:00,Lab_206_PC044,Offline,N/A,N/A
2026-04-01 22:00:00,Lab_206_PC045,In Use,AnonUser_0106,0
2026-04-01 22:00:00,Lab_206_PC046,Idle,AnonUser_0112,165
2026-04-01 22:00:00,Lab_206_PC047,Offline,N/A,N/A
2026-04-01 22:00:00,Lab_206_PC048,In Use,AnonUser_0090,45
2026-04-01 22:00:00,Lab_206_PC049,In Use,AnonUser_0132,105
2026-04-01 22:00:00,Lab_206_PC050,In Use,AnonUser_0158,0
2026-04-01 22:00:00,Lab_206_PC051,In Use,AnonUser_0033,30
2026-04-01 22:00:00,Lab_206_PC052,In Use,AnonUser_0108,75
2026-04-01 22:00:00,Lab_206_PC053,Offline,N/A,N/A
2026-04-01 22:00:00,Lab_206_PC054,Offline,N/A,N/A
2026-04-01 22:00:00,Lab_206_PC055,Offline,N/A,N/A
2026-04-01 22:00:00,Lab_206_PC056,Idle,AnonUser_0156,120
2026-04-01 22:00:00,Lab_206_PC057,In Use,AnonUser_0114,165
2026-04-01 22:00:00,Lab_206_PC058,Offline,N/A,N/A
2026-04-01 22:00:00,Lab_206_PC059,Idle,AnonUser_0151,30
2026-04-01 22:00:00,Lab_206_PC060,In Use,AnonUser_0093,180
2026-04-01 22:00:00,Lab_210_PC061,Offline,N/A,N/A
2026-04-01 22:00:00,Lab_210_PC062,In Use,AnonUser_0015,195
2026-04-01 22:00:00,Lab_210_PC063,In Use,AnonUser_0075,30
2026-04-01 22:00:00,Lab_210_PC064,In Use,AnonUser_0152,30
2026-04-01 22:00:00,Lab_210_PC065,Idle,AnonUser_0101,0
2026-04-01 22:00:00,Lab_210_PC066,Idle,AnonUser_0134,150
2026-04-01 22:00:00,Lab_210_PC067,Offline,N/A,N/A
2026-04-01 22:00:00,Lab_210_PC068,In Use,AnonUser_0144,75
2026-04-01 22:00:00,Lab_210_PC069,Offline,N/A,N/A
2026-04-01 22:00:00,Lab_210_PC070,In Use,AnonUser_0160,0
2026-04-01 22:00:00,Lab_210_PC071,In Use,AnonUser_0006,30
2026-04-01 22:00:00,Lab_210_PC072,In Use,AnonUser_0166,90
2026-04-01 22:00:00,Lab_210_PC073,In Use,AnonUser_0030,75
2026-04-01 22:00:00,Lab_210_PC074,Offline,N/A,N/A
2026-04-01 22:00:00,Lab_210_PC075,Offline,N/A,N/A
2026-04-01 22:00:00,Lab_210_PC076,In Use,AnonUser_0073,15
2026-04-01 22:00:00,Lab_210_PC077,In Use,AnonUser_0100,45
2026-04-01 22:00:00,Lab_210_PC078,Offline,N/A,N/A
2026-04-01 22:00:00,Lab_210_PC079,Offline,N/A,N/A
2026-04-01 22:00:00,Lab_210_PC080,Offline,N/A,N/A
2026-04-01 22:00:00,Lab_210_PC081,In Use,AnonUser_0051,30
2026-04-01 22:00:00,Lab_219_PC082,In Use,AnonUser_0118,0
2026-04-01 22:00:00,Lab_219_PC083,Offline,N/A,N/A
2026-04-01 22:00:00,Lab_219_PC084,In Use,AnonUser_0177,120
2026-04-01 22:00:00,Lab_219_PC085,In Use,AnonUser_0005,75
2026-04-01 22:00:00,Lab_219_PC086,In Use,AnonUser_0113,0
2026-04-01 22:00:00,Lab_219_PC087,Offline,N/A,N/A
2026-04-01 22:00:00,Lab_219_PC088,Offline,N/A,N/A
2026-04-01 22:00:00,Lab_219_PC089,In Use,AnonUser_0121,15
2026-04-01 22:00:00,Lab_219_PC090,In Use,AnonUser_0036,135
2026-04-01 22:00:00,Lab_219_PC091,In Use,AnonUser_0128,30
2026-04-01 22:00:00,Lab_219_PC092,Idle,AnonUser_0097,165
2026-04-01 22:00:00,Lab_219_PC093,Offline,N/A,N/A
2026-04-01 22:00:00,Lab_219_PC094,In Use,AnonUser_0058,45
2026-04-01 22:00:00,Lab_219_PC095,Offline,N/A,N/A
2026-04-01 22:00:00,Lab_219_PC096,Idle,AnonUser_0103,75
2026-04-01 22:00:00,Lab_219_PC097,Offline,N/A,N/A
2026-04-01 22:00:00,Lab_219_PC098,Offline,N/A,N/A
2026-04-01 22:00:00,Lab_219_PC099,Idle,AnonUser_0066,75
2026-04-01 22:00:00,Lab_219_PC100,In Use,AnonUser_0155,105
2026-04-01 22:00:00,Lab_219_PC101,Idle,AnonUser_0022,15
2026-04-01 22:00:00,Lab_219_PC102,Idle,AnonUser_0142,135
2026-04-01 22:00:00,Lab_219_PC103,Offline,N/A,N/A
2026-04-01 22:00:00,Lab_219_PC104,In Use,AnonUser_0054,135
2026-04-01 22:00:00,Lab_219_PC105,In Use,AnonUser_0012,120
2026-04-01 22:00:00,Lab_219_PC106,In Use,AnonUser_0037,165
2026-04-01 22:00:00,Lab_219_PC107,Offline,N/A,N/A
2026-04-01 22:00:00,Lab_219_PC108,Offline,N/A,N/A
2026-04-01 22:00:00,Lab_219_PC109,In Use,AnonUser_0164,45
2026-04-01 22:00:00,Lab_219_PC110,Idle,AnonUser_0043,30
2026-04-01 22:00:00,Lab_219_PC111,Idle,AnonUser_0065,60
2026-04-01 22:00:00,Lab_219_PC112,In Use,AnonUser_0122,120
2026-04-01 22:00:00,Lab_219_PC113,Offline,N/A,N/A
2026-04-01 22:00:00,Lab_219_PC114,In Use,AnonUser_0009,135
2026-04-01 22:00:00,Lab_219_PC115,Idle,AnonUser_0034,60
2026-04-01 22:00:00,Lab_219_PC116,Offline,N/A,N/A
2026-04-01 22:00:00,Lab_219_PC117,Offline,N/A,N/A
2026-04-01 22:00:00,Lab_219_PC118,In Use,AnonUser_0035,75
2026-04-01 22:00:00,Lab_219_PC119,Offline,N/A,N/A
2026-04-01 22:00:00,Lab_219_PC120,Offline,N/A,N/A
2026-04-01 22:00:00,Lab_219_PC121,In Use,AnonUser_0023,75
2026-04-01 22:00:00,Lab_219_PC122,In Use,AnonUser_0153,90
2026-04-01 22:00:00,Lab_219_PC123,In Use,AnonUser_0001,165
2026-04-01 22:00:00,Lab_219_PC124,In Use,AnonUser_0092,135
2026-04-01 22:00:00,Lab_219_PC125,In Use,AnonUser_0084,165
2026-04-01 22:00:00,Lab_219_PC126,In Use,AnonUser_0086,195
2026-04-01 22:00:00,Lab_219_PC127,In Use,AnonUser_0046,90
2026-04-01 22:00:00,Lab_219_PC128,Offline,N/A,N/A
2026-04-01 22:00:00,Lab_219_PC129,In Use,AnonUser_0111,180
2026-04-01 22:00:00,Lab_219_PC130,Idle,AnonUser_0116,75
2026-04-01 22:00:00,Lab_219_PC131,In Use,AnonUser_0123,0
2026-04-01 22:00:00,Lab_219_PC132,In Use,AnonUser_0125,75
2026-04-01 22:00:00,Lab_219_PC133,Offline,N/A,N/A
2026-04-01 22:00:00,Lab_219_PC134,In Use,AnonUser_0102,30
2026-04-01 22:00:00,Lab_219_PC135,Offline,N/A,N/A
2026-04-01 22:00:00,Lab_219_PC136,Offline,N/A,N/A
2026-04-01 22:00:00,Lab_219_PC137,In Use,AnonUser_0159,15
2026-04-01 22:00:00,Lab_219_PC138,Offline,N/A,N/A
2026-04-01 22:00:00,Lab_219_PC139,Offline,N/A,N/A
2026-04-01 22:00:00,Lab_219_PC140,In Use,AnonUser_0161,45
2026-04-01 22:00:00,Lab_219_PC141,In Use,AnonUser_0057,60
2026-04-01 22:00:00,Lab_219_PC142,In Use,AnonUser_0087,75
2026-04-01 22:00:00,Lab_219_PC143,In Use,AnonUser_0055,75
2026-04-01 22:00:00,Lab_219_PC144,In Use,AnonUser_0168,150
2026-04-01 22:00:00,Lab_219_PC145,Idle,AnonUser_0003,135
2026-04-01 22:00:00,Lab_219_PC146,In Use,AnonUser_0098,45
2026-04-01 22:00:00,Lab_219_PC147,Offline,N/A,N/A
2026-04-01 22:00:00,Lab_219_PC148,Idle,AnonUser_0056,75
2026-04-01 22:00:00,Lab_219_PC149,Idle,AnonUser_0107,180
2026-04-01 22:00:00,Lab_219_PC150,In Use,AnonUser_0045,90
2026-04-01 22:00:00,Lab_219_PC151,Idle,AnonUser_0032,195
2026-04-01 22:00:00,Lab_219_PC152,In Use,AnonUser_0040,45
2026-04-01 22:00:00,Lab_219_PC153,Idle,AnonUser_0154,210
2026-04-01 22:00:00,Lab_219_PC154,In Use,AnonUser_0150,30
2026-04-01 22:00:00,Lab_219_PC155,In Use,AnonUser_0072,0
2026-04-01 22:00:00,Lab_219_PC156,In Use,AnonUser_0061,120
2026-04-01 22:00:00,Lab_219_PC157,Offline,N/A,N/A
2026-04-01 22:00:00,Lab_219_PC158,In Use,AnonUser_0070,75
2026-04-01 22:00:00,Lab_219_PC159,In Use,AnonUser_0127,75
2026-04-01 22:00:00,Lab_219_PC160,Offline,N/A,N/A
2026-04-01 22:00:00,Lab_219_PC161,Offline,N/A,N/A
2026-04-01 22:00:00,Lab_219_PC162,Offline,N/A,N/A
2026-04-01 22:00:00,Lab_219_PC163,Idle,AnonUser_0041,30
2026-04-01 22:00:00,Lab_219_PC164,Offline,N/A,N/A
2026-04-01 22:00:00,Lab_219_PC165,Idle,AnonUser_0052,90
2026-04-01 22:00:00,Lab_219_PC166,In Use,AnonUser_0019,90
2026-04-01 22:00:00,Lab_219_PC167,In Use,AnonUser_0109,150
2026-04-01 22:00:00,Lab_219_PC168,In Use,AnonUser_0140,30
2026-04-01 22:00:00,Lab_219_PC169,Offline,N/A,N/A
2026-04-01 22:00:00,Lab_219_PC170,In Use,AnonUser_0115,30
2026-04-01 22:00:00,Lab_219_PC171,In Use,AnonUser_0017,60
2026-04-01 22:00:00,Lab_219_PC172,In Use,AnonUser_0021,120
2026-04-01 22:00:00,Lab_219_PC173,Offline,N/A,N/A
2026-04-01 22:00:00,Lab_219_PC174,In Use,AnonUser_0179,15
2026-04-01 22:00:00,Lab_219_PC175,Offline,N/A,N/A
2026-04-01 22:00:00,Lab_219_PC176,In Use,AnonUser_0091,15
2026-04-01 22:00:00,Lab_219_PC177,Idle,AnonUser_0120,210
2026-04-01 22:00:00,Lab_219_PC178,Offline,N/A,N/A
2026-04-01 22:00:00,Lab_219_PC179,Offline,N/A,N/A
2026-04-01 22:15:00,Lab_202_PC001,Offline,N/A,N/A
2026-04-01 22:15:00,Lab_202_PC002,Offline,N/A,N/A
2026-04-01 22:15:00,Lab_202_PC003,In Use,AnonUser_0126,0
2026-04-01 22:15:00,Lab_202_PC004,In Use,AnonUser_0078,90
2026-04-01 22:15:00,Lab_202_PC005,In Use,AnonUser_0077,105
2026-04-01 22:15:00,Lab_202_PC006,Offline,N/A,N/A
2026-04-01 22:15:00,Lab_202_PC007,In Use,AnonUser_0047,30
2026-04-01 22:15:00,Lab_202_PC008,Offline,N/A,N/A
2026-04-01 22:15:00,Lab_202_PC009,Offline,N/A,N/A
2026-04-01 22:15:00,Lab_202_PC010,Offline,N/A,N/A
2026-04-01 22:15:00,Lab_202_PC011,Offline,N/A,N/A
2026-04-01 22:15:00,Lab_202_PC012,In Use,AnonUser_0171,45
2026-04-01 22:15:00,Lab_202_PC013,In Use,AnonUser_0138,135
2026-04-01 22:15:00,Lab_202_PC014,Idle,AnonUser_0139,0
2026-04-01 22:15:00,Lab_202_PC015,In Use,AnonUser_0083,0
2026-04-01 22:15:00,Lab_202_PC016,Offline,N/A,N/A
2026-04-01 22:15:00,Lab_202_PC017,In Use,AnonUser_0095,15
2026-04-01 22:15:00,Lab_202_PC018,Offline,N/A,N/A
2026-04-01 22:15:00,Lab_202_PC019,In Use,AnonUser_0026,60
2026-04-01 22:15:00,Lab_202_PC020,In Use,AnonUser_0088,135
2026-04-01 22:15:00,Lab_202_PC021,In Use,AnonUser_0071,0
2026-04-01 22:15:00,Lab_202_PC022,In Use,AnonUser_0130,105
2026-04-01 22:15:00,Lab_202_PC023,In Use,AnonUser_0148,135
2026-04-01 22:15:00,Lab_202_PC024,In Use,AnonUser_0129,105
2026-04-01 22:15:00,Lab_202_PC025,Offline,N/A,N/A
2026-04-01 22:15:00,Lab_202_PC026,Idle,AnonUser_0141,120
2026-04-01 22:15:00,Lab_202_PC027,Offline,N/A,N/A
2026-04-01 22:15:00,Lab_202_PC028,In Use,AnonUser_0002,45
2026-04-01 22:15:00,Lab_202_PC029,In Use,AnonUser_0081,0
2026-04-01 22:15:00,Lab_202_PC030,Offline,N/A,N/A
2026-04-01 22:15:00,Lab_206_PC031,Offline,N/A,N/A
2026-04-01 22:15:00,Lab_206_PC032,In Use,AnonUser_0069,0
2026-04-01 22:15:00,Lab_206_PC033,Offline,N/A,N/A
2026-04-01 22:15:00,Lab_206_PC034,Offline,N/A,N/A
2026-04-01 22:15:00,Lab_206_PC035,In Use,AnonUser_0079,135
2026-04-01 22:15:00,Lab_206_PC036,Offline,N/A,N/A
2026-04-01 22:15:00,Lab_206_PC037,Offline,N/A,N/A
2026-04-01 22:15:00,Lab_206_PC038,In Use,AnonUser_0050,0
2026-04-01 22:15:00,Lab_206_PC039,Idle,AnonUser_0131,45
2026-04-01 22:15:00,Lab_206_PC040,Offline,N/A,N/A
2026-04-01 22:15:00,Lab_206_PC041,Offline,N/A,N/A
2026-04-01 22:15:00,Lab_206_PC042,Offline,N/A,N/A
2026-04-01 22:15:00,Lab_206_PC043,Offline,N/A,N/A
2026-04-01 22:15:00,Lab_206_PC044,Offline,N/A,N/A
2026-04-01 22:15:00,Lab_206_PC045,Offline,N/A,N/A
2026-04-01 22:15:00,Lab_206_PC046,Idle,AnonUser_0112,150
2026-04-01 22:15:00,Lab_206_PC047,Offline,N/A,N/A
2026-04-01 22:15:00,Lab_206_PC048,Idle,AnonUser_0090,30
2026-04-01 22:15:00,Lab_206_PC049,In Use,AnonUser_0132,90
2026-04-01 22:15:00,Lab_206_PC050,Offline,N/A,N/A
2026-04-01 22:15:00,Lab_206_PC051,In Use,AnonUser_0033,15
2026-04-01 22:15:00,Lab_206_PC052,In Use,AnonUser_0108,60
2026-04-01 22:15:00,Lab_206_PC053,Offline,N/A,N/A
2026-04-01 22:15:00,Lab_206_PC054,Offline,N/A,N/A
2026-04-01 22:15:00,Lab_206_PC055,Offline,N/A,N/A
2026-04-01 22:15:00,Lab_206_PC056,In Use,AnonUser_0156,105
2026-04-01 22:15:00,Lab_206_PC057,In Use,AnonUser_0114,150
2026-04-01 22:15:00,Lab_206_PC058,Offline,N/A,N/A
2026-04-01 22:15:00,Lab_206_PC059,Idle,AnonUser_0151,15
2026-04-01 22:15:00,Lab_206_PC060,In Use,AnonUser_0093,165
2026-04-01 22:15:00,Lab_210_PC061,In Use,AnonUser_0099,15
2026-04-01 22:15:00,Lab_210_PC062,In Use,AnonUser_0015,180
2026-04-01 22:15:00,Lab_210_PC063,In Use,AnonUser_0075,15
2026-04-01 22:15:00,Lab_210_PC064,In Use,AnonUser_0152,15
2026-04-01 22:15:00,Lab_210_PC065,Offline,N/A,N/A
2026-04-01 22:15:00,Lab_210_PC066,In Use,AnonUser_0134,135
2026-04-01 22:15:00,Lab_210_PC067,Offline,N/A,N/A
2026-04-01 22:15:00,Lab_210_PC068,In Use,AnonUser_0144,60
2026-04-01 22:15:00,Lab_210_PC069,Idle,AnonUser_0010,120
2026-04-01 22:15:00,Lab_210_PC070,Offline,N/A,N/A
2026-04-01 22:15:00,Lab_210_PC071,In Use,AnonUser_0006,15
2026-04-01 22:15:00,Lab_210_PC072,Idle,AnonUser_0166,75
2026-04-01 22:15:00,Lab_210_PC073,In Use,AnonUser_0030,60
2026-04-01 22:15:00,Lab_210_PC074,Offline,N/A,N/A
2026-04-01 22:15:00,Lab_210_PC075,Offline,N/A,N/A
2026-04-01 22:15:00,Lab_210_PC076,In Use,AnonUser_0073,0
2026-04-01 22:15:00,Lab_210_PC077,In Use,AnonUser_0100,30
2026-04-01 22:15:00,Lab_210_PC078,Offline,N/A,N/A
2026-04-01 22:15:00,Lab_210_PC079,Idle,AnonUser_0013,30
2026-04-01 22:15:00,Lab_210_PC080,Offline,N/A,N/A
2026-04-01 22:15:00,Lab_210_PC081,In Use,AnonUser_0051,15
2026-04-01 22:15:00,Lab_219_PC082,Offline,N/A,N/A
2026-04-01 22:15:00,Lab_219_PC083,Offline,N/A,N/A
2026-04-01 22:15:00,Lab_219_PC084,In Use,AnonUser_0177,105
2026-04-01 22:15:00,Lab_219_PC085,In Use,AnonUser_0005,60
2026-04-01 22:15:00,Lab_219_PC086,Offline,N/A,N/A
2026-04-01 22:15:00,Lab_219_PC087,Offline,N/A,N/A
2026-04-01 22:15:00,Lab_219_PC088,Offline,N/A,N/A
2026-04-01 22:15:00,Lab_219_PC089,Idle,AnonUser_0121,0
2026-04-01 22:15:00,Lab_219_PC090,In Use,AnonUser_0036,120
2026-04-01 22:15:00,Lab_219_PC091,In Use,AnonUser_0128,15
2026-04-01 22:15:00,Lab_219_PC092,Idle,AnonUser_0097,150
2026-04-01 22:15:00,Lab_219_PC093,Offline,N/A,N/A
2026-04-01 22:15:00,Lab_219_PC094,In Use,AnonUser_0058,30
2026-04-01 22:15:00,Lab_219_PC095,Offline,N/A,N/A
2026-04-01 22:15:00,Lab_219_PC096,In Use,AnonUser_0103,60
2026-04-01 22:15:00,Lab_219_PC097,Idle,AnonUser_0173,180
2026-04-01 22:15:00,Lab_219_PC098,Idle,AnonUser_0029,90
2026-04-01 22:15:00,Lab_219_PC099,In Use,AnonUser_0066,60
2026-04-01 22:15:00,Lab_219_PC100,In Use,AnonUser_0155,90
2026-04-01 22:15:00,Lab_219_PC101,In Use,AnonUser_0022,0
2026-04-01 22:15:00,Lab_219_PC102,In Use,AnonUser_0142,120
2026-04-01 22:15:00,Lab_219_PC103,Offline,N/A,N/A
2026-04-01 22:15:00,Lab_219_PC104,In Use,AnonUser_0054,120
2026-04-01 22:15:00,Lab_219_PC105,In Use,AnonUser_0012,105
2026-04-01 22:15:00,Lab_219_PC106,In Use,AnonUser_0037,150
2026-04-01 22:15:00,Lab_219_PC107,Offline,N/A,N/A
2026-04-01 22:15:00,Lab_219_PC108,Idle,AnonUser_0063,120
2026-04-01 22:15:00,Lab_219_PC109,In Use,AnonUser_0164,30
2026-04-01 22:15:00,Lab_219_PC110,In Use,AnonUser_0043,15
2026-04-01 22:15:00,Lab_219_PC111,In Use,AnonUser_0065,45
2026-04-01 22:15:00,Lab_219_PC112,In Use,AnonUser_0122,105
2026-04-01 22:15:00,Lab_219_PC113,Offline,N/A,N/A
2026-04-01 22:15:00,Lab_219_PC114,In Use,AnonUser_0009,120
2026-04-01 22:15:00,Lab_219_PC115,In Use,AnonUser_0034,45
2026-04-01 22:15:00,Lab_219_PC116,Offline,N/A,N/A
2026-04-01 22:15:00,Lab_219_PC117,Offline,N/A,N/A
2026-04-01 22:15:00,Lab_219_PC118,In Use,AnonUser_0035,60
2026-04-01 22:15:00,Lab_219_PC119,Idle,AnonUser_0113,30
2026-04-01 22:15:00,Lab_219_PC120,Offline,N/A,N/A
2026-04-01 22:15:00,Lab_219_PC121,In Use,AnonUser_0023,60
2026-04-01 22:15:00,Lab_219_PC122,In Use,AnonUser_0153,75
2026-04-01 22:15:00,Lab_219_PC123,In Use,AnonUser_0001,150
2026-04-01 22:15:00,Lab_219_PC124,Idle,AnonUser_0092,120
2026-04-01 22:15:00,Lab_219_PC125,In Use,AnonUser_0084,150
2026-04-01 22:15:00,Lab_219_PC126,In Use,AnonUser_0086,180
2026-04-01 22:15:00,Lab_219_PC127,Idle,AnonUser_0046,75
2026-04-01 22:15:00,Lab_219_PC128,Offline,N/A,N/A
2026-04-01 22:15:00,Lab_219_PC129,In Use,AnonUser_0111,165
2026-04-01 22:15:00,Lab_219_PC130,In Use,AnonUser_0116,60
2026-04-01 22:15:00,Lab_219_PC131,In Use,AnonUser_0008,150
2026-04-01 22:15:00,Lab_219_PC132,In Use,AnonUser_0125,60
2026-04-01 22:15:00,Lab_219_PC133,Offline,N/A,N/A
2026-04-01 22:15:00,Lab_219_PC134,In Use,AnonUser_0102,15
2026-04-01 22:15:00,Lab_219_PC135,Idle,AnonUser_0082,165
2026-04-01 22:15:00,Lab_219_PC136,Offline,N/A,N/A
2026-04-01 22:15:00,Lab_219_PC137,Idle,AnonUser_0159,0
2026-04-01 22:15:00,Lab_219_PC138,Offline,N/A,N/A
2026-04-01 22:15:00,Lab_219_PC139,Offline,N/A,N/A
2026-04-01 22:15:00,Lab_219_PC140,In Use,AnonUser_0161,30
2026-04-01 22:15:00,Lab_219_PC141,In Use,AnonUser_0057,45
2026-04-01 22:15:00,Lab_219_PC142,In Use,AnonUser_0087,60
2026-04-01 22:15:00,Lab_219_PC143,Idle,AnonUser_0055,60
2026-04-01 22:15:00,Lab_219_PC144,In Use,AnonUser_0168,135
2026-04-01 22:15:00,Lab_219_PC145,In Use,AnonUser_0003,120
2026-04-01 22:15:00,Lab_219_PC146,In Use,AnonUser_0098,30
2026-04-01 22:15:00,Lab_219_PC147,Offline,N/A,N/A
2026-04-01 22:15:00,Lab_219_PC148,In Use,AnonUser_0056,60
2026-04-01 22:15:00,Lab_219_PC149,In Use,AnonUser_0107,165
2026-04-01 22:15:00,Lab_219_PC150,In Use,AnonUser_0045,75
2026-04-01 22:15:00,Lab_219_PC151,In Use,AnonUser_0032,180
2026-04-01 22:15:00,Lab_219_PC152,In Use,AnonUser_0040,30
2026-04-01 22:15:00,Lab_219_PC153,In Use,AnonUser_0154,195
2026-04-01 22:15:00,Lab_219_PC154,In Use,AnonUser_0150,15
2026-04-01 22:15:00,Lab_219_PC155,In Use,AnonUser_0094,45
2026-04-01 22:15:00,Lab_219_PC156,In Use,AnonUser_0061,105
2026-04-01 22:15:00,Lab_219_PC157,Offline,N/A,N/A
2026-04-01 22:15:00,Lab_219_PC158,In Use,AnonUser_0070,60
2026-04-01 22:15:00,Lab_219_PC159,In Use,AnonUser_0127,60
2026-04-01 22:15:00,Lab_219_PC160,Offline,N/A,N/A
2026-04-01 22:15:00,Lab_219_PC161,Offline,N/A,N/A
2026-04-01 22:15:00,Lab_219_PC162,Offline,N/A,N/A
2026-04-01 22:15:00,Lab_219_PC163,In Use,AnonUser_0041,15
2026-04-01 22:15:00,Lab_219_PC164,Idle,AnonUser_0085,195
2026-04-01 22:15:00,Lab_219_PC165,In Use,AnonUser_0052,75
2026-04-01 22:15:00,Lab_219_PC166,In Use,AnonUser_0019,75
2026-04-01 22:15:00,Lab_219_PC167,In Use,AnonUser_0109,135
2026-04-01 22:15:00,Lab_219_PC168,In Use,AnonUser_0140,15
2026-04-01 22:15:00,Lab_219_PC169,Offline,N/A,N/A
2026-04-01 22:15:00,Lab_219_PC170,Idle,AnonUser_0115,15
2026-04-01 22:15:00,Lab_219_PC171,In Use,AnonUser_0017,45
2026-04-01 22:15:00,Lab_219_PC172,Idle,AnonUser_0021,105
2026-04-01 22:15:00,Lab_219_PC173,Offline,N/A,N/A
2026-04-01 22:15:00,Lab_219_PC174,In Use,AnonUser_0179,0
2026-04-01 22:15:00,Lab_219_PC175,Offline,N/A,N/A
2026-04-01 22:15:00,Lab_219_PC176,In Use,AnonUser_0091,0
2026-04-01 22:15:00,Lab_219_PC177,In Use,AnonUser_0120,195
2026-04-01 22:15:00,Lab_219_PC178,Offline,N/A,N/A
2026-04-01 22:15:00,Lab_219_PC179,Offline,N/A,N/A
2026-04-01 22:30:00,Lab_202_PC001,Offline,N/A,N/A
2026-04-01 22:30:00,Lab_202_PC002,Offline,N/A,N/A
2026-04-01 22:30:00,Lab_202_PC003,Offline,N/A,N/A
2026-04-01 22:30:00,Lab_202_PC004,In Use,AnonUser_0078,75
2026-04-01 22:30:00,Lab_202_PC005,In Use,AnonUser_0077,90
2026-04-01 22:30:00,Lab_202_PC006,Offline,N/A,N/A
2026-04-01 22:30:00,Lab_202_PC007,In Use,AnonUser_0047,15
2026-04-01 22:30:00,Lab_202_PC008,Idle,AnonUser_0080,135
2026-04-01 22:30:00,Lab_202_PC009,Offline,N/A,N/A
2026-04-01 22:30:00,Lab_202_PC010,Offline,N/A,N/A
2026-04-01 22:30:00,Lab_202_PC011,Offline,N/A,N/A
2026-04-01 22:30:00,Lab_202_PC012,In Use,AnonUser_0171,30
2026-04-01 22:30:00,Lab_202_PC013,Idle,AnonUser_0138,120
2026-04-01 22:30:00,Lab_202_PC014,Idle,AnonUser_0158,225
2026-04-01 22:30:00,Lab_202_PC015,In Use,AnonUser_0172,135
2026-04-01 22:30:00,Lab_202_PC016,Offline,N/A,N/A
2026-04-01 22:30:00,Lab_202_PC017,In Use,AnonUser_0095,0
2026-04-01 22:30:00,Lab_202_PC018,Offline,N/A,N/A
2026-04-01 22:30:00,Lab_202_PC019,In Use,AnonUser_0026,45
2026-04-01 22:30:00,Lab_202_PC020,In Use,AnonUser_0088,120
2026-04-01 22:30:00,Lab_202_PC021,Offline,N/A,N/A
2026-04-01 22:30:00,Lab_202_PC022,In Use,AnonUser_0130,90
2026-04-01 22:30:00,Lab_202_PC023,In Use,AnonUser_0148,120
2026-04-01 22:30:00,Lab_202_PC024,In Use,AnonUser_0129,90
2026-04-01 22:30:00,Lab_202_PC025,Offline,N/A,N/A
2026-04-01 22:30:00,Lab_202_PC026,In Use,AnonUser_0141,105
2026-04-01 22:30:00,Lab_202_PC027,Offline,N/A,N/A
2026-04-01 22:30:00,Lab_202_PC028,In Use,AnonUser_0002,30
2026-04-01 22:30:00,Lab_202_PC029,Offline,N/A,N/A
2026-04-01 22:30:00,Lab_202_PC030,Idle,AnonUser_0038,30
2026-04-01 22:30:00,Lab_206_PC031,Offline,N/A,N/A
2026-04-01 22:30:00,Lab_206_PC032,Offline,N/A,N/A
2026-04-01 22:30:00,Lab_206_PC033,In Use,AnonUser_0110,165
2026-04-01 22:30:00,Lab_206_PC034,Offline,N/A,N/A
2026-04-01 22:30:00,Lab_206_PC035,Idle,AnonUser_0079,120
2026-04-01 22:30:00,Lab_206_PC036,Offline,N/A,N/A
2026-04-01 22:30:00,Lab_206_PC037,Offline,N/A,N/A
2026-04-01 22:30:00,Lab_206_PC038,Offline,N/A,N/A
2026-04-01 22:30:00,Lab_206_PC039,In Use,AnonUser_0131,30
2026-04-01 22:30:00,Lab_206_PC040,Offline,N/A,N/A
2026-04-01 22:30:00,Lab_206_PC041,Offline,N/A,N/A
2026-04-01 22:30:00,Lab_206_PC042,Offline,N/A,N/A
2026-04-01 22:30:00,Lab_206_PC043,Offline,N/A,N/A
2026-04-01 22:30:00,Lab_206_PC044,Offline,N/A,N/A
2026-04-01 22:30:00,Lab_206_PC045,Offline,N/A,N/A
2026-04-01 22:30:00,Lab_206_PC046,In Use,AnonUser_0112,135
2026-04-01 22:30:00,Lab_206_PC047,Offline,N/A,N/A
2026-04-01 22:30:00,Lab_206_PC048,Idle,AnonUser_0090,15
2026-04-01 22:30:00,Lab_206_PC049,In Use,AnonUser_0132,75
2026-04-01 22:30:00,Lab_206_PC050,Offline,N/A,N/A
2026-04-01 22:30:00,Lab_206_PC051,In Use,AnonUser_0033,0
2026-04-01 22:30:00,Lab_206_PC052,In Use,AnonUser_0108,45
2026-04-01 22:30:00,Lab_206_PC053,Offline,N/A,N/A
2026-04-01 22:30:00,Lab_206_PC054,Offline,N/A,N/A
2026-04-01 22:30:00,Lab_206_PC055,Offline,N/A,N/A
2026-04-01 22:30:00,Lab_206_PC056,Idle,AnonUser_0156,90
2026-04-01 22:30:00,Lab_206_PC057,In Use,AnonUser_0114,135
2026-04-01 22:30:00,Lab_206_PC058,Offline,N/A,N/A
2026-04-01 22:30:00,Lab_206_PC059,In Use,AnonUser_0151,0
2026-04-01 22:30:00,Lab_206_PC060,In Use,AnonUser_0093,150
2026-04-01 22:30:00,Lab_210_PC061,In Use,AnonUser_0099,0
2026-04-01 22:30:00,Lab_210_PC062,In Use,AnonUser_0015,165
2026-04-01 22:30:00,Lab_210_PC063,Idle,AnonUser_0075,0
2026-04-01 22:30:00,Lab_210_PC064,In Use,AnonUser_0152,0
2026-04-01 22:30:00,Lab_210_PC065,Offline,N/A,N/A
2026-04-01 22:30:00,Lab_210_PC066,In Use,AnonUser_0134,120
2026-04-01 22:30:00,Lab_210_PC067,Offline,N/A,N/A
2026-04-01 22:30:00,Lab_210_PC068,Idle,AnonUser_0144,45
2026-04-01 22:30:00,Lab_210_PC069,In Use,AnonUser_0010,105
2026-04-01 22:30:00,Lab_210_PC070,In Use,AnonUser_0067,75
2026-04-01 22:30:00,Lab_210_PC071,In Use,AnonUser_0006,0
2026-04-01 22:30:00,Lab_210_PC072,In Use,AnonUser_0166,60
2026-04-01 22:30:00,Lab_210_PC073,In Use,AnonUser_0030,45
2026-04-01 22:30:00,Lab_210_PC074,Offline,N/A,N/A
2026-04-01 22:30:00,Lab_210_PC075,Offline,N/A,N/A
2026-04-01 22:30:00,Lab_210_PC076,Idle,AnonUser_0118,105
2026-04-01 22:30:00,Lab_210_PC077,In Use,AnonUser_0100,15
2026-04-01 22:30:00,Lab_210_PC078,Offline,N/A,N/A
2026-04-01 22:30:00,Lab_210_PC079,In Use,AnonUser_0013,15
2026-04-01 22:30:00,Lab_210_PC080,Offline,N/A,N/A
2026-04-01 22:30:00,Lab_210_PC081,In Use,AnonUser_0051,0
2026-04-01 22:30:00,Lab_219_PC082,Idle,AnonUser_0160,120
2026-04-01 22:30:00,Lab_219_PC083,Offline,N/A,N/A
2026-04-01 22:30:00,Lab_219_PC084,In Use,AnonUser_0177,90
2026-04-01 22:30:00,Lab_219_PC085,In Use,AnonUser_0005,45
2026-04-01 22:30:00,Lab_219_PC086,Offline,N/A,N/A
2026-04-01 22:30:00,Lab_219_PC087,Offline,N/A,N/A
2026-04-01 22:30:00,Lab_219_PC088,Offline,N/A,N/A
2026-04-01 22:30:00,Lab_219_PC089,Offline,N/A,N/A
2026-04-01 22:30:00,Lab_219_PC090,In Use,AnonUser_0036,105
2026-04-01 22:30:00,Lab_219_PC091,In Use,AnonUser_0128,0
2026-04-01 22:30:00,Lab_219_PC092,In Use,AnonUser_0097,135
2026-04-01 22:30:00,Lab_219_PC093,Offline,N/A,N/A
2026-04-01 22:30:00,Lab_219_PC094,In Use,AnonUser_0058,15
2026-04-01 22:30:00,Lab_219_PC095,Offline,N/A,N/A
2026-04-01 22:30:00,Lab_219_PC096,In Use,AnonUser_0103,45
2026-04-01 22:30:00,Lab_219_PC097,In Use,AnonUser_0173,165
2026-04-01 22:30:00,Lab_219_PC098,In Use,AnonUser_0029,75
2026-04-01 22:30:00,Lab_219_PC099,In Use,AnonUser_0066,45
2026-04-01 22:30:00,Lab_219_PC100,In Use,AnonUser_0155,75
2026-04-01 22:30:00,Lab_219_PC101,Offline,N/A,N/A
2026-04-01 22:30:00,Lab_219_PC102,In Use,AnonUser_0142,105
2026-04-01 22:30:00,Lab_219_PC103,Offline,N/A,N/A
2026-04-01 22:30:00,Lab_219_PC104,In Use,AnonUser_0054,105
2026-04-01 22:30:00,Lab_219_PC105,In Use,AnonUser_0012,90
2026-04-01 22:30:00,Lab_219_PC106,In Use,AnonUser_0037,135
2026-04-01 22:30:00,Lab_219_PC107,Offline,N/A,N/A
2026-04-01 22:30:00,Lab_219_PC108,In Use,AnonUser_0063,105
2026-04-01 22:30:00,Lab_219_PC109,In Use,AnonUser_0164,15
2026-04-01 22:30:00,Lab_219_PC110,In Use,AnonUser_0043,0
2026-04-01 22:30:00,Lab_219_PC111,In Use,AnonUser_0065,30
2026-04-01 22:30:00,Lab_219_PC112,In Use,AnonUser_0122,90
2026-04-01 22:30:00,Lab_219_PC113,Offline,N/A,N/A
2026-04-01 22:30:00,Lab_219_PC114,In Use,AnonUser_0009,105
2026-04-01 22:30:00,Lab_219_PC115,Idle,AnonUser_0034,30
2026-04-01 22:30:00,Lab_219_PC116,Offline,N/A,N/A
2026-04-01 22:30:00,Lab_219_PC117,Offline,N/A,N/A
2026-04-01 22:30:00,Lab_219_PC118,Idle,AnonUser_0035,45
2026-04-01 22:30:00,Lab_219_PC119,In Use,AnonUser_0113,15
2026-04-01 22:30:00,Lab_219_PC120,Offline,N/A,N/A
2026-04-01 22:30:00,Lab_219_PC121,In Use,AnonUser_0023,45
2026-04-01 22:30:00,Lab_219_PC122,Idle,AnonUser_0153,60
2026-04-01 22:30:00,Lab_219_PC123,In Use,AnonUser_0001,135
2026-04-01 22:30:00,Lab_219_PC124,In Use,AnonUser_0092,105
2026-04-01 22:30:00,Lab_219_PC125,In Use,AnonUser_0084,135
2026-04-01 22:30:00,Lab_219_PC126,In Use,AnonUser_0086,165
2026-04-01 22:30:00,Lab_219_PC127,In Use,AnonUser_0046,60
2026-04-01 22:30:00,Lab_219_PC128,Offline,N/A,N/A
2026-04-01 22:30:00,Lab_219_PC129,In Use,AnonUser_0111,150
2026-04-01 22:30:00,Lab_219_PC130,In Use,AnonUser_0116,45
2026-04-01 22:30:00,Lab_219_PC131,In Use,AnonUser_0008,135
2026-04-01 22:30:00,Lab_219_PC132,In Use,AnonUser_0125,45
2026-04-01 22:30:00,Lab_219_PC133,In Use,AnonUser_0042,210
2026-04-01 22:30:00,Lab_219_PC134,In Use,AnonUser_0102,0
2026-04-01 22:30:00,Lab_219_PC135,In Use,AnonUser_0082,150
2026-04-01 22:30:00,Lab_219_PC136,Offline,N/A,N/A
2026-04-01 22:30:00,Lab_219_PC137,Offline,N/A,N/A
2026-04-01 22:30:00,Lab_219_PC138,Offline,N/A,N/A
2026-04-01 22:30:00,Lab_219_PC139,Offline,N/A,N/A
2026-04-01 22:30:00,Lab_219_PC140,In Use,AnonUser_0161,15
2026-04-01 22:30:00,Lab_219_PC141,In Use,AnonUser_0057,30
2026-04-01 22:30:00,Lab_219_PC142,In Use,AnonUser_0087,45
2026-04-01 22:30:00,Lab_219_PC143,In Use,AnonUser_0055,45
2026-04-01 22:30:00,Lab_219_PC144,In Use,AnonUser_0168,120
2026-04-01 22:30:00,Lab_219_PC145,In Use,AnonUser_0003,105
2026-04-01 22:30:00,Lab_219_PC146,In Use,AnonUser_0098,15
2026-04-01 22:30:00,Lab_219_PC147,Offline,N/A,N/A
2026-04-01 22:30:00,Lab_219_PC148,In Use,AnonUser_0056,45
2026-04-01 22:30:00,Lab_219_PC149,In Use,AnonUser_0107,150
2026-04-01 22:30:00,Lab_219_PC150,In Use,AnonUser_0045,60
2026-04-01 22:30:00,Lab_219_PC151,In Use,AnonUser_0032,165
2026-04-01 22:30:00,Lab_219_PC152,In Use,AnonUser_0040,15
2026-04-01 22:30:00,Lab_219_PC153,Idle,AnonUser_0154,180
2026-04-01 22:30:00,Lab_219_PC154,Idle,AnonUser_0150,0
2026-04-01 22:30:00,Lab_219_PC155,In Use,AnonUser_0094,30
2026-04-01 22:30:00,Lab_219_PC156,In Use,AnonUser_0061,90
2026-04-01 22:30:00,Lab_219_PC157,Idle,AnonUser_0170,150
2026-04-01 22:30:00,Lab_219_PC158,In Use,AnonUser_0070,45
2026-04-01 22:30:00,Lab_219_PC159,In Use,AnonUser_0127,45
2026-04-01 22:30:00,Lab_219_PC160,Idle,AnonUser_0157,45
2026-04-01 22:30:00,Lab_219_PC161,Offline,N/A,N/A
2026-04-01 22:30:00,Lab_219_PC162,Offline,N/A,N/A
2026-04-01 22:30:00,Lab_219_PC163,In Use,AnonUser_0041,0
2026-04-01 22:30:00,Lab_219_PC164,In Use,AnonUser_0085,180
2026-04-01 22:30:00,Lab_219_PC165,In Use,AnonUser_0052,60
2026-04-01 22:30:00,Lab_219_PC166,Idle,AnonUser_0019,60
2026-04-01 22:30:00,Lab_219_PC167,In Use,AnonUser_0109,120
2026-04-01 22:30:00,Lab_219_PC168,In Use,AnonUser_0140,0
2026-04-01 22:30:00,Lab_219_PC169,Offline,N/A,N/A
2026-04-01 22:30:00,Lab_219_PC170,In Use,AnonUser_0115,0
2026-04-01 22:30:00,Lab_219_PC171,In Use,AnonUser_0017,30
2026-04-01 22:30:00,Lab_219_PC172,In Use,AnonUser_0021,90
2026-04-01 22:30:00,Lab_219_PC173,Offline,N/A,N/A
2026-04-01 22:30:00,Lab_219_PC174,Offline,N/A,N/A
2026-04-01 22:30:00,Lab_219_PC175,Offline,N/A,N/A
2026-04-01 22:30:00,Lab_219_PC176,Offline,N/A,N/A
2026-04-01 22:30:00,Lab_219_PC177,In Use,AnonUser_0120,180
2026-04-01 22:30:00,Lab_219_PC178,Idle,AnonUser_0073,165
2026-04-01 22:30:00,Lab_219_PC179,Offline,N/A,N/A
2026-04-01 22:45:00,Lab_202_PC001,Offline,N/A,N/A
2026-04-01 22:45:00,Lab_202_PC002,Offline,N/A,N/A
2026-04-01 22:45:00,Lab_202_PC003,Offline,N/A,N/A
2026-04-01 22:45:00,Lab_202_PC004,In Use,AnonUser_0078,60
2026-04-01 22:45:00,Lab_202_PC005,Idle,AnonUser_0077,75
2026-04-01 22:45:00,Lab_202_PC006,Offline,N/A,N/A
2026-04-01 22:45:00,Lab_202_PC007,In Use,AnonUser_0047,0
2026-04-01 22:45:00,Lab_202_PC008,In Use,AnonUser_0080,120
2026-04-01 22:45:00,Lab_202_PC009,In Use,AnonUser_0089,105
2026-04-01 22:45:00,Lab_202_PC010,Offline,N/A,N/A
2026-04-01 22:45:00,Lab_202_PC011,Offline,N/A,N/A
2026-04-01 22:45:00,Lab_202_PC012,In Use,AnonUser_0171,15
2026-04-01 22:45:00,Lab_202_PC013,Idle,AnonUser_0138,105
2026-04-01 22:45:00,Lab_202_PC014,In Use,AnonUser_0158,210
2026-04-01 22:45:00,Lab_202_PC015,In Use,AnonUser_0172,120
2026-04-01 22:45:00,Lab_202_PC016,Offline,N/A,N/A
2026-04-01 22:45:00,Lab_202_PC017,Offline,N/A,N/A
2026-04-01 22:45:00,Lab_202_PC018,Idle,AnonUser_0135,195
2026-04-01 22:45:00,Lab_202_PC019,In Use,AnonUser_0026,30
2026-04-01 22:45:00,Lab_202_PC020,Idle,AnonUser_0088,105
2026-04-01 22:45:00,Lab_202_PC021,Offline,N/A,N/A
2026-04-01 22:45:00,Lab_202_PC022,In Use,AnonUser_0130,75
2026-04-01 22:45:00,Lab_202_PC023,In Use,AnonUser_0148,105
2026-04-01 22:45:00,Lab_202_PC024,Idle,AnonUser_0129,75
2026-04-01 22:45:00,Lab_202_PC025,Offline,N/A,N/A
2026-04-01 22:45:00,Lab_202_PC026,In Use,AnonUser_0141,90
2026-04-01 22:45:00,Lab_202_PC027,Offline,N/A,N/A
2026-04-01 22:45:00,Lab_202_PC028,In Use,AnonUser_0002,15
2026-04-01 22:45:00,Lab_202_PC029,Offline,N/A,N/A
2026-04-01 22:45:00,Lab_202_PC030,In Use,AnonUser_0038,15
2026-04-01 22:45:00,Lab_206_PC031,Offline,N/A,N/A
2026-04-01 22:45:00,Lab_206_PC032,Offline,N/A,N/A
2026-04-01 22:45:00,Lab_206_PC033,In Use,AnonUser_0110,150
2026-04-01 22:45:00,Lab_206_PC034,Offline,N/A,N/A
2026-04-01 22:45:00,Lab_206_PC035,In Use,AnonUser_0079,105
2026-04-01 22:45:00,Lab_206_PC036,Idle,AnonUser_0137,150
2026-04-01 22:45:00,Lab_206_PC037,Offline,N/A,N/A
2026-04-01 22:45:00,Lab_206_PC038,Offline,N/A,N/A
2026-04-01 22:45:00,Lab_206_PC039,In Use,AnonUser_0131,15
2026-04-01 22:45:00,Lab_206_PC040,In Use,AnonUser_0081,15
2026-04-01 22:45:00,Lab_206_PC041,Offline,N/A,N/A
2026-04-01 22:45:00,Lab_206_PC042,Idle,AnonUser_0025,135
2026-04-01 22:45:00,Lab_206_PC043,Offline,N/A,N/A
2026-04-01 22:45:00,Lab_206_PC044,Idle,AnonUser_0117,60
2026-04-01 22:45:00,Lab_206_PC045,Offline,N/A,N/A
2026-04-01 22:45:00,Lab_206_PC046,In Use,AnonUser_0112,120
2026-04-01 22:45:00,Lab_206_PC047,Offline,N/A,N/A
2026-04-01 22:45:00,Lab_206_PC048,In Use,AnonUser_0090,0
2026-04-01 22:45:00,Lab_206_PC049,In Use,AnonUser_0132,60
2026-04-01 22:45:00,Lab_206_PC050,Offline,N/A,N/A
2026-04-01 22:45:00,Lab_206_PC051,Offline,N/A,N/A
2026-04-01 22:45:00,Lab_206_PC052,Idle,AnonUser_0108,30
2026-04-01 22:45:00,Lab_206_PC053,In Use,AnonUser_0149,15
2026-04-01 22:45:00,Lab_206_PC054,Offline,N/A,N/A
2026-04-01 22:45:00,Lab_206_PC055,Idle,AnonUser_0174,195
2026-04-01 22:45:00,Lab_206_PC056,Idle,AnonUser_0156,75
2026-04-01 22:45:00,Lab_206_PC057,In Use,AnonUser_0114,120
2026-04-01 22:45:00,Lab_206_PC058,Offline,N/A,N/A
2026-04-01 22:45:00,Lab_206_PC059,Idle,AnonUser_0104,90
2026-04-01 22:45:00,Lab_206_PC060,In Use,AnonUser_0093,135
2026-04-01 22:45:00,Lab_210_PC061,Offline,N/A,N/A
2026-04-01 22:45:00,Lab_210_PC062,In Use,AnonUser_0015,150
2026-04-01 22:45:00,Lab_210_PC063,Offline,N/A,N/A
2026-04-01 22:45:00,Lab_210_PC064,Offline,N/A,N/A
2026-04-01 22:45:00,Lab_210_PC065,Offline,N/A,N/A
2026-04-01 22:45:00,Lab_210_PC066,In Use,AnonUser_0134,105
2026-04-01 22:45:00,Lab_210_PC067,Idle,AnonUser_0028,225
2026-04-01 22:45:00,Lab_210_PC068,Idle,AnonUser_0144,30
2026-04-01 22:45:00,Lab_210_PC069,In Use,AnonUser_0010,90
2026-04-01 22:45:00,Lab_210_PC070,Idle,AnonUser_0067,60
2026-04-01 22:45:00,Lab_210_PC071,Offline,N/A,N/A
2026-04-01 22:45:00,Lab_210_PC072,In Use,AnonUser_0166,45
2026-04-01 22:45:00,Lab_210_PC073,In Use,AnonUser_0030,30
2026-04-01 22:45:00,Lab_210_PC074,In Use,AnonUser_0175,225
2026-04-01 22:45:00,Lab_210_PC075,Offline,N/A,N/A
2026-04-01 22:45:00,Lab_210_PC076,In Use,AnonUser_0118,90
2026-04-01 22:45:00,Lab_210_PC077,In Use,AnonUser_0100,0
2026-04-01 22:45:00,Lab_210_PC078,Offline,N/A,N/A
2026-04-01 22:45:00,Lab_210_PC079,In Use,AnonUser_0013,0
2026-04-01 22:45:00,Lab_210_PC080,Offline,N/A,N/A
2026-04-01 22:45:00,Lab_210_PC081,In Use,AnonUser_0176,225
2026-04-01 22:45:00,Lab_219_PC082,Idle,AnonUser_0160,105
2026-04-01 22:45:00,Lab_219_PC083,Offline,N/A,N/A
2026-04-01 22:45:00,Lab_219_PC084,In Use,AnonUser_0177,75
2026-04-01 22:45:00,Lab_219_PC085,In Use,AnonUser_0005,30
2026-04-01 22:45:00,Lab_219_PC086,Offline,N/A,N/A
2026-04-01 22:45:00,Lab_219_PC087,Offline,N/A,N/A
2026-04-01 22:45:00,Lab_219_PC088,Offline,N/A,N/A
2026-04-01 22:45:00,Lab_219_PC089,Offline,N/A,N/A
2026-04-01 22:45:00,Lab_219_PC090,Idle,AnonUser_0036,90
2026-04-01 22:45:00,Lab_219_PC091,Offline,N/A,N/A
2026-04-01 22:45:00,Lab_219_PC092,In Use,AnonUser_0097,120
2026-04-01 22:45:00,Lab_219_PC093,Offline,N/A,N/A
2026-04-01 22:45:00,Lab_219_PC094,Idle,AnonUser_0058,0
2026-04-01 22:45:00,Lab_219_PC095,Offline,N/A,N/A
2026-04-01 22:45:00,Lab_219_PC096,In Use,AnonUser_0103,30
2026-04-01 22:45:00,Lab_219_PC097,In Use,AnonUser_0173,150
2026-04-01 22:45:00,Lab_219_PC098,In Use,AnonUser_0029,60
2026-04-01 22:45:00,Lab_219_PC099,In Use,AnonUser_0066,30
2026-04-01 22:45:00,Lab_219_PC100,In Use,AnonUser_0155,60
2026-04-01 22:45:00,Lab_219_PC101,Offline,N/A,N/A
2026-04-01 22:45:00,Lab_219_PC102,In Use,AnonUser_0142,90
2026-04-01 22:45:00,Lab_219_PC103,Offline,N/A,N/A
2026-04-01 22:45:00,Lab_219_PC104,In Use,AnonUser_0054,90
2026-04-01 22:45:00,Lab_219_PC105,In Use,AnonUser_0012,75
2026-04-01 22:45:00,Lab_219_PC106,In Use,AnonUser_0037,120
2026-04-01 22:45:00,Lab_219_PC107,Offline,N/A,N/A
2026-04-01 22:45:00,Lab_219_PC108,In Use,AnonUser_0063,90
2026-04-01 22:45:00,Lab_219_PC109,In Use,AnonUser_0164,0
2026-04-01 22:45:00,Lab_219_PC110,In Use,AnonUser_0024,180
2026-04-01 22:45:00,Lab_219_PC111,In Use,AnonUser_0065,15
2026-04-01 22:45:00,Lab_219_PC112,In Use,AnonUser_0122,75
2026-04-01 22:45:00,Lab_219_PC113,Offline,N/A,N/A
2026-04-01 22:45:00,Lab_219_PC114,In Use,AnonUser_0009,90
2026-04-01 22:45:00,Lab_219_PC115,In Use,AnonUser_0034,15
2026-04-01 22:45:00,Lab_219_PC116,Offline,N/A,N/A
2026-04-01 22:45:00,Lab_219_PC117,Offline,N/A,N/A
2026-04-01 22:45:00,Lab_219_PC118,In Use,AnonUser_0035,30
2026-04-01 22:45:00,Lab_219_PC119,In Use,AnonUser_0113,0
2026-04-01 22:45:00,Lab_219_PC120,Offline,N/A,N/A
2026-04-01 22:45:00,Lab_219_PC121,In Use,AnonUser_0023,30
2026-04-01 22:45:00,Lab_219_PC122,In Use,AnonUser_0153,45
2026-04-01 22:45:00,Lab_219_PC123,In Use,AnonUser_0001,120
2026-04-01 22:45:00,Lab_219_PC124,In Use,AnonUser_0092,90
2026-04-01 22:45:00,Lab_219_PC125,In Use,AnonUser_0084,120
2026-04-01 22:45:00,Lab_219_PC126,In Use,AnonUser_0086,150
2026-04-01 22:45:00,Lab_219_PC127,In Use,AnonUser_0046,45
2026-04-01 22:45:00,Lab_219_PC128,Offline,N/A,N/A
2026-04-01 22:45:00,Lab_219_PC129,In Use,AnonUser_0111,135
2026-04-01 22:45:00,Lab_219_PC130,In Use,AnonUser_0116,30
2026-04-01 22:45:00,Lab_219_PC131,In Use,AnonUser_0008,120
2026-04-01 22:45:00,Lab_219_PC132,Idle,AnonUser_0125,30
2026-04-01 22:45:00,Lab_219_PC133,In Use,AnonUser_0042,195
2026-04-01 22:45:00,Lab_219_PC134,Offline,N/A,N/A
2026-04-01 22:45:00,Lab_219_PC135,Idle,AnonUser_0082,135
2026-04-01 22:45:00,Lab_219_PC136,Idle,AnonUser_0050,150
2026-04-01 22:45:00,Lab_219_PC137,Offline,N/A,N/A
2026-04-01 22:45:00,Lab_219_PC138,Offline,N/A,N/A
2026-04-01 22:45:00,Lab_219_PC139,Offline,N/A,N/A
2026-04-01 22:45:00,Lab_219_PC140,In Use,AnonUser_0161,0
2026-04-01 22:45:00,Lab_219_PC141,In Use,AnonUser_0057,15
2026-04-01 22:45:00,Lab_219_PC142,In Use,AnonUser_0087,30
2026-04-01 22:45:00,Lab_219_PC143,In Use,AnonUser_0055,30
2026-04-01 22:45:00,Lab_219_PC144,In Use,AnonUser_0168,105
2026-04-01 22:45:00,Lab_219_PC145,In Use,AnonUser_0003,90
2026-04-01 22:45:00,Lab_219_PC146,In Use,AnonUser_0098,0
2026-04-01 22:45:00,Lab_219_PC147,Offline,N/A,N/A
2026-04-01 22:45:00,Lab_219_PC148,In Use,AnonUser_0056,30
2026-04-01 22:45:00,Lab_219_PC149,In Use,AnonUser_0107,135
2026-04-01 22:45:00,Lab_219_PC150,In Use,AnonUser_0045,45
2026-04-01 22:45:00,Lab_219_PC151,In Use,AnonUser_0032,150
2026-04-01 22:45:00,Lab_219_PC152,Idle,AnonUser_0040,0
2026-04-01 22:45:00,Lab_219_PC153,In Use,AnonUser_0154,165
2026-04-01 22:45:00,Lab_219_PC154,Offline,N/A,N/A
2026-04-01 22:45:00,Lab_219_PC155,In Use,AnonUser_0094,15
2026-04-01 22:45:00,Lab_219_PC156,In Use,AnonUser_0061,75
2026-04-01 22:45:00,Lab_219_PC157,Idle,AnonUser_0170,135
2026-04-01 22:45:00,Lab_219_PC158,Idle,AnonUser_0070,30
2026-04-01 22:45:00,Lab_219_PC159,In Use,AnonUser_0127,30
2026-04-01 22:45:00,Lab_219_PC160,In Use,AnonUser_0157,30
2026-04-01 22:45:00,Lab_219_PC161,Offline,N/A,N/A
2026-04-01 22:45:00,Lab_219_PC162,In Use,AnonUser_0151,210
2026-04-01 22:45:00,Lab_219_PC163,In Use,AnonUser_0064,180
2026-04-01 22:45:00,Lab_219_PC164,In Use,AnonUser_0085,165
2026-04-01 22:45:00,Lab_219_PC165,Idle,AnonUser_0052,45
2026-04-01 22:45:00,Lab_219_PC166,In Use,AnonUser_0019,45
2026-04-01 22:45:00,Lab_219_PC167,In Use,AnonUser_0109,105
2026-04-01 22:45:00,Lab_219_PC168,Offline,N/A,N/A
2026-04-01 22:45:00,Lab_219_PC169,Offline,N/A,N/A
2026-04-01 22:45:00,Lab_219_PC170,Offline,N/A,N/A
2026-04-01 22:45:00,Lab_219_PC171,In Use,AnonUser_0017,15
2026-04-01 22:45:00,Lab_219_PC172,In Use,AnonUser_0021,75
2026-04-01 22:45:00,Lab_219_PC173,Offline,N/A,N/A
2026-04-01 22:45:00,Lab_219_PC174,Offline,N/A,N/A
2026-04-01 22:45:00,Lab_219_PC175,Offline,N/A,N/A
2026-04-01 22:45:00,Lab_219_PC176,Offline,N/A,N/A
2026-04-01 22:45:00,Lab_219_PC177,In Use,AnonUser_0120,165
2026-04-01 22:45:00,Lab_219_PC178,Idle,AnonUser_0073,150
2026-04-01 22:45:00,Lab_219_PC179,Offline,N/A,N/A
2026-04-01 23:00:00,Lab_202_PC001,Offline,N/A,N/A
2026-04-01 23:00:00,Lab_202_PC002,Offline,N/A,N/A
2026-04-01 23:00:00,Lab_202_PC003,Idle,AnonUser_0099,90
2026-04-01 23:00:00,Lab_202_PC004,In Use,AnonUser_0078,45
2026-04-01 23:00:00,Lab_202_PC005,In Use,AnonUser_0077,60
2026-04-01 23:00:00,Lab_202_PC006,Offline,N/A,N/A
2026-04-01 23:00:00,Lab_202_PC007,Offline,N/A,N/A
2026-04-01 23:00:00,Lab_202_PC008,In Use,AnonUser_0080,105
2026-04-01 23:00:00,Lab_202_PC009,In Use,AnonUser_0089,90
2026-04-01 23:00:00,Lab_202_PC010,In Use,AnonUser_0007,225
2026-04-01 23:00:00,Lab_202_PC011,Offline,N/A,N/A
2026-04-01 23:00:00,Lab_202_PC012,In Use,AnonUser_0171,0
2026-04-01 23:00:00,Lab_202_PC013,In Use,AnonUser_0138,90
2026-04-01 23:00:00,Lab_202_PC014,In Use,AnonUser_0158,195
2026-04-01 23:00:00,Lab_202_PC015,In Use,AnonUser_0172,105
2026-04-01 23:00:00,Lab_202_PC016,Offline,N/A,N/A
2026-04-01 23:00:00,Lab_202_PC017,Offline,N/A,N/A
2026-04-01 23:00:00,Lab_202_PC018,In Use,AnonUser_0135,180
2026-04-01 23:00:00,Lab_202_PC019,In Use,AnonUser_0026,15
2026-04-01 23:00:00,Lab_202_PC020,Idle,AnonUser_0088,90
2026-04-01 23:00:00,Lab_202_PC021,Idle,AnonUser_0027,105
2026-04-01 23:00:00,Lab_202_PC022,Idle,AnonUser_0130,60
2026-04-01 23:00:00,Lab_202_PC023,In Use,AnonUser_0148,90
2026-04-01 23:00:00,Lab_202_PC024,In Use,AnonUser_0129,60
2026-04-01 23:00:00,Lab_202_PC025,Offline,N/A,N/A
2026-04-01 23:00:00,Lab_202_PC026,In Use,AnonUser_0141,75
2026-04-01 23:00:00,Lab_202_PC027,Offline,N/A,N/A
2026-04-01 23:00:00,Lab_202_PC028,In Use,AnonUser_0002,0
2026-04-01 23:00:00,Lab_202_PC029,Offline,N/A,N/A
2026-04-01 23:00:00,Lab_202_PC030,In Use,AnonUser_0038,0
2026-04-01 23:00:00,Lab_206_PC031,Offline,N/A,N/A
2026-04-01 23:00:00,Lab_206_PC032,Offline,N/A,N/A
2026-04-01 23:00:00,Lab_206_PC033,Idle,AnonUser_0110,135
2026-04-01 23:00:00,Lab_206_PC034,Offline,N/A,N/A
2026-04-01 23:00:00,Lab_206_PC035,In Use,AnonUser_0079,90
2026-04-01 23:00:00,Lab_206_PC036,In Use,AnonUser_0137,135
2026-04-01 23:00:00,Lab_206_PC037,In Use,AnonUser_0072,195
2026-04-01 23:00:00,Lab_206_PC038,Offline,N/A,N/A
2026-04-01 23:00:00,Lab_206_PC039,In Use,AnonUser_0131,0
2026-04-01 23:00:00,Lab_206_PC040,In Use,AnonUser_0081,0
2026-04-01 23:00:00,Lab_206_PC041,Offline,N/A,N/A
2026-04-01 23:00:00,Lab_206_PC042,In Use,AnonUser_0025,120
2026-04-01 23:00:00,Lab_206_PC043,In Use,AnonUser_0136,0
2026-04-01 23:00:00,Lab_206_PC044,In Use,AnonUser_0117,45
2026-04-01 23:00:00,Lab_206_PC045,Offline,N/A,N/A
2026-04-01 23:00:00,Lab_206_PC046,In Use,AnonUser_0112,105
2026-04-01 23:00:00,Lab_206_PC047,Offline,N/A,N/A
2026-04-01 23:00:00,Lab_206_PC048,Offline,N/A,N/A
2026-04-01 23:00:00,Lab_206_PC049,In Use,AnonUser_0132,45
2026-04-01 23:00:00,Lab_206_PC050,In Use,AnonUser_0128,0
2026-04-01 23:00:00,Lab_206_PC051,Offline,N/A,N/A
2026-04-01 23:00:00,Lab_206_PC052,In Use,AnonUser_0108,15
2026-04-01 23:00:00,Lab_206_PC053,In Use,AnonUser_0149,0
2026-04-01 23:00:00,Lab_206_PC054,In Use,AnonUser_0062,150
2026-04-01 23:00:00,Lab_206_PC055,In Use,AnonUser_0174,180
2026-04-01 23:00:00,Lab_206_PC056,In Use,AnonUser_0156,60
2026-04-01 23:00:00,Lab_206_PC057,In Use,AnonUser_0114,105
2026-04-01 23:00:00,Lab_206_PC058,Offline,N/A,N/A
2026-04-01 23:00:00,Lab_206_PC059,In Use,AnonUser_0104,75
2026-04-01 23:00:00,Lab_206_PC060,In Use,AnonUser_0093,120
2026-04-01 23:00:00,Lab_210_PC061,Offline,N/A,N/A
2026-04-01 23:00:00,Lab_210_PC062,In Use,AnonUser_0015,135
2026-04-01 23:00:00,Lab_210_PC063,Idle,AnonUser_0006,210
2026-04-01 23:00:00,Lab_210_PC064,Offline,N/A,N/A
2026-04-01 23:00:00,Lab_210_PC065,Offline,N/A,N/A
2026-04-01 23:00:00,Lab_210_PC066,In Use,AnonUser_0134,90
2026-04-01 23:00:00,Lab_210_PC067,In Use,AnonUser_0028,210
2026-04-01 23:00:00,Lab_210_PC068,In Use,AnonUser_0144,15
2026-04-01 23:00:00,Lab_210_PC069,In Use,AnonUser_0010,75
2026-04-01 23:00:00,Lab_210_PC070,In Use,AnonUser_0067,45
2026-04-01 23:00:00,Lab_210_PC071,Idle,AnonUser_0140,105
2026-04-01 23:00:00,Lab_210_PC072,Idle,AnonUser_0166,30
2026-04-01 23:00:00,Lab_210_PC073,In Use,AnonUser_0030,15
2026-04-01 23:00:00,Lab_210_PC074,In Use,AnonUser_0175,210
2026-04-01 23:00:00,Lab_210_PC075,In Use,AnonUser_0011,135
2026-04-01 23:00:00,Lab_210_PC076,In Use,AnonUser_0118,75
2026-04-01 23:00:00,Lab_210_PC077,Offline,N/A,N/A
2026-04-01 23:00:00,Lab_210_PC078,Offline,N/A,N/A
2026-04-01 23:00:00,Lab_210_PC079,Idle,AnonUser_0105,0
2026-04-01 23:00:00,Lab_210_PC080,Offline,N/A,N/A
2026-04-01 23:00:00,Lab_210_PC081,In Use,AnonUser_0176,210
2026-04-01 23:00:00,Lab_219_PC082,In Use,AnonUser_0160,90
2026-04-01 23:00:00,Lab_219_PC083,In Use,AnonUser_0043,225
2026-04-01 23:00:00,Lab_219_PC084,In Use,AnonUser_0177,60
2026-04-01 23:00:00,Lab_219_PC085,In Use,AnonUser_0005,15
2026-04-01 23:00:00,Lab_219_PC086,Offline,N/A,N/A
2026-04-01 23:00:00,Lab_219_PC087,Offline,N/A,N/A
2026-04-01 23:00:00,Lab_219_PC088,Offline,N/A,N/A
2026-04-01 23:00:00,Lab_219_PC089,Offline,N/A,N/A
2026-04-01 23:00:00,Lab_219_PC090,In Use,AnonUser_0036,75
2026-04-01 23:00:00,Lab_219_PC091,In Use,AnonUser_0090,90
2026-04-01 23:00:00,Lab_219_PC092,In Use,AnonUser_0097,105
2026-04-01 23:00:00,Lab_219_PC093,Offline,N/A,N/A
2026-04-01 23:00:00,Lab_219_PC094,Offline,N/A,N/A
2026-04-01 23:00:00,Lab_219_PC095,Offline,N/A,N/A
2026-04-01 23:00:00,Lab_219_PC096,In Use,AnonUser_0103,15
2026-04-01 23:00:00,Lab_219_PC097,In Use,AnonUser_0173,135
2026-04-01 23:00:00,Lab_219_PC098,In Use,AnonUser_0029,45
2026-04-01 23:00:00,Lab_219_PC099,In Use,AnonUser_0066,15
2026-04-01 23:00:00,Lab_219_PC100,In Use,AnonUser_0155,45
2026-04-01 23:00:00,Lab_219_PC101,Idle,AnonUser_0100,210
2026-04-01 23:00:00,Lab_219_PC102,In Use,AnonUser_0142,75
2026-04-01 23:00:00,Lab_219_PC103,Offline,N/A,N/A
2026-04-01 23:00:00,Lab_219_PC104,In Use,AnonUser_0054,75
2026-04-01 23:00:00,Lab_219_PC105,In Use,AnonUser_0012,60
2026-04-01 23:00:00,Lab_219_PC106,In Use,AnonUser_0037,105
2026-04-01 23:00:00,Lab_219_PC107,Offline,N/A,N/A
2026-04-01 23:00:00,Lab_219_PC108,In Use,AnonUser_0063,75
2026-04-01 23:00:00,Lab_219_PC109,Offline,N/A,N/A
2026-04-01 23:00:00,Lab_219_PC110,In Use,AnonUser_0024,165
2026-04-01 23:00:00,Lab_219_PC111,In Use,AnonUser_0065,0
2026-04-01 23:00:00,Lab_219_PC112,In Use,AnonUser_0122,60
2026-04-01 23:00:00,Lab_219_PC113,Offline,N/A,N/A
2026-04-01 23:00:00,Lab_219_PC114,In Use,AnonUser_0009,75
2026-04-01 23:00:00,Lab_219_PC115,Idle,AnonUser_0034,0
2026-04-01 23:00:00,Lab_219_PC116,Offline,N/A,N/A
2026-04-01 23:00:00,Lab_219_PC117,Offline,N/A,N/A
2026-04-01 23:00:00,Lab_219_PC118,In Use,AnonUser_0035,15
2026-04-01 23:00:00,Lab_219_PC119,Offline,N/A,N/A
2026-04-01 23:00:00,Lab_219_PC120,Offline,N/A,N/A
2026-04-01 23:00:00,Lab_219_PC121,Idle,AnonUser_0023,15
2026-04-01 23:00:00,Lab_219_PC122,In Use,AnonUser_0153,30
2026-04-01 23:00:00,Lab_219_PC123,In Use,AnonUser_0001,105
2026-04-01 23:00:00,Lab_219_PC124,Idle,AnonUser_0092,75
2026-04-01 23:00:00,Lab_219_PC125,In Use,AnonUser_0084,105
2026-04-01 23:00:00,Lab_219_PC126,In Use,AnonUser_0086,135
2026-04-01 23:00:00,Lab_219_PC127,In Use,AnonUser_0046,30
2026-04-01 23:00:00,Lab_219_PC128,Offline,N/A,N/A
2026-04-01 23:00:00,Lab_219_PC129,In Use,AnonUser_0111,120
2026-04-01 23:00:00,Lab_219_PC130,In Use,AnonUser_0116,15
2026-04-01 23:00:00,Lab_219_PC131,In Use,AnonUser_0008,105
2026-04-01 23:00:00,Lab_219_PC132,In Use,AnonUser_0125,15
2026-04-01 23:00:00,Lab_219_PC133,In Use,AnonUser_0042,180
2026-04-01 23:00:00,Lab_219_PC134,In Use,AnonUser_0048,90
2026-04-01 23:00:00,Lab_219_PC135,Idle,AnonUser_0082,120
2026-04-01 23:00:00,Lab_219_PC136,In Use,AnonUser_0050,135
2026-04-01 23:00:00,Lab_219_PC137,Idle,AnonUser_0167,30
2026-04-01 23:00:00,Lab_219_PC138,Offline,N/A,N/A
2026-04-01 23:00:00,Lab_219_PC139,Idle,AnonUser_0101,45
2026-04-01 23:00:00,Lab_219_PC140,Offline,N/A,N/A
2026-04-01 23:00:00,Lab_219_PC141,In Use,AnonUser_0057,0
2026-04-01 23:00:00,Lab_219_PC142,In Use,AnonUser_0087,15
2026-04-01 23:00:00,Lab_219_PC143,In Use,AnonUser_0055,15
2026-04-01 23:00:00,Lab_219_PC144,In Use,AnonUser_0168,90
2026-04-01 23:00:00,Lab_219_PC145,In Use,AnonUser_0003,75
2026-04-01 23:00:00,Lab_219_PC146,Idle,AnonUser_0047,165
2026-04-01 23:00:00,Lab_219_PC147,Offline,N/A,N/A
2026-04-01 23:00:00,Lab_219_PC148,In Use,AnonUser_0056,15
2026-04-01 23:00:00,Lab_219_PC149,In Use,AnonUser_0107,120
2026-04-01 23:00:00,Lab_219_PC150,In Use,AnonUser_0045,30
2026-04-01 23:00:00,Lab_219_PC151,Idle,AnonUser_0032,135
2026-04-01 23:00:00,Lab_219_PC152,In Use,AnonUser_0145,45
2026-04-01 23:00:00,Lab_219_PC153,In Use,AnonUser_0154,150
2026-04-01 23:00:00,Lab_219_PC154,Offline,N/A,N/A
2026-04-01 23:00:00,Lab_219_PC155,In Use,AnonUser_0094,0
2026-04-01 23:00:00,Lab_219_PC156,In Use,AnonUser_0061,60
2026-04-01 23:00:00,Lab_219_PC157,In Use,AnonUser_0170,120
2026-04-01 23:00:00,Lab_219_PC158,In Use,AnonUser_0070,15
2026-04-01 23:00:00,Lab_219_PC159,In Use,AnonUser_0127,15
2026-04-01 23:00:00,Lab_219_PC160,In Use,AnonUser_0157,15
2026-04-01 23:00:00,Lab_219_PC161,Offline,N/A,N/A
2026-04-01 23:00:00,Lab_219_PC162,In Use,AnonUser_0151,195
2026-04-01 23:00:00,Lab_219_PC163,In Use,AnonUser_0064,165
2026-04-01 23:00:00,Lab_219_PC164,Idle,AnonUser_0085,150
2026-04-01 23:00:00,Lab_219_PC165,In Use,AnonUser_0052,30
2026-04-01 23:00:00,Lab_219_PC166,In Use,AnonUser_0019,30
2026-04-01 23:00:00,Lab_219_PC167,Idle,AnonUser_0109,90
2026-04-01 23:00:00,Lab_219_PC168,Offline,N/A,N/A
2026-04-01 23:00:00,Lab_219_PC169,Offline,N/A,N/A
2026-04-01 23:00:00,Lab_219_PC170,In Use,AnonUser_0060,105
2026-04-01 23:00:00,Lab_219_PC171,In Use,AnonUser_0017,0
2026-04-01 23:00:00,Lab_219_PC172,Idle,AnonUser_0021,60
2026-04-01 23:00:00,Lab_219_PC173,Offline,N/A,N/A
2026-04-01 23:00:00,Lab_219_PC174,In Use,AnonUser_0059,90
2026-04-01 23:00:00,Lab_219_PC175,Offline,N/A,N/A
2026-04-01 23:00:00,Lab_219_PC176,Idle,AnonUser_0071,0
2026-04-01 23:00:00,Lab_219_PC177,In Use,AnonUser_0120,150
2026-04-01 23:00:00,Lab_219_PC178,In Use,AnonUser_0073,135
2026-04-01 23:00:00,Lab_219_PC179,Offline,N/A,N/A
2026-04-01 23:15:00,Lab_202_PC001,Offline,N/A,N/A
2026-04-01 23:15:00,Lab_202_PC002,Offline,N/A,N/A
2026-04-01 23:15:00,Lab_202_PC003,Idle,AnonUser_0099,75
2026-04-01 23:15:00,Lab_202_PC004,In Use,AnonUser_0078,30
2026-04-01 23:15:00,Lab_202_PC005,In Use,AnonUser_0077,45
2026-04-01 23:15:00,Lab_202_PC006,Idle,AnonUser_0126,135
2026-04-01 23:15:00,Lab_202_PC007,In Use,AnonUser_0018,120
2026-04-01 23:15:00,Lab_202_PC008,In Use,AnonUser_0080,90
2026-04-01 23:15:00,Lab_202_PC009,Idle,AnonUser_0089,75
2026-04-01 23:15:00,Lab_202_PC010,In Use,AnonUser_0007,210
2026-04-01 23:15:00,Lab_202_PC011,Offline,N/A,N/A
2026-04-01 23:15:00,Lab_202_PC012,Offline,N/A,N/A
2026-04-01 23:15:00,Lab_202_PC013,In Use,AnonUser_0138,75
2026-04-01 23:15:00,Lab_202_PC014,In Use,AnonUser_0158,180
2026-04-01 23:15:00,Lab_202_PC015,In Use,AnonUser_0172,90
2026-04-01 23:15:00,Lab_202_PC016,Offline,N/A,N/A
2026-04-01 23:15:00,Lab_202_PC017,Offline,N/A,N/A
2026-04-01 23:15:00,Lab_202_PC018,In Use,AnonUser_0135,165
2026-04-01 23:15:00,Lab_202_PC019,In Use,AnonUser_0026,0
2026-04-01 23:15:00,Lab_202_PC020,Idle,AnonUser_0088,75
2026-04-01 23:15:00,Lab_202_PC021,In Use,AnonUser_0027,90
2026-04-01 23:15:00,Lab_202_PC022,In Use,AnonUser_0130,45
2026-04-01 23:15:00,Lab_202_PC023,In Use,AnonUser_0148,75
2026-04-01 23:15:00,Lab_202_PC024,In Use,AnonUser_0129,45
2026-04-01 23:15:00,Lab_202_PC025,Idle,AnonUser_0161,195
2026-04-01 23:15:00,Lab_202_PC026,In Use,AnonUser_0141,60
2026-04-01 23:15:00,Lab_202_PC027,Offline,N/A,N/A
2026-04-01 23:15:00,Lab_202_PC028,Offline,N/A,N/A
2026-04-01 23:15:00,Lab_202_PC029,Offline,N/A,N/A
2026-04-01 23:15:00,Lab_202_PC030,Offline,N/A,N/A
2026-04-01 23:15:00,Lab_206_PC031,Offline,N/A,N/A
2026-04-01 23:15:00,Lab_206_PC032,Offline,N/A,N/A
2026-04-01 23:15:00,Lab_206_PC033,In Use,AnonUser_0110,120
2026-04-01 23:15:00,Lab_206_PC034,Offline,N/A,N/A
2026-04-01 23:15:00,Lab_206_PC035,Idle,AnonUser_0079,75
2026-04-01 23:15:00,Lab_206_PC036,In Use,AnonUser_0137,120
2026-04-01 23:15:00,Lab_206_PC037,In Use,AnonUser_0072,180
2026-04-01 23:15:00,Lab_206_PC038,Offline,N/A,N/A
2026-04-01 23:15:00,Lab_206_PC039,Offline,N/A,N/A
2026-04-01 23:15:00,Lab_206_PC040,Offline,N/A,N/A
2026-04-01 23:15:00,Lab_206_PC041,Offline,N/A,N/A
2026-04-01 23:15:00,Lab_206_PC042,In Use,AnonUser_0025,105
2026-04-01 23:15:00,Lab_206_PC043,Offline,N/A,N/A
2026-04-01 23:15:00,Lab_206_PC044,In Use,AnonUser_0117,30
2026-04-01 23:15:00,Lab_206_PC045,Offline,N/A,N/A
2026-04-01 23:15:00,Lab_206_PC046,In Use,AnonUser_0112,90
2026-04-01 23:15:00,Lab_206_PC047,Offline,N/A,N/A
2026-04-01 23:15:00,Lab_206_PC048,Offline,N/A,N/A
2026-04-01 23:15:00,Lab_206_PC049,In Use,AnonUser_0132,30
2026-04-01 23:15:00,Lab_206_PC050,Idle,AnonUser_0040,0
2026-04-01 23:15:00,Lab_206_PC051,Offline,N/A,N/A
2026-04-01 23:15:00,Lab_206_PC052,In Use,AnonUser_0108,0
2026-04-01 23:15:00,Lab_206_PC053,In Use,AnonUser_0069,180
2026-04-01 23:15:00,Lab_206_PC054,In Use,AnonUser_0062,135
2026-04-01 23:15:00,Lab_206_PC055,In Use,AnonUser_0174,165
2026-04-01 23:15:00,Lab_206_PC056,In Use,AnonUser_0156,45
2026-04-01 23:15:00,Lab_206_PC057,In Use,AnonUser_0114,90
2026-04-01 23:15:00,Lab_206_PC058,Offline,N/A,N/A
2026-04-01 23:15:00,Lab_206_PC059,In Use,AnonUser_0104,60
2026-04-01 23:15:00,Lab_206_PC060,In Use,AnonUser_0093,105
2026-04-01 23:15:00,Lab_210_PC061,In Use,AnonUser_0159,30
2026-04-01 23:15:00,Lab_210_PC062,In Use,AnonUser_0015,120
2026-04-01 23:15:00,Lab_210_PC063,In Use,AnonUser_0006,195
2026-04-01 23:15:00,Lab_210_PC064,In Use,AnonUser_0165,195
2026-04-01 23:15:00,Lab_210_PC065,Offline,N/A,N/A
2026-04-01 23:15:00,Lab_210_PC066,Idle,AnonUser_0134,75
2026-04-01 23:15:00,Lab_210_PC067,In Use,AnonUser_0028,195
2026-04-01 23:15:00,Lab_210_PC068,In Use,AnonUser_0144,0
2026-04-01 23:15:00,Lab_210_PC069,In Use,AnonUser_0010,60
2026-04-01 23:15:00,Lab_210_PC070,In Use,AnonUser_0067,30
2026-04-01 23:15:00,Lab_210_PC071,In Use,AnonUser_0140,90
2026-04-01 23:15:00,Lab_210_PC072,In Use,AnonUser_0166,15
2026-04-01 23:15:00,Lab_210_PC073,In Use,AnonUser_0030,0
2026-04-01 23:15:00,Lab_210_PC074,In Use,AnonUser_0175,195
2026-04-01 23:15:00,Lab_210_PC075,Idle,AnonUser_0011,120
2026-04-01 23:15:00,Lab_210_PC076,In Use,AnonUser_0118,60
2026-04-01 23:15:00,Lab_210_PC077,Offline,N/A,N/A
2026-04-01 23:15:00,Lab_210_PC078,Offline,N/A,N/A
2026-04-01 23:15:00,Lab_210_PC079,Offline,N/A,N/A
2026-04-01 23:15:00,Lab_210_PC080,In Use,AnonUser_0022,15
2026-04-01 23:15:00,Lab_210_PC081,In Use,AnonUser_0176,195
2026-04-01 23:15:00,Lab_219_PC082,Idle,AnonUser_0160,75
2026-04-01 23:15:00,Lab_219_PC083,In Use,AnonUser_0043,210
2026-04-01 23:15:00,Lab_219_PC084,In Use,AnonUser_0177,45
2026-04-01 23:15:00,Lab_219_PC085,Idle,AnonUser_0005,0
2026-04-01 23:15:00,Lab_219_PC086,Offline,N/A,N/A
2026-04-01 23:15:00,Lab_219_PC087,In Use,AnonUser_0096,195
2026-04-01 23:15:00,Lab_219_PC088,Offline,N/A,N/A
2026-04-01 23:15:00,Lab_219_PC089,Offline,N/A,N/A
2026-04-01 23:15:00,Lab_219_PC090,In Use,AnonUser_0036,60
2026-04-01 23:15:00,Lab_219_PC091,Idle,AnonUser_0090,75
2026-04-01 23:15:00,Lab_219_PC092,In Use,AnonUser_0097,90
2026-04-01 23:15:00,Lab_219_PC093,Offline,N/A,N/A
2026-04-01 23:15:00,Lab_219_PC094,Offline,N/A,N/A
2026-04-01 23:15:00,Lab_219_PC095,Offline,N/A,N/A
2026-04-01 23:15:00,Lab_219_PC096,In Use,AnonUser_0103,0
2026-04-01 23:15:00,Lab_219_PC097,In Use,AnonUser_0173,120
2026-04-01 23:15:00,Lab_219_PC098,In Use,AnonUser_0029,30
2026-04-01 23:15:00,Lab_219_PC099,In Use,AnonUser_0066,0
2026-04-01 23:15:00,Lab_219_PC100,In Use,AnonUser_0155,30
2026-04-01 23:15:00,Lab_219_PC101,In Use,AnonUser_0100,195
2026-04-01 23:15:00,Lab_219_PC102,In Use,AnonUser_0142,60
2026-04-01 23:15:00,Lab_219_PC103,Idle,AnonUser_0044,15
2026-04-01 23:15:00,Lab_219_PC104,In Use,AnonUser_0054,60
2026-04-01 23:15:00,Lab_219_PC105,In Use,AnonUser_0012,45
2026-04-01 23:15:00,Lab_219_PC106,In Use,AnonUser_0037,90
2026-04-01 23:15:00,Lab_219_PC107,Offline,N/A,N/A
2026-04-01 23:15:00,Lab_219_PC108,Idle,AnonUser_0063,60
2026-04-01 23:15:00,Lab_219_PC109,Offline,N/A,N/A
2026-04-01 23:15:00,Lab_219_PC110,In Use,AnonUser_0024,150
2026-04-01 23:15:00,Lab_219_PC111,Offline,N/A,N/A
2026-04-01 23:15:00,Lab_219_PC112,In Use,AnonUser_0122,45
2026-04-01 23:15:00,Lab_219_PC113,Offline,N/A,N/A
2026-04-01 23:15:00,Lab_219_PC114,In Use,AnonUser_0009,60
2026-04-01 23:15:00,Lab_219_PC115,Offline,N/A,N/A
2026-04-01 23:15:00,Lab_219_PC116,Offline,N/A,N/A
2026-04-01 23:15:00,Lab_219_PC117,Idle,AnonUser_0106,90
2026-04-01 23:15:00,Lab_219_PC118,In Use,AnonUser_0035,0
2026-04-01 23:15:00,Lab_219_PC119,Offline,N/A,N/A
2026-04-01 23:15:00,Lab_219_PC120,Offline,N/A,N/A
2026-04-01 23:15:00,Lab_219_PC121,In Use,AnonUser_0023,0
2026-04-01 23:15:00,Lab_219_PC122,Idle,AnonUser_0153,15
2026-04-01 23:15:00,Lab_219_PC123,In Use,AnonUser_0001,90
2026-04-01 23:15:00,Lab_219_PC124,In Use,AnonUser_0092,60
2026-04-01 23:15:00,Lab_219_PC125,In Use,AnonUser_0084,90
2026-04-01 23:15:00,Lab_219_PC126,In Use,AnonUser_0086,120
2026-04-01 23:15:00,Lab_219_PC127,Idle,AnonUser_0046,15
2026-04-01 23:15:00,Lab_219_PC128,Offline,N/A,N/A
2026-04-01 23:15:00,Lab_219_PC129,In Use,AnonUser_0111,105
2026-04-01 23:15:00,Lab_219_PC130,In Use,AnonUser_0116,0
2026-04-01 23:15:00,Lab_219_PC131,In Use,AnonUser_0008,90
2026-04-01 23:15:00,Lab_219_PC132,In Use,AnonUser_0125,0
2026-04-01 23:15:00,Lab_219_PC133,In Use,AnonUser_0042,165
2026-04-01 23:15:00,Lab_219_PC134,In Use,AnonUser_0048,75
2026-04-01 23:15:00,Lab_219_PC135,In Use,AnonUser_0082,105
2026-04-01 23:15:00,Lab_219_PC136,In Use,AnonUser_0050,120
2026-04-01 23:15:00,Lab_219_PC137,In Use,AnonUser_0167,15
2026-04-01 23:15:00,Lab_219_PC138,In Use,AnonUser_0076,165
2026-04-01 23:15:00,Lab_219_PC139,In Use,AnonUser_0101,30
2026-04-01 23:15:00,Lab_219_PC140,Idle,AnonUser_0049,15
2026-04-01 23:15:00,Lab_219_PC141,Offline,N/A,N/A
2026-04-01 23:15:00,Lab_219_PC142,In Use,AnonUser_0087,0
2026-04-01 23:15:00,Lab_219_PC143,In Use,AnonUser_0055,0
2026-04-01 23:15:00,Lab_219_PC144,In Use,AnonUser_0168,75
2026-04-01 23:15:00,Lab_219_PC145,In Use,AnonUser_0003,60
2026-04-01 23:15:00,Lab_219_PC146,Idle,AnonUser_0047,150
2026-04-01 23:15:00,Lab_219_PC147,In Use,AnonUser_0098,120
2026-04-01 23:15:00,Lab_219_PC148,In Use,AnonUser_0056,0
2026-04-01 23:15:00,Lab_219_PC149,In Use,AnonUser_0107,105
2026-04-01 23:15:00,Lab_219_PC150,In Use,AnonUser_0045,15
2026-04-01 23:15:00,Lab_219_PC151,In Use,AnonUser_0032,120
2026-04-01 23:15:00,Lab_219_PC152,In Use,AnonUser_0145,30
2026-04-01 23:15:00,Lab_219_PC153,In Use,AnonUser_0154,135
2026-04-01 23:15:00,Lab_219_PC154,Offline,N/A,N/A
2026-04-01 23:15:00,Lab_219_PC155,Offline,N/A,N/A
2026-04-01 23:15:00,Lab_219_PC156,In Use,AnonUser_0061,45
2026-04-01 23:15:00,Lab_219_PC157,Idle,AnonUser_0170,105
2026-04-01 23:15:00,Lab_219_PC158,In Use,AnonUser_0070,0
2026-04-01 23:15:00,Lab_219_PC159,In Use,AnonUser_0127,0
2026-04-01 23:15:00,Lab_219_PC160,Idle,AnonUser_0157,0
2026-04-01 23:15:00,Lab_219_PC161,Idle,AnonUser_0115,120
2026-04-01 23:15:00,Lab_219_PC162,In Use,AnonUser_0151,180
2026-04-01 23:15:00,Lab_219_PC163,Idle,AnonUser_0064,150
2026-04-01 23:15:00,Lab_219_PC164,In Use,AnonUser_0085,135
2026-04-01 23:15:00,Lab_219_PC165,In Use,AnonUser_0052,15
2026-04-01 23:15:00,Lab_219_PC166,In Use,AnonUser_0019,15
2026-04-01 23:15:00,Lab_219_PC167,Idle,AnonUser_0109,75
2026-04-01 23:15:00,Lab_219_PC168,Offline,N/A,N/A
2026-04-01 23:15:00,Lab_219_PC169,Offline,N/A,N/A
2026-04-01 23:15:00,Lab_219_PC170,In Use,AnonUser_0060,90
2026-04-01 23:15:00,Lab_219_PC171,Offline,N/A,N/A
2026-04-01 23:15:00,Lab_219_PC172,Idle,AnonUser_0021,45
2026-04-01 23:15:00,Lab_219_PC173,Idle,AnonUser_0004,225
2026-04-01 23:15:00,Lab_219_PC174,In Use,AnonUser_0059,75
2026-04-01 23:15:00,Lab_219_PC175,Offline,N/A,N/A
2026-04-01 23:15:00,Lab_219_PC176,Idle,AnonUser_0163,90
2026-04-01 23:15:00,Lab_219_PC177,In Use,AnonUser_0120,135
2026-04-01 23:15:00,Lab_219_PC178,In Use,AnonUser_0073,120
2026-04-01 23:15:00,Lab_219_PC179,In Use,AnonUser_0083,105
2026-04-01 23:30:00,Lab_202_PC001,Offline,N/A,N/A
2026-04-01 23:30:00,Lab_202_PC002,In Use,AnonUser_0146,180
2026-04-01 23:30:00,Lab_202_PC003,In Use,AnonUser_0099,60
2026-04-01 23:30:00,Lab_202_PC004,Idle,AnonUser_0078,15
2026-04-01 23:30:00,Lab_202_PC005,In Use,AnonUser_0077,30
2026-04-01 23:30:00,Lab_202_PC006,In Use,AnonUser_0126,120
2026-04-01 23:30:00,Lab_202_PC007,In Use,AnonUser_0018,105
2026-04-01 23:30:00,Lab_202_PC008,In Use,AnonUser_0080,75
2026-04-01 23:30:00,Lab_202_PC009,In Use,AnonUser_0089,60
2026-04-01 23:30:00,Lab_202_PC010,In Use,AnonUser_0007,195
2026-04-01 23:30:00,Lab_202_PC011,Offline,N/A,N/A
2026-04-01 23:30:00,Lab_202_PC012,Offline,N/A,N/A
2026-04-01 23:30:00,Lab_202_PC013,Idle,AnonUser_0138,60
2026-04-01 23:30:00,Lab_202_PC014,In Use,AnonUser_0158,165
2026-04-01 23:30:00,Lab_202_PC015,In Use,AnonUser_0172,75
2026-04-01 23:30:00,Lab_202_PC016,Offline,N/A,N/A
2026-04-01 23:30:00,Lab_202_PC017,Offline,N/A,N/A
2026-04-01 23:30:00,Lab_202_PC018,In Use,AnonUser_0135,150
2026-04-01 23:30:00,Lab_202_PC019,Offline,N/A,N/A
2026-04-01 23:30:00,Lab_202_PC020,In Use,AnonUser_0088,60
2026-04-01 23:30:00,Lab_202_PC021,Idle,AnonUser_0027,75
2026-04-01 23:30:00,Lab_202_PC022,Idle,AnonUser_0130,30
2026-04-01 23:30:00,Lab_202_PC023,In Use,AnonUser_0148,60
2026-04-01 23:30:00,Lab_202_PC024,In Use,AnonUser_0129,30
2026-04-01 23:30:00,Lab_202_PC025,In Use,AnonUser_0161,180
2026-04-01 23:30:00,Lab_202_PC026,In Use,AnonUser_0141,45
2026-04-01 23:30:00,Lab_202_PC027,Offline,N/A,N/A
2026-04-01 23:30:00,Lab_202_PC028,Offline,N/A,N/A
2026-04-01 23:30:00,Lab_202_PC029,Idle,AnonUser_0171,90
2026-04-01 23:30:00,Lab_202_PC030,Offline,N/A,N/A
2026-04-01 23:30:00,Lab_206_PC031,Offline,N/A,N/A
2026-04-01 23:30:00,Lab_206_PC032,Offline,N/A,N/A
2026-04-01 23:30:00,Lab_206_PC033,In Use,AnonUser_0110,105
2026-04-01 23:30:00,Lab_206_PC034,Offline,N/A,N/A
2026-04-01 23:30:00,Lab_206_PC035,In Use,AnonUser_0079,60
2026-04-01 23:30:00,Lab_206_PC036,In Use,AnonUser_0137,105
2026-04-01 23:30:00,Lab_206_PC037,In Use,AnonUser_0072,165
2026-04-01 23:30:00,Lab_206_PC038,Offline,N/A,N/A
2026-04-01 23:30:00,Lab_206_PC039,Offline,N/A,N/A
2026-04-01 23:30:00,Lab_206_PC040,Offline,N/A,N/A
2026-04-01 23:30:00,Lab_206_PC041,Offline,N/A,N/A
2026-04-01 23:30:00,Lab_206_PC042,In Use,AnonUser_0025,90
2026-04-01 23:30:00,Lab_206_PC043,Offline,N/A,N/A
2026-04-01 23:30:00,Lab_206_PC044,In Use,AnonUser_0117,15
2026-04-01 23:30:00,Lab_206_PC045,Offline,N/A,N/A
2026-04-01 23:30:00,Lab_206_PC046,In Use,AnonUser_0112,75
2026-04-01 23:30:00,Lab_206_PC047,Idle,AnonUser_0014,0
2026-04-01 23:30:00,Lab_206_PC048,In Use,AnonUser_0143,90
2026-04-01 23:30:00,Lab_206_PC049,In Use,AnonUser_0132,15
2026-04-01 23:30:00,Lab_206_PC050,In Use,AnonUser_0150,135
2026-04-01 23:30:00,Lab_206_PC051,Offline,N/A,N/A
2026-04-01 23:30:00,Lab_206_PC052,Offline,N/A,N/A
2026-04-01 23:30:00,Lab_206_PC053,In Use,AnonUser_0069,165
2026-04-01 23:30:00,Lab_206_PC054,In Use,AnonUser_0062,120
2026-04-01 23:30:00,Lab_206_PC055,In Use,AnonUser_0174,150
2026-04-01 23:30:00,Lab_206_PC056,In Use,AnonUser_0156,30
2026-04-01 23:30:00,Lab_206_PC057,In Use,AnonUser_0114,75
2026-04-01 23:30:00,Lab_206_PC058,Offline,N/A,N/A
2026-04-01 23:30:00,Lab_206_PC059,In Use,AnonUser_0104,45
2026-04-01 23:30:00,Lab_206_PC060,Idle,AnonUser_0093,90
2026-04-01 23:30:00,Lab_210_PC061,In Use,AnonUser_0159,15
2026-04-01 23:30:00,Lab_210_PC062,In Use,AnonUser_0015,105
2026-04-01 23:30:00,Lab_210_PC063,In Use,AnonUser_0006,180
2026-04-01 23:30:00,Lab_210_PC064,In Use,AnonUser_0165,180
2026-04-01 23:30:00,Lab_210_PC065,In Use,AnonUser_0038,0
2026-04-01 23:30:00,Lab_210_PC066,In Use,AnonUser_0134,60
2026-04-01 23:30:00,Lab_210_PC067,In Use,AnonUser_0028,180
2026-04-01 23:30:00,Lab_210_PC068,Offline,N/A,N/A
2026-04-01 23:30:00,Lab_210_PC069,In Use,AnonUser_0010,45
2026-04-01 23:30:00,Lab_210_PC070,In Use,AnonUser_0067,15
2026-04-01 23:30:00,Lab_210_PC071,In Use,AnonUser_0140,75
2026-04-01 23:30:00,Lab_210_PC072,In Use,AnonUser_0166,0
2026-04-01 23:30:00,Lab_210_PC073,Offline,N/A,N/A
2026-04-01 23:30:00,Lab_210_PC074,In Use,AnonUser_0175,180
2026-04-01 23:30:00,Lab_210_PC075,In Use,AnonUser_0011,105
2026-04-01 23:30:00,Lab_210_PC076,Idle,AnonUser_0118,45
2026-04-01 23:30:00,Lab_210_PC077,Offline,N/A,N/A
2026-04-01 23:30:00,Lab_210_PC078,Offline,N/A,N/A
2026-04-01 23:30:00,Lab_210_PC079,Offline,N/A,N/A
2026-04-01 23:30:00,Lab_210_PC080,In Use,AnonUser_0022,0
2026-04-01 23:30:00,Lab_210_PC081,In Use,AnonUser_0176,180
2026-04-01 23:30:00,Lab_219_PC082,In Use,AnonUser_0160,60
2026-04-01 23:30:00,Lab_219_PC083,In Use,AnonUser_0043,195
2026-04-01 23:30:00,Lab_219_PC084,In Use,AnonUser_0177,30
2026-04-01 23:30:00,Lab_219_PC085,Offline,N/A,N/A
2026-04-01 23:30:00,Lab_219_PC086,Offline,N/A,N/A
2026-04-01 23:30:00,Lab_219_PC087,In Use,AnonUser_0096,180
2026-04-01 23:30:00,Lab_219_PC088,Offline,N/A,N/A
2026-04-01 23:30:00,Lab_219_PC089,Offline,N/A,N/A
2026-04-01 23:30:00,Lab_219_PC090,In Use,AnonUser_0036,45
2026-04-01 23:30:00,Lab_219_PC091,In Use,AnonUser_0090,60
2026-04-01 23:30:00,Lab_219_PC092,In Use,AnonUser_0097,75
2026-04-01 23:30:00,Lab_219_PC093,Offline,N/A,N/A
2026-04-01 23:30:00,Lab_219_PC094,Offline,N/A,N/A
2026-04-01 23:30:00,Lab_219_PC095,Offline,N/A,N/A
2026-04-01 23:30:00,Lab_219_PC096,Offline,N/A,N/A
2026-04-01 23:30:00,Lab_219_PC097,In Use,AnonUser_0173,105
2026-04-01 23:30:00,Lab_219_PC098,In Use,AnonUser_0029,15
2026-04-01 23:30:00,Lab_219_PC099,In Use,AnonUser_0095,75
2026-04-01 23:30:00,Lab_219_PC100,In Use,AnonUser_0155,15
2026-04-01 23:30:00,Lab_219_PC101,In Use,AnonUser_0100,180
2026-04-01 23:30:00,Lab_219_PC102,In Use,AnonUser_0142,45
2026-04-01 23:30:00,Lab_219_PC103,In Use,AnonUser_0044,0
2026-04-01 23:30:00,Lab_219_PC104,Idle,AnonUser_0054,45
2026-04-01 23:30:00,Lab_219_PC105,In Use,AnonUser_0012,30
2026-04-01 23:30:00,Lab_219_PC106,In Use,AnonUser_0037,75
2026-04-01 23:30:00,Lab_219_PC107,Offline,N/A,N/A
2026-04-01 23:30:00,Lab_219_PC108,In Use,AnonUser_0063,45
2026-04-01 23:30:00,Lab_219_PC109,Offline,N/A,N/A
2026-04-01 23:30:00,Lab_219_PC110,In Use,AnonUser_0024,135
2026-04-01 23:30:00,Lab_219_PC111,Offline,N/A,N/A
2026-04-01 23:30:00,Lab_219_PC112,In Use,AnonUser_0122,30
2026-04-01 23:30:00,Lab_219_PC113,Offline,N/A,N/A
2026-04-01 23:30:00,Lab_219_PC114,In Use,AnonUser_0009,45
2026-04-01 23:30:00,Lab_219_PC115,Offline,N/A,N/A
2026-04-01 23:30:00,Lab_219_PC116,Offline,N/A,N/A
2026-04-01 23:30:00,Lab_219_PC117,Idle,AnonUser_0106,75
2026-04-01 23:30:00,Lab_219_PC118,Idle,AnonUser_0103,15
2026-04-01 23:30:00,Lab_219_PC119,Offline,N/A,N/A
2026-04-01 23:30:00,Lab_219_PC120,Offline,N/A,N/A
2026-04-01 23:30:00,Lab_219_PC121,Offline,N/A,N/A
2026-04-01 23:30:00,Lab_219_PC122,In Use,AnonUser_0153,0
2026-04-01 23:30:00,Lab_219_PC123,In Use,AnonUser_0001,75
2026-04-01 23:30:00,Lab_219_PC124,In Use,AnonUser_0092,45
2026-04-01 23:30:00,Lab_219_PC125,In Use,AnonUser_0084,75
2026-04-01 23:30:00,Lab_219_PC126,Idle,AnonUser_0086,105
2026-04-01 23:30:00,Lab_219_PC127,In Use,AnonUser_0046,0
2026-04-01 23:30:00,Lab_219_PC128,In Use,AnonUser_0102,75
2026-04-01 23:30:00,Lab_219_PC129,In Use,AnonUser_0111,90
2026-04-01 23:30:00,Lab_219_PC130,Offline,N/A,N/A
2026-04-01 23:30:00,Lab_219_PC131,In Use,AnonUser_0008,75
2026-04-01 23:30:00,Lab_219_PC132,Offline,N/A,N/A
2026-04-01 23:30:00,Lab_219_PC133,In Use,AnonUser_0042,150
2026-04-01 23:30:00,Lab_219_PC134,In Use,AnonUser_0048,60
2026-04-01 23:30:00,Lab_219_PC135,In Use,AnonUser_0082,90
2026-04-01 23:30:00,Lab_219_PC136,In Use,AnonUser_0050,105
2026-04-01 23:30:00,Lab_219_PC137,In Use,AnonUser_0167,0
2026-04-01 23:30:00,Lab_219_PC138,Idle,AnonUser_0076,150
2026-04-01 23:30:00,Lab_219_PC139,In Use,AnonUser_0101,15
2026-04-01 23:30:00,Lab_219_PC140,In Use,AnonUser_0049,0
2026-04-01 23:30:00,Lab_219_PC141,Offline,N/A,N/A
2026-04-01 23:30:00,Lab_219_PC142,Offline,N/A,N/A
2026-04-01 23:30:00,Lab_219_PC143,Offline,N/A,N/A
2026-04-01 23:30:00,Lab_219_PC144,In Use,AnonUser_0168,60
2026-04-01 23:30:00,Lab_219_PC145,In Use,AnonUser_0003,45
2026-04-01 23:30:00,Lab_219_PC146,In Use,AnonUser_0047,135
2026-04-01 23:30:00,Lab_219_PC147,Idle,AnonUser_0098,105
2026-04-01 23:30:00,Lab_219_PC148,Offline,N/A,N/A
2026-04-01 23:30:00,Lab_219_PC149,In Use,AnonUser_0107,90
2026-04-01 23:30:00,Lab_219_PC150,In Use,AnonUser_0045,0
2026-04-01 23:30:00,Lab_219_PC151,In Use,AnonUser_0032,105
2026-04-01 23:30:00,Lab_219_PC152,In Use,AnonUser_0145,15
2026-04-01 23:30:00,Lab_219_PC153,Idle,AnonUser_0154,120
2026-04-01 23:30:00,Lab_219_PC154,Offline,N/A,N/A
2026-04-01 23:30:00,Lab_219_PC155,Idle,AnonUser_0128,225
2026-04-01 23:30:00,Lab_219_PC156,In Use,AnonUser_0061,30
2026-04-01 23:30:00,Lab_219_PC157,In Use,AnonUser_0170,90
2026-04-01 23:30:00,Lab_219_PC158,Offline,N/A,N/A
2026-04-01 23:30:00,Lab_219_PC159,Offline,N/A,N/A
2026-04-01 23:30:00,Lab_219_PC160,In Use,AnonUser_0058,210
2026-04-01 23:30:00,Lab_219_PC161,Idle,AnonUser_0115,105
2026-04-01 23:30:00,Lab_219_PC162,In Use,AnonUser_0151,165
2026-04-01 23:30:00,Lab_219_PC163,Idle,AnonUser_0064,135
2026-04-01 23:30:00,Lab_219_PC164,In Use,AnonUser_0085,120
2026-04-01 23:30:00,Lab_219_PC165,In Use,AnonUser_0052,0
2026-04-01 23:30:00,Lab_219_PC166,In Use,AnonUser_0019,0
2026-04-01 23:30:00,Lab_219_PC167,In Use,AnonUser_0109,60
2026-04-01 23:30:00,Lab_219_PC168,Offline,N/A,N/A
2026-04-01 23:30:00,Lab_219_PC169,Offline,N/A,N/A
2026-04-01 23:30:00,Lab_219_PC170,In Use,AnonUser_0060,75
2026-04-01 23:30:00,Lab_219_PC171,Offline,N/A,N/A
2026-04-01 23:30:00,Lab_219_PC172,In Use,AnonUser_0021,30
2026-04-01 23:30:00,Lab_219_PC173,In Use,AnonUser_0004,210
2026-04-01 23:30:00,Lab_219_PC174,In Use,AnonUser_0059,60
2026-04-01 23:30:00,Lab_219_PC175,Offline,N/A,N/A
2026-04-01 23:30:00,Lab_219_PC176,In Use,AnonUser_0163,75
2026-04-01 23:30:00,Lab_219_PC177,In Use,AnonUser_0120,120
2026-04-01 23:30:00,Lab_219_PC178,Idle,AnonUser_0073,105
2026-04-01 23:30:00,Lab_219_PC179,In Use,AnonUser_0083,90
2026-04-01 23:45:00,Lab_202_PC001,Idle,AnonUser_0071,60
2026-04-01 23:45:00,Lab_202_PC002,In Use,AnonUser_0146,165
2026-04-01 23:45:00,Lab_202_PC003,Idle,AnonUser_0099,45
2026-04-01 23:45:00,Lab_202_PC004,In Use,AnonUser_0078,0
2026-04-01 23:45:00,Lab_202_PC005,In Use,AnonUser_0077,15
2026-04-01 23:45:00,Lab_202_PC006,In Use,AnonUser_0126,105
2026-04-01 23:45:00,Lab_202_PC007,Idle,AnonUser_0018,90
2026-04-01 23:45:00,Lab_202_PC008,In Use,AnonUser_0080,60
2026-04-01 23:45:00,Lab_202_PC009,In Use,AnonUser_0089,45
2026-04-01 23:45:00,Lab_202_PC010,In Use,AnonUser_0007,180
2026-04-01 23:45:00,Lab_202_PC011,Offline,N/A,N/A
2026-04-01 23:45:00,Lab_202_PC012,Offline,N/A,N/A
2026-04-01 23:45:00,Lab_202_PC013,In Use,AnonUser_0138,45
2026-04-01 23:45:00,Lab_202_PC014,In Use,AnonUser_0158,150
2026-04-01 23:45:00,Lab_202_PC015,In Use,AnonUser_0172,60
2026-04-01 23:45:00,Lab_202_PC016,Idle,AnonUser_0005,135
2026-04-01 23:45:00,Lab_202_PC017,Offline,N/A,N/A
2026-04-01 23:45:00,Lab_202_PC018,In Use,AnonUser_0135,135
2026-04-01 23:45:00,Lab_202_PC019,Offline,N/A,N/A
2026-04-01 23:45:00,Lab_202_PC020,In Use,AnonUser_0088,45
2026-04-01 23:45:00,Lab_202_PC021,Idle,AnonUser_0027,60
2026-04-01 23:45:00,Lab_202_PC022,In Use,AnonUser_0130,15
2026-04-01 23:45:00,Lab_202_PC023,In Use,AnonUser_0148,45
2026-04-01 23:45:00,Lab_202_PC024,In Use,AnonUser_0129,15
2026-04-01 23:45:00,Lab_202_PC025,In Use,AnonUser_0161,165
2026-04-01 23:45:00,Lab_202_PC026,In Use,AnonUser_0141,30
2026-04-01 23:45:00,Lab_202_PC027,Idle,AnonUser_0074,0
2026-04-01 23:45:00,Lab_202_PC028,Offline,N/A,N/A
2026-04-01 23:45:00,Lab_202_PC029,In Use,AnonUser_0171,75
2026-04-01 23:45:00,Lab_202_PC030,Offline,N/A,N/A
2026-04-01 23:45:00,Lab_206_PC031,Offline,N/A,N/A
2026-04-01 23:45:00,Lab_206_PC032,Offline,N/A,N/A
2026-04-01 23:45:00,Lab_206_PC033,In Use,AnonUser_0110,90
2026-04-01 23:45:00,Lab_206_PC034,Offline,N/A,N/A
2026-04-01 23:45:00,Lab_206_PC035,Idle,AnonUser_0079,45
2026-04-01 23:45:00,Lab_206_PC036,In Use,AnonUser_0137,90
2026-04-01 23:45:00,Lab_206_PC037,In Use,AnonUser_0072,150
2026-04-01 23:45:00,Lab_206_PC038,In Use,AnonUser_0081,75
2026-04-01 23:45:00,Lab_206_PC039,In Use,AnonUser_0041,45
2026-04-01 23:45:00,Lab_206_PC040,In Use,AnonUser_0162,195
2026-04-01 23:45:00,Lab_206_PC041,Offline,N/A,N/A
2026-04-01 23:45:00,Lab_206_PC042,In Use,AnonUser_0025,75
2026-04-01 23:45:00,Lab_206_PC043,Offline,N/A,N/A
2026-04-01 23:45:00,Lab_206_PC044,Idle,AnonUser_0117,0
2026-04-01 23:45:00,Lab_206_PC045,Offline,N/A,N/A
2026-04-01 23:45:00,Lab_206_PC046,In Use,AnonUser_0112,60
2026-04-01 23:45:00,Lab_206_PC047,In Use,AnonUser_0169,15
2026-04-01 23:45:00,Lab_206_PC048,Idle,AnonUser_0143,75
2026-04-01 23:45:00,Lab_206_PC049,In Use,AnonUser_0132,0
2026-04-01 23:45:00,Lab_206_PC050,Idle,AnonUser_0150,120
2026-04-01 23:45:00,Lab_206_PC051,Offline,N/A,N/A
2026-04-01 23:45:00,Lab_206_PC052,Offline,N/A,N/A
2026-04-01 23:45:00,Lab_206_PC053,Idle,AnonUser_0069,150
2026-04-01 23:45:00,Lab_206_PC054,In Use,AnonUser_0062,105
2026-04-01 23:45:00,Lab_206_PC055,In Use,AnonUser_0174,135
2026-04-01 23:45:00,Lab_206_PC056,Idle,AnonUser_0156,15
2026-04-01 23:45:00,Lab_206_PC057,Idle,AnonUser_0114,60
2026-04-01 23:45:00,Lab_206_PC058,Offline,N/A,N/A
2026-04-01 23:45:00,Lab_206_PC059,In Use,AnonUser_0104,30
2026-04-01 23:45:00,Lab_206_PC060,In Use,AnonUser_0093,75
2026-04-01 23:45:00,Lab_210_PC061,In Use,AnonUser_0159,0
2026-04-01 23:45:00,Lab_210_PC062,In Use,AnonUser_0015,90
2026-04-01 23:45:00,Lab_210_PC063,In Use,AnonUser_0006,165
2026-04-01 23:45:00,Lab_210_PC064,In Use,AnonUser_0165,165
2026-04-01 23:45:00,Lab_210_PC065,In Use,AnonUser_0178,180
2026-04-01 23:45:00,Lab_210_PC066,In Use,AnonUser_0134,45
2026-04-01 23:45:00,Lab_210_PC067,In Use,AnonUser_0028,165
2026-04-01 23:45:00,Lab_210_PC068,Offline,N/A,N/A
2026-04-01 23:45:00,Lab_210_PC069,Idle,AnonUser_0010,30
2026-04-01 23:45:00,Lab_210_PC070,In Use,AnonUser_0067,0
2026-04-01 23:45:00,Lab_210_PC071,Idle,AnonUser_0140,60
2026-04-01 23:45:00,Lab_210_PC072,Offline,N/A,N/A
2026-04-01 23:45:00,Lab_210_PC073,Offline,N/A,N/A
2026-04-01 23:45:00,Lab_210_PC074,In Use,AnonUser_0175,165
2026-04-01 23:45:00,Lab_210_PC075,In Use,AnonUser_0011,90
2026-04-01 23:45:00,Lab_210_PC076,In Use,AnonUser_0118,30
2026-04-01 23:45:00,Lab_210_PC077,Offline,N/A,N/A
2026-04-01 23:45:00,Lab_210_PC078,Offline,N/A,N/A
2026-04-01 23:45:00,Lab_210_PC079,Offline,N/A,N/A
2026-04-01 23:45:00,Lab_210_PC080,Offline,N/A,N/A
2026-04-01 23:45:00,Lab_210_PC081,In Use,AnonUser_0176,165
2026-04-01 23:45:00,Lab_219_PC082,In Use,AnonUser_0160,45
2026-04-01 23:45:00,Lab_219_PC083,In Use,AnonUser_0043,180
2026-04-01 23:45:00,Lab_219_PC084,In Use,AnonUser_0177,15
2026-04-01 23:45:00,Lab_219_PC085,Offline,N/A,N/A
2026-04-01 23:45:00,Lab_219_PC086,Offline,N/A,N/A
2026-04-01 23:45:00,Lab_219_PC087,In Use,AnonUser_0096,165
2026-04-01 23:45:00,Lab_219_PC088,Idle,AnonUser_0066,105
2026-04-01 23:45:00,Lab_219_PC089,In Use,AnonUser_0057,150
2026-04-01 23:45:00,Lab_219_PC090,In Use,AnonUser_0036,30
2026-04-01 23:45:00,Lab_219_PC091,In Use,AnonUser_0090,45
2026-04-01 23:45:00,Lab_219_PC092,In Use,AnonUser_0097,60
2026-04-01 23:45:00,Lab_219_PC093,Offline,N/A,N/A
2026-04-01 23:45:00,Lab_219_PC094,Idle,AnonUser_0144,75
2026-04-01 23:45:00,Lab_219_PC095,Offline,N/A,N/A
2026-04-01 23:45:00,Lab_219_PC096,Offline,N/A,N/A
2026-04-01 23:45:00,Lab_219_PC097,In Use,AnonUser_0173,90
2026-04-01 23:45:00,Lab_219_PC098,In Use,AnonUser_0029,0
2026-04-01 23:45:00,Lab_219_PC099,In Use,AnonUser_0095,60
2026-04-01 23:45:00,Lab_219_PC100,Idle,AnonUser_0155,0
2026-04-01 23:45:00,Lab_219_PC101,In Use,AnonUser_0100,165
2026-04-01 23:45:00,Lab_219_PC102,In Use,AnonUser_0142,30
2026-04-01 23:45:00,Lab_219_PC103,Offline,N/A,N/A
2026-04-01 23:45:00,Lab_219_PC104,In Use,AnonUser_0054,30
2026-04-01 23:45:00,Lab_219_PC105,In Use,AnonUser_0012,15
2026-04-01 23:45:00,Lab_219_PC106,In Use,AnonUser_0037,60
2026-04-01 23:45:00,Lab_219_PC107,Offline,N/A,N/A
2026-04-01 23:45:00,Lab_219_PC108,In Use,AnonUser_0063,30
2026-04-01 23:45:00,Lab_219_PC109,Offline,N/A,N/A
2026-04-01 23:45:00,Lab_219_PC110,In Use,AnonUser_0024,120
2026-04-01 23:45:00,Lab_219_PC111,Offline,N/A,N/A
2026-04-01 23:45:00,Lab_219_PC112,In Use,AnonUser_0122,15
2026-04-01 23:45:00,Lab_219_PC113,Offline,N/A,N/A
2026-04-01 23:45:00,Lab_219_PC114,In Use,AnonUser_0009,30
2026-04-01 23:45:00,Lab_219_PC115,Offline,N/A,N/A
2026-04-01 23:45:00,Lab_219_PC116,Offline,N/A,N/A
2026-04-01 23:45:00,Lab_219_PC117,In Use,AnonUser_0106,60
2026-04-01 23:45:00,Lab_219_PC118,In Use,AnonUser_0103,0
2026-04-01 23:45:00,Lab_219_PC119,Idle,AnonUser_0157,45
2026-04-01 23:45:00,Lab_219_PC120,Offline,N/A,N/A
2026-04-01 23:45:00,Lab_219_PC121,In Use,AnonUser_0016,45
2026-04-01 23:45:00,Lab_219_PC122,Offline,N/A,N/A
2026-04-01 23:45:00,Lab_219_PC123,In Use,AnonUser_0001,60
2026-04-01 23:45:00,Lab_219_PC124,In Use,AnonUser_0092,30
2026-04-01 23:45:00,Lab_219_PC125,Idle,AnonUser_0084,60
2026-04-01 23:45:00,Lab_219_PC126,In Use,AnonUser_0086,90
2026-04-01 23:45:00,Lab_219_PC127,Offline,N/A,N/A
2026-04-01 23:45:00,Lab_219_PC128,In Use,AnonUser_0102,60
2026-04-01 23:45:00,Lab_219_PC129,In Use,AnonUser_0111,75
2026-04-01 23:45:00,Lab_219_PC130,Offline,N/A,N/A
2026-04-01 23:45:00,Lab_219_PC131,In Use,AnonUser_0008,60
2026-04-01 23:45:00,Lab_219_PC132,Offline,N/A,N/A
2026-04-01 23:45:00,Lab_219_PC133,In Use,AnonUser_0042,135
2026-04-01 23:45:00,Lab_219_PC134,In Use,AnonUser_0048,45
2026-04-01 23:45:00,Lab_219_PC135,In Use,AnonUser_0082,75
2026-04-01 23:45:00,Lab_219_PC136,In Use,AnonUser_0050,90
2026-04-01 23:45:00,Lab_219_PC137,Offline,N/A,N/A
2026-04-01 23:45:00,Lab_219_PC138,In Use,AnonUser_0076,135
2026-04-01 23:45:00,Lab_219_PC139,In Use,AnonUser_0101,0
2026-04-01 23:45:00,Lab_219_PC140,Offline,N/A,N/A
2026-04-01 23:45:00,Lab_219_PC141,Offline,N/A,N/A
2026-04-01 23:45:00,Lab_219_PC142,Offline,N/A,N/A
2026-04-01 23:45:00,Lab_219_PC143,Offline,N/A,N/A
2026-04-01 23:45:00,Lab_219_PC144,In Use,AnonUser_0168,45
2026-04-01 23:45:00,Lab_219_PC145,In Use,AnonUser_0003,30
2026-04-01 23:45:00,Lab_219_PC146,In Use,AnonUser_0047,120
2026-04-01 23:45:00,Lab_219_PC147,Idle,AnonUser_0098,90
2026-04-01 23:45:00,Lab_219_PC148,Offline,N/A,N/A
2026-04-01 23:45:00,Lab_219_PC149,In Use,AnonUser_0107,75
2026-04-01 23:45:00,Lab_219_PC150,Offline,N/A,N/A
2026-04-01 23:45:00,Lab_219_PC151,In Use,AnonUser_0032,90
2026-04-01 23:45:00,Lab_219_PC152,In Use,AnonUser_0145,0
2026-04-01 23:45:00,Lab_219_PC153,In Use,AnonUser_0154,105
2026-04-01 23:45:00,Lab_219_PC154,Offline,N/A,N/A
2026-04-01 23:45:00,Lab_219_PC155,In Use,AnonUser_0128,210
2026-04-01 23:45:00,Lab_219_PC156,In Use,AnonUser_0061,15
2026-04-01 23:45:00,Lab_219_PC157,In Use,AnonUser_0170,75
2026-04-01 23:45:00,Lab_219_PC158,Offline,N/A,N/A
2026-04-01 23:45:00,Lab_219_PC159,Offline,N/A,N/A
2026-04-01 23:45:00,Lab_219_PC160,In Use,AnonUser_0058,195
2026-04-01 23:45:00,Lab_219_PC161,In Use,AnonUser_0115,90
2026-04-01 23:45:00,Lab_219_PC162,In Use,AnonUser_0151,150
2026-04-01 23:45:00,Lab_219_PC163,Idle,AnonUser_0064,120
2026-04-01 23:45:00,Lab_219_PC164,In Use,AnonUser_0085,105
2026-04-01 23:45:00,Lab_219_PC165,Offline,N/A,N/A
2026-04-01 23:45:00,Lab_219_PC166,Idle,AnonUser_0131,165
2026-04-01 23:45:00,Lab_219_PC167,In Use,AnonUser_0109,45
2026-04-01 23:45:00,Lab_219_PC168,In Use,AnonUser_0152,0
2026-04-01 23:45:00,Lab_219_PC169,Offline,N/A,N/A
2026-04-01 23:45:00,Lab_219_PC170,In Use,AnonUser_0060,60
2026-04-01 23:45:00,Lab_219_PC171,In Use,AnonUser_0123,180
2026-04-01 23:45:00,Lab_219_PC172,In Use,AnonUser_0021,15
2026-04-01 23:45:00,Lab_219_PC173,In Use,AnonUser_0004,195
2026-04-01 23:45:00,Lab_219_PC174,In Use,AnonUser_0059,45
2026-04-01 23:45:00,Lab_219_PC175,Offline,N/A,N/A
2026-04-01 23:45:00,Lab_219_PC176,In Use,AnonUser_0163,60
2026-04-01 23:45:00,Lab_219_PC177,In Use,AnonUser_0120,105
2026-04-01 23:45:00,Lab_219_PC178,Idle,AnonUser_0073,90
2026-04-01 23:45:00,Lab_219_PC179,In Use,AnonUser_0083,75
